"","fips","usps","cendiv","cenreg","year","shoot","adjshoot","prisoners","inc","unemp","divorced","highschool","veteran","legis_control","biennium","pop_all","urban_pct","black_pct","hisp_pct","elder_pct","under25_pct","gun_murder_rate","police_emp","hunters","laws","bills","laws_tighten","laws_loosen","demleg","repgov","repleg","splleg","had_reg_session","fatal","adjfatal","pc_fatal","news","fatalXdemleg","shootXdemleg","fatalXrepleg","shootXrepleg","fatalXsplleg","shootXsplleg","handgun_wait","longgun_wait","transaction_age","possess_age","buysell_atleast18","buysell_atleast21","possess_atleast18","possess_atleast21","handgun_permit","bgcheck_none","bgcheck_handgun","bgcheck_all","assault_ban_any","magban","ccw_none","ccw_shall","ccw_may","ccw_ban","pct_0to14","pct_15to17","pct_18to24","pct_25to34","all_gun_acc","all_gun_hom","all_gun_sui","all_gun_unk","all_sui","cook"
"1",1,"AL",6,3,1989,0,0,3.28964182157527,13.7032,7.03846168518066,10.95432472229,63.2395095825195,14.2106533050537,1,1,4030226,45.5173153765399,25.2731296410204,0.625324268174339,12.7687195550421,37.707953701829,8.47587844301583,2.67503608978752,69.6293458480988,0,2,NA,NA,1,1,0,0,1,0,0,0,0,0,0,0,0,0,0,2,0,18,0,1,0,0,0,0,1,0,0,0,0,0,0,1,0,21.9035396575928,4.60305213928223,11.200403213501,16.2066078186035,45,342,397,13,506,78.4584980237154
"2",1,"AL",6,3,1990,0,1,3.65220965353162,13.7419,6.76923084259033,11.1957578659058,65.8820724487305,13.1772041320801,1,0,4048508,45.5370964664293,25.2801031886315,0.61244784498388,12.8897855703879,36.9730033879148,9.42219676662851,2.778554469943,65.4823949958849,4,9,1,0,1,1,0,0,1,0,11,0,0,0,0,0,0,0,0,2,0,18,0,1,0,0,0,0,1,0,0,0,0,0,0,1,0,21.4608688354492,4.46571731567383,11.0655288696289,16.0855102539062,77,381,433,20,514,84.2412451361868
"3",1,"AL",6,3,1991,0,0,3.96282105340349,13.7568,7.33846139907837,10.03892993927,67.3009414672852,12.8101453781128,1,1,4091025,45.3484966666528,25.3420597527514,0.618964684889484,12.9337757652422,36.7526964513783,10.3130309656678,2.8890070336896,66.4601169633527,8,18,3,1,1,1,0,0,1,0,0,0,0,0,0,0,0,0,0,2,0,18,0,1,0,0,0,0,1,0,0,0,0,0,0,1,0,21.4785194396973,4.3998327255249,10.9623546600342,15.7741498947144,64,424,424,16,539,78.6641929499072
"4",1,"AL",6,3,1992,1,0,4.13261375378116,14.1903,7.56923055648804,10.7995824813843,73.1217269897461,13.2959079742432,1,0,4139269,45.1598968668764,25.4649069678728,0.639315782569338,12.9782577551737,36.5455832901896,9.31251276861005,2.89954578936522,66.3283782716224,6,15,3,0,1,1,0,0,1,4,0,0.0966354204087727,0.0638888888888889,0,0,0,0,0,0,2,0,18,0,1,0,0,0,0,1,0,0,0,0,0,0,1,0,21.4142265319824,4.41315317153931,10.8825340270996,15.4066886901855,72,387,396,16,523,75.717017208413
"5",1,"AL",6,3,1993,0,0,4.30181483260412,14.206,7.33076906204224,10.4198637008667,76.0245361328125,13.8479204177856,1,1,4193114,44.9712970671,25.5663690517358,0.674653729900976,13.0035100405093,36.3367177710885,9.77181391430404,2.96414550141017,66.0361249419882,6,21,1,0,1,0,0,0,1,0,0,0,0,4,1,0,0,0,0,2,0,18,0,1,0,0,0,0,1,0,0,0,0,0,0,1,0,21.3547668457031,4.40588760375977,10.8128652572632,15.0876722335815,85,412,429,16,551,77.8584392014519
"6",1,"AL",6,3,1994,0,0,4.51173113881168,14.5064,6.2153844833374,11.6549129486084,72.4810638427734,12.616771697998,1,0,4232965,44.7826972673236,25.6880933341051,0.724622102946752,13.01806180774,36.0644371025983,10.134999602342,2.99600870784427,65.2580401680619,9,26,2,0,1,0,0,0,1,0,0,0,0,0,0,0,0,0,0,2,0,18,0,1,0,0,0,0,1,0,0,0,0,0,0,1,0,21.295051574707,4.45896196365356,10.6222457885742,14.8201894760132,78,432,399,33,532,75
"7",1,"AL",6,3,1995,0,1,4.72584359651125,14.7917,5.9769229888916,12.0535736083984,74.4085540771484,13.5703144073486,1,1,4262731,44.5940974675471,25.7840102976238,0.775136878212582,13.0616029958259,35.8421866169833,9.3045305387486,3.14774730096738,64.2949320517762,12,21,2,2,1,1,0,0,1,0,4,0,0,0,0,0,0,0,0,2,0,18,0,1,0,0,0,0,1,0,0,0,0,0,0,1,0,21.3066463470459,4.53940153121948,10.3747444152832,14.5889730453491,80,400,430,20,563,76.3765541740675
"8",1,"AL",6,3,1996,0,1,4.95035081786023,14.869,5.23076915740967,13.2544193267822,75.7076721191406,11.0405302047729,1,0,4290403,44.4054976677707,25.8170153246676,0.836494846754489,13.0866261281283,35.3518538934454,8.81358325456097,3.25284128320813,62.7206814837674,7,23,1,1,1,1,0,0,1,0,11,0,0,0,0,0,0,0,0,2,0,18,0,1,0,0,0,0,1,0,0,0,0,0,0,1,0,21.1209526062012,4.55593061447144,10.1312322616577,14.4819955825806,62,382,400,24,513,77.9727095516569
"9",1,"AL",6,3,1997,0,1,5.09804802048756,15.1801,4.99230766296387,13.873046875,77.5776443481445,11.5810890197754,1,1,4320281,44.2168978679942,25.936461077416,0.910588917711603,13.0786863169317,35.142621510036,8.48875068928198,2.999110474527,61.6594152093348,12,22,4,1,1,1,0,0,1,0,8,0,0,0,0,0,0,0,0,2,0,18,0,1,0,0,0,0,1,0,0,0,0,0,0,1,0,21.1455078125,4.56213283538818,9.95790958404541,14.2373456954956,62,371,391,21,512,76.3671875
"10",1,"AL",6,3,1998,0,1,5.1672739165399,15.8422,4.40769243240356,11.2646913528442,78.7614288330078,11.5766334533691,1,0,4351037,44.0282980682178,25.9866096289229,0.978134637788647,13.0287791163348,34.7774105345461,7.39497658786707,3.37942426138872,62.8599572929396,2,13,0,0,1,1,0,0,1,0,8,0,0,0,0,0,0,0,0,2,0,18,0,1,0,0,0,0,1,0,0,0,0,0,0,1,0,20.9346790313721,4.45301485061646,9.98383331298828,14.0135049819946,42,327,437,12,569,76.8014059753954
"11",1,"AL",6,3,1999,0,1,5.41596050401592,16.0198,4.73076915740967,10.1499643325806,81.0995559692383,11.4344596862793,1,1,4369862,43.8396982684414,26.0586261076437,1.03776732537549,12.9970237046387,34.456717397483,6.61378497885282,3.4124647414495,62.3646696394531,6,16,1,1,1,0,0,0,1,0,14,0,0,0,0,0,0,0,0,2,0,18,0,1,0,0,0,0,1,0,0,0,0,0,0,1,0,20.9489498138428,4.36146402359009,9.94893836975098,13.7314586639404,51,293,435,8,555,78.3783783783784
"12",1,"AL",6,3,2000,0,1,5.73472773856721,16.2475,4.5846152305603,13.2001953125,77.4567794799805,11.1598625183105,1,0,4452173,43.651098468665,26.08735105307,1.72985191725479,13.0471120506773,35.1405257612406,6.61104989768613,3.39452218051724,61.0634402571508,9,24,1,1,1,0,0,0,1,0,8,0,0,0,0,0,0,0,0,1.16393446922302,0,18,0,1,0,0,0,0,1,0,0,0,0,0,0,1,0,20.8827247619629,4.3245849609375,9.93321704864502,13.4733762741089,34,294,427,9,583,73.2418524871355
"13",1,"AL",6,3,2001,0,0,5.9478909865938,16.3868,5.12307691574097,13.0412015914917,80.2081069946289,11.2391796112061,1,1,4467634,44.1509100316838,26.1302291100838,1.918733719011,13.068013181026,35.1052033358149,6.75973009427361,3.42530296796918,62.2369692772506,8,26,0,2,1,0,0,0,1,0,0,0,0,0,0,0,0,0,0,0,0,18,0,1,0,0,0,0,1,0,0,0,0,0,0,1,0,20.7663612365723,4.31199169158936,10.0268507003784,13.1825704574585,41,302,387,7,512,75.5859375
"14",1,"AL",6,3,2002,0,0,6.10345017699425,16.5149,5.90000009536743,12.3726902008057,78.8699722290039,10.8283233642578,1,0,4480089,44.6507215947028,26.1528733022938,2.10216805960774,13.0712805035793,34.9824969995016,6.51772766121387,3.03855570726385,61.078697320522,3,10,0,0,1,0,0,0,1,0,0,0,0,0,0,0,0,0,0,0,0,18,0,1,0,0,0,0,1,0,0,0,0,0,0,1,0,20.617582321167,4.30580711364746,10.0591077804565,13.0281114578247,45,292,381,6,514,74.124513618677
"15",1,"AL",6,3,2003,1,1,6.20185540506243,16.7445,6.01538467407227,11.8811454772949,79.8642120361328,11.3363285064697,1,1,4503491,45.1505331577216,26.1663229703357,2.29759535435954,13.1092079455693,34.8536724065841,7.15000873766596,3.39425570074416,60.004338856234,8,11,2,1,1,1,0,0,1,4,10,0.0888199843188318,0.025,0,0,0,0,0,0,0,0,18,0,1,0,0,0,0,1,0,0,0,0,0,0,1,0,20.4506683349609,4.26533555984497,10.1376686096191,12.9479331970215,38,322,399,5,521,76.5834932821497
"16",1,"AL",6,3,2004,0,1,5.93723438325267,17.3576,5.68461513519287,12.0797920227051,82.4452209472656,10.1499490737915,1,0,4530729,45.6503447207405,26.1850797079234,2.5003481779643,13.1066325088082,34.6874862742839,5.7827338602684,3.19507081531471,60.3960201548139,8,14,1,0,1,1,0,0,1,0,4,0,0,4,1,0,0,0,0,0,0,18,0,1,0,0,0,0,1,0,0,0,0,0,0,1,0,20.3003101348877,4.27988529205322,10.107292175293,12.8844604492188,31,262,375,9,541,69.3160813308688
"17",1,"AL",6,3,2005,0,0,5.86283222150617,17.5628,4.49230766296387,12.5949945449829,80.9185409545898,9.8298864364624,1,1,4569805,46.1501562837594,26.1950345802501,2.73145134201569,13.1756606682342,34.4740968159473,6.98060420521226,2.79793120275373,59.133595415997,3,10,0,2,1,1,0,0,1,0,0,0,0,0,0,0,0,0,0,0,0,18,0,1,0,0,0,0,1,0,0,0,0,0,0,1,0,20.086612701416,4.36145544052124,10.026029586792,12.8196058273315,37,319,369,6,535,68.9719626168224
"18",1,"AL",6,3,2006,0,0,6.04215052945778,17.8158,4.03076934814453,12.8520746231079,82.0613021850586,11.6505432128906,1,0,4628981,46.6499678467783,26.2580684604236,2.97780440230798,13.2443835911187,34.2604992329845,7.1938078812594,3.39318739912737,57.7565559245113,5,12,1,1,1,1,0,0,1,0,0,0,0,0,0,0,0,0,0,0,0,18,0,1,0,0,0,0,1,0,0,0,0,0,0,1,0,19.9324645996094,4.40978240966797,9.91825199127197,12.7687063217163,37,333,400,8,580,68.9655172413793
"19",1,"AL",6,3,2007,0,0,6.16883950659556,17.958,3.98461532592773,12.5689392089844,84.1399002075195,10.5956449508667,1,1,4672840,47.1497794097972,26.2713895618082,3.22399226166528,13.312460944522,34.13966666952,8.08929901301992,3.49830081920203,55.4782530538174,11,22,3,2,1,1,0,0,1,0,0,0,0,0,0,0,0,0,0,0,0,18,0,1,0,0,0,0,1,0,0,0,0,0,0,1,0,19.8320503234863,4.39938020706177,9.90823554992676,12.7043085098267,24,378,396,13,592,66.8918918918919
"20",1,"AL",6,3,2008,0,1,6.3498711162675,17.7887,5.66153860092163,12.5439434051514,83.7258911132812,9.25182437896729,1,0,4718206,47.6495909728161,26.3153622372571,3.46972980832121,13.499707304005,34.0247543239952,7.39687923757462,3.42757395501595,54.2415909775877,3,24,1,0,1,1,0,0,1,0,10,0,0,0,0,0,0,0,0,0,0,18,0,1,0,0,0,0,1,0,0,0,0,0,0,1,0,19.7326488494873,4.32155799865723,9.97054767608643,12.6907558441162,32,349,424,14,604,70.1986754966888
"21",1,"AL",6,3,2009,1,1,6.53140078748399,17.4535,11.0307693481445,12.7966375350952,82.5513000488281,9.4144868850708,1,1,4757938,48.1494025358351,26.3203723966138,3.7099684779415,13.6412244127603,33.8608027258867,6.66255003743218,3.5555318291243,55.6207331831562,9,25,1,1,1,1,0,0,1,10,4,0.210175080045179,0.211111111111111,0,0,0,0,0,0,0,0,18,0,1,0,0,0,0,1,0,0,0,0,0,0,1,0,19.595630645752,4.24225807189941,10.022912979126,12.7271728515625,28,317,479,5,673,71.1738484398217
"22",1,"AL",6,3,2010,0,1,6.5999111542385,17.6577,10.5384616851807,13.7107353210449,83.7124557495117,8.20295715332031,1,0,4785822,48.649214098854,26.3593798515699,3.90083459017072,13.7965432061619,33.6640184277643,5.92082910018461,3.38604319174428,55.3112923965831,5,16,3,0,1,1,0,0,1,0,4,0,0,10,1,0,0,0,0,0,0,18,0,1,0,0,0,0,1,0,0,0,0,0,0,1,0,19.4832992553711,4.14800214767456,10.0327177047729,12.762279510498,35,283,454,9,679,66.8630338733431
"23",1,"AL",6,3,2011,0,1,6.62203659332798,17.6809,9.66153812408447,14.2036600112915,84.8545074462891,9.3865442276001,0,1,4801695,49.149025661873,26.4023641651542,3.97719971801624,14.004013166184,33.4892366133209,6.08118591455726,3.37068472695579,112.480696920567,8,15,1,0,0,1,1,0,1,0,4,0,0,0,0,0,0,0,0,0,0,18,0,1,0,0,0,0,1,0,0,0,0,0,0,1,0,19.3699512481689,4.07435274124146,10.0449323654175,12.7956066131592,25,292,452,15,654,69.1131498470948
"24",1,"AL",6,3,2012,0,0,6.67381562658018,17.7834,7.96153831481934,14.8946743011475,86.739631652832,11.2387580871582,0,0,4817484,49.6488372248918,26.4666161838835,4.01583067011743,14.51871973005,33.2649366349738,6.35186333779209,2.64557183791373,109.541204495957,7,19,0,0,0,1,1,0,1,0,0,0,0,0,0,0,0,0,0,0,0,18,0,1,0,0,0,0,1,0,0,0,0,0,0,1,0,19.220365524292,3.96968626976013,10.0748853683472,12.806809425354,14,306,500,9,724,69.060773480663
"25",1,"AL",6,3,2013,0,1,6.66343124818473,17.7895,7.23076915740967,13.2347326278687,86.2247314453125,10.2095222473145,0,1,4833996,50.1486487879108,26.5738738716375,4.06787676282728,14.9197682414301,33.0409872080986,6.55772160341051,2.93194284811158,109.66641263253,12,32,1,1,0,1,1,0,1,0,6,0,0,0,0,0,0,0,0,0,0,18,0,1,0,0,0,0,1,0,0,0,0,0,0.419178068637848,0.580821931362152,0,19.0300521850586,3.9400942325592,10.070839881897,12.8376188278198,25,317,504,7,721,69.9029126213592
"26",1,"AL",6,3,2014,0,0,6.5744527596019,17.9917,6.7846155166626,13.4304046630859,85.7060241699219,9.12235355377197,0,0,4849377,50.6484603509298,26.6673430422093,4.13793359435655,15.3407747015751,32.7342460691342,6.02139202623347,2.36215909796248,104.632615694758,4,10,0,1,0,1,1,0,1,0,0,0,0,0,0,0,0,0,0,0,0,18,0,1,0,0,0,0,1,0,0,0,0,0,1,0,0,18.8933334350586,3.94611525535583,9.89479637145996,12.9168548583984,29,292,479,9,715,66.993006993007
"27",2,"AK",9,4,1989,0,0,3.78322659882446,19.9881,7.03076934814453,13.0749340057373,86.9163131713867,16.8636627197266,2,1,547152,40.5418591303053,4.10617909864005,3.14684611743376,3.86180830590347,42.2792162338505,4.20135831741079,2.50570225458374,152.226437991637,0,1,NA,NA,0,0,0,1,1,0,0,0,0,0,0,0,0,0,0,0,0,0,16,0,0,0,0,0,1,0,0,0,0,0,0,0,1,27.4969387054443,4.2136812210083,10.5665512084961,20.720251083374,44,23,64,0,89,71.9101123595506
"28",2,"AK",9,4,1990,0,0,3.76048597049465,19.8705,7.2384614944458,11.298942565918,86.4516296386719,15.4530744552612,2,0,553120,40.339209843594,4.15804888631762,3.25336274226208,4.06096326294475,42.213805322534,2.18188958911383,2.59256580850448,150.970856233729,1,0,0,0,0,0,0,1,1,0,0,0,0,0,0,0,0,0,0,0,0,0,16,0,0,0,0,0,1,0,0,0,0,0,0,0,1,27.9168243408203,4.16436243057251,10.0352439880371,20.314302444458,45,12,48,1,70,68.5714285714286
"29",2,"AK",9,4,1991,0,0,3.57649141975818,19.3035,8.4769229888916,13.3277864456177,87.0326995849609,15.8032579421997,2,1,569273,40.7343178448343,4.05956368912631,3.2757569742461,4.23329404345542,41.8899192478828,2.9801556693079,2.73506735784061,166.440354627745,0,2,0,0,0,0,0,1,1,0,0,0,0,0,0,0,0,0,0,0,0,0,16,0,0,0,0,0,1,0,0,0,0,0,0,0,1,27.7839260101318,4.16665935516357,9.46048069000244,19.7434902191162,29,17,53,0,73,72.6027397260274
"30",2,"AK",9,4,1992,0,0,3.5855847569212,19.3773,8.9307689666748,12.7638731002808,89.9169006347656,16.3872299194336,2,0,587073,41.1294258460747,4.17818567707934,3.32514014441134,4.34613753315175,41.4742289289407,3.56301186482951,2.34212781034045,159.12501511737,0,1,0,0,0,0,0,1,1,0,0,0,0,0,0,0,0,0,0,0,0,5.36065578460693,16,0.297814220190048,0,0,0,0,1,0,0,0,0,0,0,0,1,27.1710910797119,4.23143815994263,9.2355489730835,19.1945114135742,17,21,59,0,90,65.5555555555556
"31",2,"AK",9,4,1993,0,0,4.10222565423715,19.4544,7.692307472229,14.5903902053833,89.2489700317383,17.6986522674561,2,1,596993,41.524533847315,4.36052014010215,3.35447819321165,4.52417365027731,41.5405205756181,3.16727900727474,2.76887668699633,151.217853475669,0,2,0,0,0,0,0,1,1,0,0,0,0,0,0,0,0,0,0,0,0,18,16,1,0,0,0,0,1,0,0,0,0,0,0,0,1,26.92165184021,4.30624341964722,9.12797451019287,18.3965816497803,34,19,68,0,97,70.1030927835051
"32",2,"AK",9,4,1994,0,0,4.24391965689017,19.4665,7.6076922416687,13.98792552948,90.9128036499023,15.9020748138428,2,0,600624,41.9196418485553,4.18697887530302,3.4627320919577,4.71642824795546,41.5549495191667,3.47729327491481,2.64225205785983,149.770904925544,0,4,0,0,0,0,0,1,1,0,0,0,0,0,0,0,0,0,0,0,0,18,16,1,0,0,0,0,1,0,0,0,0,0,0.252054780721664,0,0.747945189476013,26.6182441711426,4.45029735565186,8.99954891204834,17.6167068481445,24,21,89,0,121,73.5537190082645
"33",2,"AK",9,4,1995,0,0,4.10080735684175,19.4022,7.32307720184326,13.2133979797363,92.1468048095703,16.5359535217285,0,1,601345,42.3147498497956,3.93318311451829,3.56384438217662,4.96337377046454,41.3552952132303,5.28866177024731,2.87189550091877,150.777008206604,0,4,0,0,0,0,1,0,1,0,0,0,0,0,0,0,0,0,0,0,0,18,16,1,0,0,0,0,1,0,0,0,0,0,1,0,0,26.0276107788086,4.57899570465088,8.94704246520996,16.8471183776855,11,32,75,4,103,72.8155339805825
"34",2,"AK",9,4,1996,0,0,4.37910592840683,19.2224,7.6076922416687,11.7291803359985,91.3765335083008,16.9432163238525,0,0,604918,42.709857851036,3.80051511113903,3.6500814986494,5.12135529113037,41.5466228480554,4.76009920703313,2.9061790193051,157.475889294086,1,2,0,0,0,0,1,0,1,0,0,0,0,0,0,0,0,0,0,0,0,18,16,1,0,0,0,0,1,0,0,0,0,0,1,0,0,25.7114639282227,4.74687337875366,8.98698425292969,16.0622711181641,9,29,85,0,120,70.8333333333333
"35",2,"AK",9,4,1997,0,0,4.81402522148458,19.6723,7.14615392684937,12.0710096359253,92.0527267456055,15.7172317504883,0,1,608846,43.1049658522762,3.85171291262487,3.79767625967815,5.29181435042687,42.057104752269,5.05272765797923,2.05799167605601,166.390187338013,1,3,1,0,0,0,1,0,1,0,0,0,0,0,0,0,0,0,0,0,0,18,16,1,0,0,0,0,1,0,0,0,0,0,1,0,0,25.7613773345947,4.95474481582642,8.99459648132324,15.2742071151733,9,31,85,2,128,66.40625
"36",2,"AK",9,4,1998,0,0,5.03246885184613,20.0293,6.35384607315063,12.1327829360962,90.6485290527344,14.6271944046021,0,0,615205,43.5000738535165,3.88911013402037,3.8582261197487,5.44533935842524,42.6695166651767,4.51246811054902,2.76005559122569,155.011744052795,1,1,1,0,0,0,1,0,1,0,0,0,0,0,0,0,0,0,0,0,0,18,16,1,0,0,0,0,1,0,0,0,0,0,1,0,0,25.9367160797119,5.13701486587524,8.98566341400146,14.7108068466187,5,28,83,0,129,64.3410852713178
"37",2,"AK",9,4,1999,0,0,4.76997578692494,20.0709,6.4769229888916,12.8839044570923,92.8243103027344,13.4944171905518,0,1,619500,43.8951818547569,3.88490718321227,4.00242130750605,5.60936238902341,43.22001614205,4.32152809233345,2.92655367231638,154.55205811138,2,3,0,1,0,0,1,0,1,0,0,0,0,0,0,0,0,0,0,0,0,18,16,1,0,0,0,0,1,0,0,0,0,0,1,0,0,25.4480381011963,5.19031524658203,9.08401203155518,14.4076547622681,3,27,55,2,96,57.2916666666667
"38",2,"AK",9,4,2000,0,0,4.25662021488527,20.7752,6.37692308425903,14.4484777450562,90.4206848144531,15.3423328399658,0,0,627963,44.2902898559971,3.63763470140757,4.13447926072077,5.74970181364189,39.5381575029102,2.55211091474035,2.84411661196599,155.276664389462,1,1,0,0,0,0,1,0,1,0,0,0,0,0,0,0,0,0,0,0,0,18,16,1,0,0,0,0,1,0,0,0,0,0,1,0,0,25.1333274841309,5.22116756439209,9.18366241455078,14.1581592559814,2,16,96,1,137,70.0729927007299
"39",2,"AK",9,4,2001,0,0,4.31424901453968,21.0744,6.43076944351196,12.8346290588379,91.1401824951172,16.0022411346436,0,1,633714,44.307082018728,3.6718456590828,4.41666114367049,5.90408291437462,39.5359736411062,3.94499727006189,2.87353601151308,147.348804034628,1,1,0,0,0,0,1,0,1,0,0,0,0,0,0,0,0,0,0,0,0,18,16,1,0,0,0,0,1,0,0,0,0,0,1,0,0,24.5481395721436,5.23990297317505,9.7479305267334,13.7528915405273,1,25,65,4,102,63.7254901960784
"40",2,"AK",9,4,2002,0,0,4.66888876088408,21.3476,7.29230785369873,13.0744037628174,92.224235534668,16.0982093811035,0,0,642337,44.3238741814589,3.71113605475008,4.66157172948157,6.05102928836421,39.5071434465086,4.04771949926596,2.89100581159111,151.847083384578,1,2,0,1,0,0,1,0,1,0,0,0,0,0,0,0,0,0,0,0,0,18,16,1,0,0,0,0,1,0,0,0,0,0,1,0,0,24.1044807434082,5.23868322372437,10.1639795303345,13.4901151657104,1,26,92,6,132,69.6969696969697
"41",2,"AK",9,4,2003,0,0,4.79477617694868,21.4916,7.8230767250061,12.2631139755249,90.6121597290039,15.5212488174438,0,1,648414,44.3406663441898,3.64473931778154,4.84520692027007,6.23197525038016,39.3415317991283,4.9351186124914,2.79451091432326,152.866841246488,2,2,0,1,0,1,1,0,1,0,0,0,0,0,0,0,0,0,0,0,0,18,16,1,0,0,0,0,1,0,0,0,0,0.31232875585556,0.68767124414444,0,0,23.6402969360352,5.17508888244629,10.5261449813843,13.320502281189,3,32,79,6,124,63.7096774193548
"42",2,"AK",9,4,2004,0,0,4.79761438889951,21.4787,7.46153831481934,12.8034963607788,90.1512298583984,13.2915601730347,0,0,659286,44.3574585069207,3.6161847817184,4.9870617607533,6.39297664443049,39.1661585412097,3.03358481751471,2.87583840700394,147.943381172966,0,2,0,0,0,1,1,0,1,0,0,0,0,0,0,0,0,0,0,0,0,18,16,1,0,0,0,0,1,0,0,0,0,1,0,0,0,23.1621780395508,5.1009726524353,10.9030075073242,13.2335586547852,0,20,94,2,155,60.6451612903226
"43",2,"AK",9,4,2005,0,0,4.7904927835237,21.7392,6.88461542129517,13.6403923034668,91.7047729492188,12.635760307312,0,1,666946,44.3742506696516,3.53506880617021,5.16113748339446,6.58898921351953,38.8179852641743,3.59849223175489,2.75584530081896,148.61922854324,2,2,0,0,0,1,1,0,1,0,0,0,0,0,0,0,0,0,0,0,0,18,16,1,0,0,0,0,1,0,0,0,0,1,0,0,0,22.6426124572754,5.1413459777832,11.0340270996094,13.2181615829468,2,24,87,3,131,66.412213740458
"44",2,"AK",9,4,2006,0,0,4.93112711053721,22.0529,6.61538457870483,13.7336330413818,92.0071258544922,13.9044675827026,0,0,675302,44.3910428323825,3.4864401408555,5.25764768947819,6.75253442163654,38.4937405782894,4.14629306591717,2.86834631024342,145.244646099079,2,2,0,0,0,1,1,0,1,0,0,0,0,0,0,0,0,0,0,0,0,18,16,1,0,0,0,0,1,0,0,0,0,1,0,0,0,22.3230495452881,5.15798854827881,11.0127019882202,13.2959775924683,4,28,79,0,135,58.5185185185185
"45",2,"AK",9,4,2007,0,0,5.09040129354697,22.8594,6.33076906204224,13.0074472427368,92.8345260620117,13.83851146698,0,1,680300,44.4078349951134,3.4962516536822,5.32544465676907,6.99779509040129,38.0313097163016,3.67484933117742,2.77524621490519,146.926356019403,0,0,0,0,0,1,1,0,1,0,0,0,0,0,0,0,0,0,0,0,0,18,16,1,0,0,0,0,1,0,0,0,0,1,0,0,0,22.0379238128662,5.0595326423645,10.9338531494141,13.5466709136963,0,25,94,1,149,63.0872483221477
"46",2,"AK",9,4,2008,0,0,5.06796808518376,23.754,6.69230794906616,12.8693180084229,94.3748321533203,13.9775323867798,0,0,687455,44.4246271578443,3.48459171873068,5.41940927042497,7.32004276643562,37.5777323606636,2.18196100108371,2.85545963008488,141.069597282731,1,1,0,1,0,1,1,0,1,0,0,0,0,0,0,0,0,0,0,0,0,18,16,1,0,0,0,0,1,0,0,0,0,1,0,0,0,21.8391017913818,4.79885959625244,10.9397706985474,13.8740720748901,5,15,116,3,169,68.6390532544379
"47",2,"AK",9,4,2009,0,0,5.13668004492806,23.3963,7.7384614944458,11.9584608078003,92.1797256469727,12.3563261032104,2,1,698895,44.4414193205752,3.43098748739081,5.47034962333398,7.56608646506271,37.1443492942431,2.43241116333641,2.82875109995064,138.760471887766,1,3,0,0,0,1,0,1,1,0,0,0,0,0,0,0,0,0,0,0,0,18,16,1,0,0,0,0,1,0,0,0,0,1,0,0,0,22.0403633117676,4.62329816818237,10.4806871414185,14.0704965591431,0,17,79,6,143,55.2447552447552
"48",2,"AK",9,4,2010,0,0,5.29938811188811,23.738,7.88461542129517,14.361156463623,91.3442840576172,13.5166749954224,2,0,713856,44.4582114833061,3.46106217500448,5.60701317912856,7.77285615026,36.9388223955532,4.22397783256433,2.72323830016138,137.083669535593,2,1,0,1,0,1,0,1,1,0,0,0,0,0,0,0,0,0,0,0,0,18,16,1,0,0,0,0,1,0,0,0,0,1,0,0,0,21.8925113677979,4.4284839630127,10.6178274154663,14.6145725250244,2,30,107,4,164,65.2439024390244
"49",2,"AK",9,4,2011,0,0,5.48595849271768,24.3326,7.57692289352417,14.1716909408569,91.5508651733398,13.1066160202026,2,1,722572,44.475003646037,3.55549343179642,5.86765055939062,8.11310153175047,36.7856767214893,2.62949574575267,2.75405080739359,140.816416910702,0,2,0,0,0,1,0,1,1,0,0,0,0,0,0,0,0,0,0,0,0,18,16,1,0,0,0,0,1,0,0,0,0,1,0,0,0,21.7741622924805,4.30476140975952,10.7067527770996,14.8572044372559,1,19,99,6,143,69.2307692307692
"50",2,"AK",9,4,2012,0,0,5.53700615937222,24.6925,7.12307691574097,14.4699974060059,91.7553405761719,12.0356884002686,2,0,731081,44.4917958087679,3.78754200970891,6.29273637257705,8.54925787976982,36.607161176395,2.32532373293794,2.69190418024815,145.883971817076,0,1,0,0,0,1,0,1,1,0,0,0,0,0,0,0,0,0,0,0,0,18,16,1,0,0,0,0,1,0,0,0,0,1,0,0,0,21.5731220245361,4.17764949798584,10.8563890457153,15.268759727478,6,17,98,8,168,58.3333333333333
"51",2,"AK",9,4,2013,0,0,5.19627430794334,24.4551,6.90000009536743,11.2946968078613,92.3468322753906,12.7910957336426,0,1,737259,44.5085879714988,3.91761918131891,6.61585684271064,8.95614702567212,36.7177613294649,2.57711333466258,2.62729922591654,137.735856734201,2,5,1,1,0,1,1,0,1,0,0,0,0,0,0,0,0,0,0,0,0,18,16,1,0,0,0,0,1,0,0,0,0,1,0,0,0,21.3795967102051,4.12175369262695,11.2164106369019,15.7001810073853,2,19,120,3,171,70.1754385964912
"52",2,"AK",9,4,2014,0,0,4.99774680616561,25.3856,6.80000019073486,10.7138071060181,93.971435546875,13.7544822692871,0,0,736732,44.5253801342297,3.9118702594702,6.81088917001026,9.42174359197103,36.4189420304806,2.85042593507544,2.63053593436962,145.588897998187,3,5,0,0,0,1,1,0,1,0,0,0,0,0,0,0,0,0,0,0,0,18,16,1,0,0,0,0,1,0,0,0,0,1,0,0,0,21.2320079803467,4.08832502365112,11.0986080169678,16.0704307556152,3,21,115,6,167,68.8622754491018
"53",4,"AZ",8,4,1989,0,1,3.49872369607457,15.2927,5.33076906204224,10.295205116272,80.6411361694336,16.3032493591309,0,1,3622178,72.2581017812834,3.11867352846255,18.548051574452,12.7857122348555,37.8384981845167,4.51795736535867,3.09427090551596,47.0059726496047,NA,NA,NA,NA,0,0,1,0,1,0,5,0,0,0,0,0,0,0,0,0,0,18,0,1,0,0,0,0,1,0,0,0,0,0,0,0,1,22.7519607543945,4.11434555053711,10.9712104797363,17.589241027832,28,164,455,7,671,67.8092399403875
"54",4,"AZ",8,4,1990,0,0,3.73900261371395,14.9457,5.27692317962646,12.7486591339111,82.4775466918945,17.2954330444336,0,0,3679056,72.4647143370071,3.14553515901905,18.9025391296028,13.0627802349298,37.9912129633254,5.0136116832411,3.36390639337917,44.8971149120861,0,3,0,0,0,0,1,0,1,0,0,0,0,0,0,0,0,0,0,0,0,18,0,1,0,0,0,0,1,0,0,0,0,0,0,0,1,23.2351379394531,4.0725040435791,10.6451864242554,17.1728649139404,26,184,472,3,686,68.8046647230321
"55",4,"AZ",8,4,1991,0,1,3.94376559180139,14.6501,5.93846130371094,12.5205974578857,80.9560623168945,16.8879203796387,2,1,3762394,72.8355559360867,3.22571213966427,19.2815797601208,13.2642939575175,37.6882910189629,5.67369448289949,3.36966303901186,42.1917534420903,0,1,0,0,0,1,0,1,1,0,7,0,0,0,0,0,0,0,0,0,0,18,0,1,0,0,0,0,1,0,0,0,0,0,0,0,1,23.1398811340332,4.00184679031372,10.349006652832,17.0714530944824,23,215,442,10,662,66.7673716012085
"56",4,"AZ",8,4,1992,1,1,4.12325496666566,14.6729,7.53076934814453,11.3013162612915,80.5528793334961,17.4142742156982,2,0,3867333,73.2063975351664,3.27145347969777,19.7555524698804,13.4074309091045,37.4308341174654,6.02444546383508,3.32115181185587,42.5404277314625,0,2,0,0,0,1,0,1,1,9,10,0.232718516869377,0.227777777777778,0,0,0,0,0,0,0,0,18,0,1,0,0,0,0,1,0,0,0,0,0,0,0,1,22.9466209411621,4.01053190231323,10.1345081329346,16.8645000457764,36,236,441,13,653,67.5344563552833
"57",4,"AZ",8,4,1993,1,1,4.2930943383942,14.7736,6.40769243240356,12.209997177124,83.8681488037109,16.5200023651123,0,1,3993390,73.577239134246,3.30017854504569,20.1932443362657,13.5102256478831,37.3864060359744,5.87678135324325,3.37082028051355,43.495626522829,0,6,0,0,0,1,1,0,1,4,20,0.100165523527629,0.127777777777778,0,0,9,1,0,0,0,0,18,8.28493118286133,1,0,0.46027398109436,0,0,1,0,0,0,0,0,0,0,1,22.9095993041992,4.00588846206665,9.98602867126465,16.5627822875977,39,239,512,12,727,70.4264099037139
"58",4,"AZ",8,4,1994,0,0,4.5274801262718,15.1357,6.1538462638855,12.1712350845337,84.2318420410156,15.493766784668,0,0,4147561,73.9480807333257,3.38140897746893,20.4659798855279,13.4868661365077,36.9097886685693,7.62760704075214,3.30049395295211,43.9795822171151,3,19,1,0,0,1,1,0,1,0,0,0,0,0,0,4,1,0,0,0,0,18,18,1,0,1,0,0,1,0,0,0,0,0,0.46027398109436,0,0.53972601890564,22.3633480072021,4.0167121887207,9.92108726501465,16.4514579772949,29,324,517,20,767,67.4054758800522
"59",4,"AZ",8,4,1995,0,1,4.7697791547904,15.3395,5.35384607315063,13.8673276901245,82.3314590454102,16.0146236419678,0,1,4306908,74.3189223324054,3.4473919572928,20.8540558563127,13.395549661149,36.9737872274031,8.61555477519379,3.36389818403365,42.6995422237949,1,4,1,0,0,1,1,0,1,0,4,0,0,0,0,0,0,0,0,0,0,18,18,1,0,1,0,0,1,0,0,0,0,0,1,0,0,22.3603439331055,4.11210489273071,9.75964164733887,16.1813468933105,31,382,546,9,805,67.8260869565217
"60",4,"AZ",8,4,1996,0,1,4.94482784138647,15.6053,5.56923055648804,12.0418882369995,83.4512481689453,15.6212596893311,0,0,4432308,74.689763931485,3.51457976295871,21.2772668325396,13.3826665475414,36.9555319711536,6.49259963471502,3.51464744778567,40.5502054460114,1,2,1,0,0,1,1,0,1,0,4,0,0,0,0,0,0,0,0,0,0,18,18,1,0,1,0,0,1,0,0,0,0,0,1,0,0,22.2987003326416,4.19576025009155,9.60115051269531,15.9049825668335,17,299,491,12,726,67.6308539944904
"61",4,"AZ",8,4,1997,0,1,5.04985823359966,16.0372,4.57692337036133,12.2967977523804,82.586669921875,14.0324506759644,0,1,4552207,75.0606055305647,3.56890624701381,21.6981345531958,13.2986702933324,36.7757880957522,6.01266583881752,3.14418918120375,39.7022806739676,0,3,0,0,0,1,1,0,1,0,4,0,0,0,0,0,0,0,0,0,0,18,18,1,0,1,0,0,1,0,0,0,0,0,1,0,0,21.8892803192139,4.22770595550537,9.6803035736084,15.6166467666626,23,285,497,28,757,65.6538969616909
"62",4,"AZ",8,4,1998,0,1,5.24909920709656,16.8235,4.30000019073486,12.7350883483887,81.9283752441406,13.6602058410645,0,0,4667277,75.4314471296443,3.62554011686043,22.2140447202941,13.2286341693454,37.1942569511087,5.97595292913789,3.60874231377311,40.7168890982901,3,4,1,0,0,1,1,0,1,0,5,0,0,0,0,0,0,0,0,0,0,18,18,1,0,1,0,0,1,0,0,0,0,0,1,0,0,22.0883979797363,4.24180793762207,9.78796863555908,15.1080551147461,22,292,529,25,804,65.7960199004975
"63",4,"AZ",8,4,1999,0,1,5.38890977018759,17.029,4.43846130371094,14.1450939178467,83.0719757080078,12.6832914352417,0,1,4778332,75.802288728724,3.67295533253026,22.690972498353,13.1559087983003,37.5495465781783,6.03126344220328,3.68852561940024,41.4422857181125,1,3,0,1,0,1,1,0,1,0,21,0,0,0,0,0,0,0,0,0,0,18,18,1,0,1,0,0,1,0,0,0,0,0,1,0,0,22.3052444458008,4.21631097793579,9.9312219619751,14.7007169723511,17,303,476,9,766,62.1409921671018
"64",4,"AZ",8,4,2000,0,0,5.08624408158298,17.5076,3.95384621620178,14.1233234405518,85.1045074462891,13.5932865142822,0,0,5160586,76.1731303278037,3.29462584287908,25.372874320862,13.0088327178348,36.6826751845624,5.34047267471142,3.4924328361159,38.1078815467856,5,8,1,0,0,1,1,0,1,0,0,0,0,0,0,0,0,0,0,0,0,18,18,1,0,1,0,0,1,0,0,0,0,0,1,0,0,22.3881168365479,4.2254114151001,10.0691471099854,14.3932876586914,14,274,489,11,784,62.3724489795918
"65",4,"AZ",8,4,2001,0,1,5.14082075260781,17.4548,4.79230785369873,12.5284729003906,83.7907409667969,12.8525676727295,2,1,5273477,76.5623401187268,3.37149474625565,25.9205833267121,12.9560250286481,36.6936842618257,6.29565654690444,3.51722402505975,36.3428151862614,2,5,1,0,0,1,0,1,1,0,4,0,0,0,0,0,0,0,0,0,0,18,18,1,0,1,0,0,1,0,0,0,0,0,1,0,0,22.2818069458008,4.24746322631836,10.1644134521484,14.1949415206909,16,332,468,13,767,61.0169491525424
"66",4,"AZ",8,4,2002,0,0,5.28774122053165,17.4192,6.0846152305603,11.9862260818481,84.5599060058594,13.1506757736206,2,0,5396255,76.9515499096498,3.44942928012112,26.4338323522517,12.9000946026457,36.6429125384178,6.57863648029976,3.47111098345056,34.0009877220406,1,10,1,0,0,1,0,1,1,0,0,0,0,0,0,0,0,0,0,0,0,18,18,1,0,1,0,0,1,0,0,0,0,0,1,0,0,22.177677154541,4.28397083282471,10.1812648773193,14.1080617904663,25,355,559,14,886,63.0925507900677
"67",4,"AZ",8,4,2003,0,0,5.49219615981812,17.5668,5.7384614944458,12.1690139770508,83.7971115112305,13.9094886779785,0,1,5510364,77.3407597005728,3.523886988228,26.8749578067801,12.9153718338752,36.5407802460963,5.87982935428585,3.42173402700802,32.931944241796,2,4,0,0,0,0,1,0,1,0,0,0,0,0,0,0,0,0,0,0,0,18,18,1,0,1,0,0,1,0,0,0,0,0,1,0,0,22.0884132385254,4.29225730895996,10.1601095199585,13.9978952407837,12,324,486,15,840,57.8571428571429
"68",4,"AZ",8,4,2004,0,0,5.63335529449063,18.1755,5.03076934814453,12.8469581604004,84.4019927978516,12.055456161499,0,0,5652404,77.7299694914958,3.6298007007284,27.2628425002884,12.9258984318884,36.3677118620679,6.05052292794358,3.50452656957995,32.4601709290419,0,3,0,0,0,0,1,0,1,0,0,0,0,0,0,0,0,0,0,0,0,18,18,1,0,1,0,0,1,0,0,0,0,0,1,0,0,21.9630966186523,4.29925060272217,10.1053638458252,13.9485778808594,14,342,509,14,880,57.8409090909091
"69",4,"AZ",8,4,2005,0,0,5.65037933221295,18.8553,4.68461513519287,12.7839984893799,85.824951171875,10.7298736572266,0,1,5839077,78.1191792824188,3.75055852149235,27.7156646504233,12.9563627950102,36.1274393196048,6.45649988859541,3.52110444852842,31.0780282568632,4,8,1,0,0,0,1,0,1,0,0,0,0,0,0,0,0,0,0,0,0,18,18,1,0,1,0,0,1,0,0,0,0,0,1,0,0,21.8224391937256,4.36608409881592,9.93891716003418,13.9050226211548,15,377,514,21,945,54.3915343915344
"70",4,"AZ",8,4,2006,1,1,5.74476529906997,19.6179,4.20769214630127,13.2345628738403,83.063850402832,9.99252605438232,0,0,6029141,78.5083890733418,3.90828477887646,28.2289467106508,12.941545072507,35.9396637099713,6.41882483756807,3.55506696559261,30.1940193470347,4,9,1,0,0,0,1,0,1,5,7,0.0829305534569518,0.0416666666666667,0,0,0,0,0,0,0,0,18,18,1,0,1,0,0,1,0,0,0,0,0,1,0,0,21.7275733947754,4.39334535598755,9.81874561309814,13.9060277938843,9,387,563,14,979,57.5076608784474
"71",4,"AZ",8,4,2007,0,1,5.96220848646355,19.6472,3.86153841018677,13.5520114898682,83.9661636352539,12.3601598739624,0,1,6167681,78.8975988642649,4.04944743413286,28.7570806596515,13.0189450459581,35.8928258449164,5.73959645448589,3.59032835842191,31.8930242987599,1,3,0,0,0,0,1,0,1,0,14,0,0,0,0,5,1,0,0,0,0,18,18,1,0,1,0,0,1,0,0,0,0,0,1,0,0,21.6749057769775,4.39477968215942,9.82314109802246,13.8015727996826,14,354,552,17,1016,54.3307086614173
"72",4,"AZ",8,4,2008,0,1,6.14996396704521,18.8741,6.1307692527771,14.8840618133545,84.6756591796875,11.2020101547241,0,0,6280362,79.2868086551878,4.19580909508082,29.1522367659699,13.2502553196774,35.8275844608957,5.30224213190259,3.6481973491337,32.3191561250769,3,13,1,0,0,0,1,0,1,0,4,0,0,0,0,0,0,0,0,0,0,18,18,1,0,1,0,0,1,0,0,0,0,0,1,0,0,21.6019878387451,4.33045101165771,9.89514636993408,13.6721096038818,11,333,540,14,972,55.5555555555556
"73",4,"AZ",8,4,2009,0,0,6.30963713004603,18.0011,9.9307689666748,14.6944122314453,83.9974822998047,9.62578010559082,0,1,6343154,79.6760184461108,4.32898208052335,29.4304694478488,13.5649552257442,35.5782155060401,3.59442636896408,3.61176789969154,31.9992230994234,5,17,0,0,0,1,1,0,1,0,0,0,0,0,0,0,0,0,0,0,0,18,18,1,0,1,0,0,1,0,0,0,0,0,1,0,0,21.3833522796631,4.27175521850586,9.92310810089111,13.5467939376831,7,228,605,9,1060,57.0754716981132
"74",4,"AZ",8,4,2010,1,0,6.29694421349723,17.7093,10.3692312240601,14.1304750442505,86.6586761474609,10.2915887832642,0,0,6411999,80.0652282370338,4.40641054373215,29.7102822380353,13.8773883152508,35.3078813642984,4.23966331754124,3.45134177344694,31.4452637937093,4,13,0,0,0,1,1,0,1,5,0,0.077978801930568,0.233333333333333,0,0,0,0,0,0,0,0,18,18,1,0,1,0,0,1,0,0,0,0,0.42739725112915,0.57260274887085,0,0,21.1760482788086,4.22306680679321,9.908766746521,13.3930463790894,12,271,620,16,1093,56.7246111619396
"75",4,"AZ",8,4,2011,1,1,6.19725385984294,17.9344,9.5230770111084,13.4787168502808,87.6576080322266,10.4696769714355,0,1,6472867,80.4544380279568,4.4816925791925,29.91104251022,14.2107971629882,34.9717675336138,4.00131811761311,3.20707964492396,29.6366355125171,4,15,1,0,0,1,1,0,1,11,12,0.169940151713298,4.84444444444444,0,0,5,1,0,0,0,0,18,18,1,0,1,0,0,1,0,0,0,0,1,0,0,0,20.8164939880371,4.15401697158813,10.0012559890747,13.3741512298584,7,259,674,12,1160,58.1034482758621
"76",4,"AZ",8,4,2012,1,1,6.10868797279415,18.1208,8.39999961853027,12.6709575653076,85.7819595336914,10.44508934021,0,0,6556236,80.8436478188797,4.56415845921349,30.118211119917,14.8351432132705,34.7172066411276,3.87417414504298,3.50795791975762,29.7010357772356,3,11,0,1,0,1,1,0,1,4,19,0.0610106164573697,0,0,0,11,1,0,0,0,0,18,18,1,0,1,0,0,1,0,0,0,0,1,0,0,0,20.5538215637207,4.09904384613037,10.064341545105,13.3070411682129,5,254,663,11,1156,57.3529411764706
"77",4,"AZ",8,4,2013,1,1,6.12328837526226,18.0343,7.79230785369873,13.6008996963501,83.9660873413086,10.13232421875,0,1,6634997,81.2328576098027,4.64152432924989,30.3382201981403,15.3783490783794,34.41569001463,3.78297081370195,3.19397280812636,29.4896892945091,3,26,0,0,0,1,1,0,1,4,9,0.0602863874693538,0.802777777777778,0,0,4,1,0,0,0,0,18,18,1,0,1,0,0,1,0,0,0,0,1,0,0,0,20.3146896362305,4.05361127853394,10.0473899841309,13.3013772964478,7,251,655,15,1163,56.3198624247635
"78",4,"AZ",8,4,2014,0,1,6.19744472392715,18.1847,6.90000009536743,14.560887336731,82.5198745727539,10.2865047454834,0,0,6731484,81.6220674007258,4.72707058354443,30.5498014999367,15.8986785083349,34.0714172387545,3.14937983957178,3.38959433016553,28.9999946519965,6,20,0,0,0,1,1,0,1,0,6,0,0,0,0,4,1,0,0,0,0,18,18,1,0,1,0,0,1,0,0,0,0,1,0,0,0,20.0516109466553,4.03954029083252,9.98026561737061,13.3365097045898,8,212,683,12,1244,54.903536977492
"79",5,"AR",7,3,1989,0,0,2.59292044072828,12.787,6.98461532592773,12.5095186233521,67.6057205200195,13.8569326400757,1,1,2346389,25.1070126201781,15.9746538515303,0.836987170089226,14.766617783,36.942414017807,7.23804966068449,2.13775294718821,150.786165465317,NA,NA,NA,NA,1,0,0,0,0,0,0,0,0,0,0,0,0,0,0,0,0,18,14.3013696670532,1,0,0.794520556926727,0,0,1,0,0,0,0,0,0,0,1,22.074520111084,4.53069114685059,10.3358583450317,15.3746528625488,46,170,190,7,246,77.2357723577236
"80",5,"AR",7,3,1990,0,0,2.96685742052029,12.7084,6.90000009536743,9.94723033905029,68.6678314208984,15.2200756072998,1,0,2354343,25.159046677089,15.9432164302313,0.849026671135005,14.8497054167553,36.4909870821711,7.73636179308463,2.24776084028538,148.307192282518,0,0,0,0,1,0,0,0,0,0,0,0,0,0,0,0,0,0,0,0,0,18,18,1,0,1,0,0,1,0,0,0,0,0,0,0,1,21.8845825195312,4.46425485610962,10.1394557952881,15.2565622329712,47,182,229,6,293,78.1569965870307
"81",5,"AR",7,3,1991,0,1,3.1822281164871,12.7408,7.43076944351196,10.5184936523438,71.1163711547852,15.5377731323242,1,1,2370666,25.8628135886424,15.9769448754063,0.907972696280286,14.8966155502293,36.4098949409153,8.47266391458884,2.34027062437307,125.795451573524,5,8,1,0,1,0,0,0,1,0,23,0,0,0,0,0,0,0,0,0,0,18,18,1,0,1,0,0,1,0,0,0,0,0,0,0,1,21.8431205749512,4.43359708786011,10.1001873016357,14.9930515289307,41,202,228,12,283,80.565371024735
"82",5,"AR",7,3,1992,0,0,3.35199310972233,13.3101,7.09999990463257,10.1396999359131,76.2617111206055,14.996561050415,1,0,2394098,26.5665805001959,16.0331782575316,0.963494393295513,14.8812621705544,36.5206854523081,9.02157688059529,2.37793106213697,130.552299864082,0,0,0,0,1,0,0,0,0,0,0,0,0,0,0,0,0,0,0,0,0,18,18,1,0,1,0,0,1,0,0,0,0,0,0,0,1,21.9253520965576,4.49324178695679,10.0598344802856,14.60315990448,33,218,202,4,293,68.9419795221843
"83",5,"AR",7,3,1993,1,0,3.48840615527306,13.3436,6.1538462638855,11.4987230300903,74.9966201782227,14.0300359725952,1,1,2423743,27.2703474117495,16.0677926661366,1.06735738896409,14.7898931528632,36.3799297202715,8.22136137604426,2.14874266784886,129.05039849522,4,10,2,0,1,0,0,0,1,4,0,0.165033999066733,0.330555555555556,0,0,0,0,0,0,0,0,18,18,1,0,1,0,0,1,0,0,0,0,0,0,0,1,21.7131595611572,4.4836893081665,10.116382598877,14.3459091186523,26,202,241,5,317,76.0252365930599
"84",5,"AR",7,3,1994,0,0,3.58727742741078,13.6034,5.36153841018677,12.4480953216553,74.5444564819336,13.5989751815796,1,0,2450605,27.974114323303,16.0213906361898,1.1857072029152,14.674498746228,36.3535943165055,8.21672926077494,2.58221949273751,127.726418578269,9,13,2,0,1,0,0,0,0,0,0,0,0,4,1,0,0,0,0,0,0,18,18,1,0,1,0,0,1,0,0,0,0,0,0,0,1,21.675537109375,4.54086351394653,10.0622730255127,14.1028594970703,15,205,262,13,364,71.978021978022
"85",5,"AR",7,3,1995,0,1,3.60184039407755,13.8315,4.83846139907837,11.658576965332,76.2179260253906,16.1726303100586,1,1,2480121,28.6778812348564,16.0112752563282,1.38706942120969,14.5916267794999,36.3860472936603,8.36016538930964,2.75147865769452,129.775926255211,9,18,5,2,1,0,0,0,1,0,5,0,0,0,0,0,0,0,0,0,0,18,18,1,0,1,0,0,1,0,0,0,0,0,0.854794502258301,0,0.145205482840538,21.7090091705322,4.62495231628418,9.95839309692383,13.881799697876,16,212,264,15,360,73.3333333333333
"86",5,"AR",7,3,1996,0,1,3.65609547527245,14.0566,5.2615385055542,13.15625,76.1783981323242,14.0329914093018,1,0,2504858,29.3816481464098,16.0606709042988,1.63941429015138,14.4657301930888,36.2689621527448,6.37327824333798,2.87042219558953,129.344657461621,0,3,0,0,1,1,0,0,0,0,13,0,0,0,0,0,0,0,0,0,0,18,18,1,0,1,0,0,1,0,0,0,0,0,1,0,0,21.6717090606689,4.68456029891968,9.82586669921875,13.7557153701782,22,164,237,7,323,73.374613003096
"87",5,"AR",7,3,1997,0,1,3.84864225812369,14.2388,5.23076915740967,13.5726671218872,76.8518447875977,12.6641216278076,1,1,2524007,30.0854150579632,16.0811360665798,1.77808540150641,14.3726225798898,36.0073882520928,7.53193482724393,2.63747287547142,126.545607837062,8,12,3,1,1,1,0,0,1,0,9,0,0,0,0,0,0,0,0,0,0,18,18,1,0,1,0,0,1,0,0,0,0,0,1,0,0,21.4640789031982,4.68661212921143,9.77032661437988,13.5936861038208,25,196,242,6,356,67.9775280898876
"88",5,"AR",7,3,1998,1,1,4.06941606696394,14.7467,5.1769232749939,12.9825830459595,76.8388977050781,13.0867462158203,1,0,2538202,30.7891819695167,16.1017523428001,1.9479931069316,14.2727804957998,35.897064142255,5.8989999862991,3.10613576066838,130.284744870582,0,2,0,0,1,1,0,0,0,10,4,0.393979675376507,3.86111111111111,0,0,0,0,0,0,0,0,18,18,1,0,1,0,0,1,0,0,0,0,0,1,0,0,21.4072780609131,4.6232533454895,9.79237270355225,13.3815431594849,13,155,250,16,344,72.6744186046512
"89",5,"AR",7,3,1999,0,1,4.32159468646882,14.8885,4.59999990463257,13.9066581726074,78.9109878540039,13.2565517425537,1,1,2551373,31.4929488810701,16.1019576518212,2.10588573289754,14.1626488953203,35.7335834470303,4.44970699810699,2.8063321199997,161.526362472285,11,16,4,2,1,1,0,0,1,0,11,0,0,10,1,0,0,0,0,0,0,18,18,1,0,1,0,0,1,0,0,0,0,0,1,0,0,21.2033443450928,4.51219129562378,9.80772018432617,13.2471170425415,24,118,234,7,336,69.6428571428571
"90",5,"AR",7,3,2000,0,1,4.35490639097913,15.0297,4.2615385055542,11.4616985321045,81.7428512573242,12.5270681381226,1,0,2678588,32.1967157926236,15.7431079359722,3.27799572013314,13.981396168429,35.2471899373849,5.23677713772724,2.75331629948316,147.579246976392,0,4,0,0,1,1,0,0,0,0,13,0,0,0,0,0,0,0,0,0,0,18,18,1,0,1,0,0,1,0,0,0,0,0,1,0,0,20.9550704956055,4.44555139541626,9.84656810760498,13.114185333252,19,140,244,9,349,69.9140401146132
"91",5,"AR",7,3,2001,0,1,4.54975922983269,15.3008,4.96153831481934,11.1799507141113,80.5444107055664,11.2654638290405,1,1,2691571,32.9306430457013,15.7477919029444,3.58623272430859,13.9159992435644,35.2112948162987,4.08683255986931,2.80059489420862,148.818292365314,3,6,1,0,1,1,0,0,1,0,4,0,0,0,0,0,0,0,0,0,0,18,18,1,0,1,0,0,1,0,0,0,0,0,1,0,0,20.8439235687256,4.40549421310425,9.96187686920166,12.9397659301758,19,110,274,3,382,71.7277486910995
"92",5,"AR",7,3,2002,0,0,4.7403348279536,15.3202,5.48461532592773,13.164981842041,80.9771194458008,11.9326181411743,1,0,2705927,33.6645702987792,15.7323904155581,3.90601815939602,13.8684820396116,35.1451092361324,5.39556314712112,2.82269255600761,148.744958751659,0,0,0,0,1,1,0,0,0,0,0,0,0,0,0,0,0,0,0,0,0,18,18,1,0,1,0,0,1,0,0,0,0,0,1,0,0,20.7388820648193,4.3467173576355,10.0595102310181,12.858772277832,22,146,257,13,377,68.1697612732095
"93",5,"AR",7,3,2003,0,1,4.84216181936689,15.7437,5.93076944351196,13.781455039978,80.8990707397461,11.8269243240356,1,1,2724816,34.3984975518572,15.7015372781135,4.24336909354613,13.8626241184726,35.0372649015567,4.51406627089682,2.82771387132195,141.866092976553,6,10,0,1,1,1,0,0,1,0,6,0,0,0,0,0,0,0,0,0,0,18,18,1,0,1,0,0,1,0,0,0,0,0,1,0,0,20.6350440979004,4.3053183555603,10.0969018936157,12.8526105880737,18,123,258,5,374,68.9839572192513
"94",5,"AR",7,3,2004,0,0,4.92747171858896,16.1838,5.70769214630127,13.2319345474243,79.2138442993164,11.7894906997681,1,0,2749686,35.132424804935,15.6702256184888,4.54971949524418,13.8244875960382,34.8747093304472,5.12785823544943,2.84614315961895,146.377804592961,0,0,0,0,1,1,0,0,0,0,0,0,0,0,0,0,0,0,0,0,0,18,18,1,0,1,0,0,1,0,0,0,0,0,1,0,0,20.5648574829102,4.28037977218628,10.0294723510742,12.8970003128052,16,141,232,11,361,64.2659279778393
"95",5,"AR",7,3,2005,0,1,4.90633731941029,16.2808,5.24615383148193,12.9767742156982,81.4016647338867,12.2916612625122,1,1,2781097,35.866352058013,15.6112857624168,4.93143532929632,13.8317721388359,34.6707072784588,5.53738326998303,2.93661098480204,138.995151913076,6,7,0,1,1,1,0,0,1,0,8,0,0,0,0,0,0,0,0,0,0,18,18,1,0,1,0,0,1,0,0,0,0,0,1,0,0,20.4837875366211,4.31890726089478,9.86801242828369,12.9603891372681,14,154,262,7,400,65.5
"96",5,"AR",7,3,2006,0,1,4.82500112518388,16.6201,5.16153860092163,13.8998165130615,82.5380630493164,13.0464715957642,1,0,2821761,36.6002793110908,15.63105450816,5.30105136473287,13.9115609011536,34.4367931940373,5.49302368272862,2.92937637170547,134.01631109084,0,0,0,0,1,1,0,0,0,0,8,0,0,0,0,0,0,0,0,0,0,18,18,1,0,1,0,0,1,0,0,0,0,0,1,0,0,20.3985023498535,4.33222389221191,9.7060661315918,12.9753017425537,12,155,247,10,376,65.6914893617021
"97",5,"AR",7,3,2007,0,1,4.92198058729574,17.088,5.307692527771,13.1355438232422,81.7302780151367,12.1232013702393,1,1,2848650,37.3342065641689,15.5634423323329,5.63063205377986,14.000210626086,34.334228494199,5.37096519403928,2.96807259579099,131.900022817826,11,13,3,2,1,0,0,0,1,0,6,0,0,0,0,0,0,0,0,0,0,18,18,1,0,1,0,0,1,0,0,0,0,0,1,0,0,20.3602066040039,4.30891847610474,9.66510486602783,12.931037902832,21,153,244,5,402,60.6965174129353
"98",5,"AR",7,3,2008,0,1,5.04947898004351,17.0828,5.46923065185547,14.3939809799194,82.804557800293,10.2515325546265,1,0,2874554,38.0681338172467,15.5718417535381,5.92199694283009,14.1784081982805,34.2508785710757,5.04426077923741,3.3619128393483,123.164149986398,0,1,0,0,1,0,0,0,0,0,16,0,0,0,0,0,0,0,0,0,0,18,18,1,0,1,0,0,1,0,0,0,0,0,1,0,0,20.3323020935059,4.21846294403076,9.70011329650879,12.9042625427246,17,145,275,7,447,61.5212527964206
"99",5,"AR",7,3,2009,0,1,5.16493299774962,16.7572,7.8461537361145,13.6573076248169,84.8520889282227,11.7243423461914,1,1,2896843,38.8020610703247,15.5560035528332,6.18048682652115,14.311545361623,34.1695770188443,5.41969309348142,3.44167771605158,131.498669413565,7,12,0,0,1,0,0,0,1,0,17,0,0,0,0,0,0,0,0,0,0,18,18,1,0,1,0,0,1,0,0,0,0,0,1,0,0,20.3336181640625,4.10284566879272,9.73311328887939,12.9151973724365,14,157,285,7,422,67.5355450236967
"100",5,"AR",7,3,2010,0,1,5.37453927509764,16.6799,8.192307472229,14.8602743148804,83.6353988647461,11.2094163894653,1,0,2922297,39.5359883234028,15.5804492151208,6.41409822478687,14.4254331438591,34.1325676342959,4.52687627018318,3.40964658965191,130.555176287694,0,1,0,0,1,0,0,0,0,0,4,0,0,0,0,0,0,0,0,0,0,18,18,1,0,1,0,0,1,0,0,0,0,0,1,0,0,20.2673454284668,4.09544277191162,9.76978015899658,12.9017000198364,14,132,266,5,447,59.5078299776286
"101",5,"AR",7,3,2011,0,0,5.49817419506335,17.2158,8.29230785369873,13.5135126113892,86.8689041137695,10.8152952194214,1,1,2938430,40.269915576481,15.5654550218994,6.57003910251393,14.5568211595988,33.9959434119581,4.93460793689147,3.08804361512781,133.041113792059,2,10,0,1,1,0,0,0,1,0,0,0,0,0,0,0,0,0,0,0,0,18,18,1,0,1,0,0,1,0,0,0,0,0,1,0,0,20.1783599853516,4.00196695327759,9.8156156539917,12.9469814300537,11,145,299,3,462,64.7186147186147
"102",5,"AR",7,3,2012,0,0,5.21513579493439,18.0214,7.57692289352417,16.010799407959,85.4417495727539,11.086597442627,1,0,2949300,41.0038428295591,15.5565388397247,6.74515986844336,15.0094259654833,33.875733224833,5.62845420947343,3.1017529583291,130.632692503306,0,1,0,0,1,0,0,0,0,0,0,0,0,0,0,0,0,0,0,0,0,18,18,1,0,1,0,0,1,0,0,0,0,0,1,0,0,20.0888004302979,3.98467421531677,9.80225849151611,12.9521579742432,10,166,307,2,485,63.2989690721649
"103",5,"AR",7,3,2013,0,1,5.38873482686188,17.8954,7.35384607315063,15.2706098556519,84.4630584716797,10.1269407272339,0,1,2958765,41.7377700826371,15.5917080268288,6.89277451909834,15.3589419909996,33.7138975214321,5.13727856048047,3.1263043871345,131.998992823019,20,39,2,5,0,0,1,0,1,0,5,0,0,0,0,0,0,0,0,0,0,18,18,1,0,1,0,0,1,0,0,0,0,0,1,0,0,19.9541358947754,4.00538730621338,9.75437355041504,12.9826469421387,15,152,322,10,516,62.4031007751938
"104",5,"AR",7,3,2014,0,1,5.9176724136478,18.1156,6.1307692527771,13.1428985595703,86.7313995361328,8.98645973205566,0,0,2966369,42.4716973357151,15.6204437141839,7.03961644690866,15.7158802562999,33.4949225804342,5.42751087272015,3.16211503019348,128.848433893423,0,0,0,0,0,0,1,0,1,0,4,0,0,0,0,0,0,0,0,0,0,18,18,1,0,1,0,0,1,0,0,0,0,0,1,0,0,19.8216743469238,4.01281833648682,9.66042995452881,13.0304088592529,7,161,323,5,515,62.7184466019417
"105",6,"CA",9,4,1989,1,0,2.70581914885134,18.8447,5.11538457870483,12.4490032196045,78.5797805786133,13.6739101409912,1,1,29218139,85.3683438894888,7.68776756942388,25.277144818157,10.4949760527365,37.74174904437,7.30486707496131,2.84580068566311,14.4741935822812,20,62,0,0,1,1,0,0,1,5,0,0.0171126573119527,0.433333333333333,11,1,0,0,0,0,15,0,18,18,1,0,1,0,0,1,0,0,0.586301386356354,0,0,0,1,0,22.0701351165771,3.98328948020935,11.688982963562,19.3323211669922,199,2142,2003,18,3704,54.0766738660907
"106",6,"CA",9,4,1990,0,0,2.97928778961787,18.6736,5.7615385055542,12.0102195739746,77.2681121826172,12.7164659500122,1,0,29950111,85.5716163641148,7.75453219522292,25.9620707248798,10.4687124531859,38.0606168705018,8.51173046531039,2.79785273583794,13.0435242794259,15,20,1,0,1,1,0,0,1,0,0,0,0,5,1,0,0,0,0,15,0,18,18,1,0,1,0,0,1,0,0,1,0,0,0,1,0,22.7229309082031,3.91468620300293,11.425555229187,18.9856281280518,124,2539,2079,21,3708,56.0679611650485
"107",6,"CA",9,4,1991,0,0,3.16688495347916,18.1967,7.692307472229,12.1953449249268,77.7979049682617,12.3520259857178,1,1,30414114,85.8566604568134,7.75920021868794,26.531037530799,10.5344380572783,37.9438572499597,9.50701782270593,2.92443172929516,12.5834012458821,13,28,5,0,1,1,0,0,1,0,0,0,0,0,0,0,0,0,0,15,15,18,18,1,0,1,0,0,0,0,1,1,0,0,0,1,0,23.2213363647461,3.83939862251282,10.893533706665,18.8390159606934,136,2898,1956,23,3716,52.6372443487621
"108",6,"CA",9,4,1992,1,1,3.30325379778157,18.3296,9.307692527771,11.6162624359131,79.2387237548828,12.0239963531494,1,0,30875920,86.141704549512,7.73717835776229,27.1377792143522,10.5827777763383,37.7036603281781,9.83772052433082,2.85585012527562,12.0494547207014,11,17,5,0,1,1,0,0,1,10,9,0.0323876988928589,0.536111111111111,0,0,0,0,0,0,15,15,18,18,1,0,1,0,0,0,0,1,1,0,0,0,1,0,23.388011932373,3.85892868041992,10.4560403823853,18.6499938964844,118,3049,1973,22,3723,52.9948965887725
"109",6,"CA",9,4,1993,1,1,3.54831161752925,18.048,9.46923065185547,11.6962413787842,79.679443359375,11.984956741333,1,1,31147208,86.4267486422106,7.71034437500787,27.8821523906733,10.7163345106245,37.5852981750403,10.1706236346505,2.75305574740439,11.7947329340081,17,49,7,1,1,1,0,0,1,16,4,0.0513689702139595,1.48333333333333,10,1,0,0,0,0,15,15,18,18,1,0,1,0,0.252054780721664,0,0,1,1,0,0,0,1,0,23.7030925750732,3.87430143356323,10.0752210617065,18.3081569671631,123,3183,2075,43,3875,53.5483870967742
"110",6,"CA",9,4,1994,0,0,3.78613284421308,18.0339,8.59230804443359,11.4157228469849,79.1242752075195,11.6155948638916,1,0,31317179,86.7117927349092,7.66949347513069,28.6140236322052,10.8270128672828,37.5182643366441,9.32548672025933,2.77595245727593,11.6037590742129,18,85,7,0,1,1,0,0,1,0,0,0,0,16,1,0,0,0,0,15,15,18,18,1,0,1,0,1,0,0,1,1,0,0,0,1,0,23.9612426757812,3.95749831199646,9.70281982421875,17.9455757141113,138,2938,1993,42,3712,53.6907327586207
"111",6,"CA",9,4,1995,1,0,4.02168382230951,18.3213,7.86153841018677,12.0103893280029,79.5691299438477,11.7024230957031,2,1,31493525,86.9968368276078,7.6380875116393,29.215748316519,10.9810254647582,37.4232036585298,8.43954087258295,2.86665274846179,11.2580284360039,11,50,5,0,0,1,0,1,1,4,0,0.012701023464347,0.386111111111111,0,0,0,0,0,0,15,15,18,18,1,0,1,0,1,0,0,1,1,0,0,0,1,0,24.078971862793,4.06468725204468,9.41895866394043,17.5520057678223,111,2677,1909,33,3694,51.6783974011911
"112",6,"CA",9,4,1996,1,0,4.32037188205506,18.733,7.2846155166626,11.3025054931641,79.7726821899414,10.6191177368164,2,0,31780829,87.2818809203064,7.61202925197452,29.8182467172269,11.0732794289287,37.3794969287931,6.71517465024066,2.97437175096974,10.8190381062747,10,30,1,2,0,1,0,1,1,4,0,0.0125862040917812,0.147222222222222,0,0,0,0,4,1,15,10,18,18,1,0,1,0,1,0,0,1,1,0,0,0,1,0,24.1544876098633,4.20232057571411,9.20936679840088,17.093111038208,142,2152,1710,34,3408,50.1760563380282
"113",6,"CA",9,4,1997,1,0,4.58760132781637,19.1981,6.3692307472229,11.8940477371216,80.6763458251953,10.1344804763794,1,1,32217708,87.5669250130049,7.57344687586094,30.4011011584064,11.0749622536774,37.1590679262473,6.07421042799533,2.66567690041762,10.2063126278257,15,42,7,1,1,1,0,0,1,4,0,0.0124155324767361,0.102777777777778,4,1,0,0,0,0,11.2328767776489,10,18,18,1,0,1,0,1,0,0,1,1,0,0,0,1,0,23.8200016021729,4.30090045928955,9.25649833679199,16.6771011352539,80,1975,1730,24,3430,50.4373177842566
"114",6,"CA",9,4,1998,0,0,4.77082834472475,20.2829,5.9384617805481,11.6518383026123,80.0553436279297,10.0216989517212,1,0,32682794,87.8519691057036,7.53336449753959,30.9806591199027,11.04910124881,36.9853844197041,4.7635830405784,3.02024361809459,9.69363268024147,13,32,2,0,1,1,0,0,1,0,0,0,0,4,1,0,0,0,0,10,10,18,18,1,0,1,0,1,0,0,1,1,0,0,0,1,0,23.4483203887939,4.32944107055664,9.45526504516602,16.2372951507568,52,1573,1702,20,3415,49.8389458272328
"115",6,"CA",9,4,1999,1,1,4.82161462014274,20.8926,5.2384614944458,11.8819561004639,80.3946380615234,9.77124881744385,1,1,33145121,88.1370131984022,7.50338488732625,31.5570306712713,11.004732793101,36.9348689359137,4.11950086933409,3.2362530823164,9.32975927286553,11,30,4,1,1,0,0,0,1,4,4,0.0120681411903731,2.31666666666667,0,0,0,0,0,0,10,10,18,18,1,0,1,0,1,0,0,1,1,0,0,0,1,0,23.1615200042725,4.32533550262451,9.72361278533936,15.7572193145752,47,1380,1532,31,3077,49.788755281118
"116",6,"CA",9,4,2000,0,0,4.72119891101492,22.0121,4.9384617805481,12.187819480896,81.1517486572266,9.03084278106689,1,0,33987977,88.4220572911008,7.01691659965523,32.5248925524458,10.6168395959548,37.2438906852267,4.37829301957791,3.05243233511662,9.32868113921579,10,28,2,2,1,0,0,0,1,0,0,0,0,4,1,0,0,0,0,10,10,18,18,1,0,1,0,1,0,0,1,1,1,0,0,1,0,22.9373531341553,4.32843351364136,9.97810459136963,15.388409614563,66,1483,1487,10,2969,50.0842034355002
"117",6,"CA",9,4,2001,0,0,4.60717798986283,21.8512,5.43076944351196,11.9958419799805,80.9651565551758,8.53711318969727,1,1,34479458,88.5527748671022,6.96536471077939,33.0166500877131,10.5907871289624,37.1653144895723,4.60854112033896,3.08137094266389,9.18079976779217,10,23,5,1,1,0,0,0,1,0,0,0,0,0,0,0,0,0,0,10,10,18,18,1,0,1,0,1,0,0,1,1,1,0,0,1,0,22.7071399688721,4.33929967880249,10.1188745498657,15.1812162399292,97,1589,1450,6,2831,51.2186506534793
"118",6,"CA",9,4,2002,0,0,4.54045402762338,21.6147,6.66923093795776,11.6402721405029,80.2495574951172,8.33462524414062,1,0,34871843,88.6834924431037,6.92042861055551,33.5680422741064,10.5876394316182,37.0566362093337,5.19043401290835,3.26415211263712,9.17909615502685,11,28,3,0,1,0,0,0,1,0,0,0,0,0,0,0,0,0,0,10,10,21,18,1,1,1,0,1,0,0,1,1,1,0,0,1,0,22.4795112609863,4.37637329101562,10.2007513046265,14.9842643737793,44,1810,1490,16,3228,46.1586121437423
"119",6,"CA",9,4,2003,0,0,4.56767576488677,21.796,6.80000019073486,11.6123962402344,81.1310348510742,8.25364303588867,1,1,35253159,88.8142100191052,6.87323085003531,34.1246439787141,10.6242422133007,36.912371455846,5.05486614688913,3.24070248569781,8.9520488078813,13,26,5,1,1,0,0,0,1,0,0,0,0,0,0,0,0,0,0,10,10,21,18,1,1,1,0,1,0,0,1,1,1,0,0,1,0,22.2621803283691,4.41512775421143,10.2350625991821,14.7820768356323,68,1782,1505,33,3397,44.3037974683544
"120",6,"CA",9,4,2004,0,0,4.60455241968309,22.3441,6.20769214630127,10.9448766708374,81.2673721313477,8.01629161834717,1,0,35574576,88.9449275951067,6.83605617674825,34.6752326717822,10.6350782648822,36.7692028149541,5.08228123365406,3.16473202660237,8.99777414072342,6,18,3,0,1,1,0,0,1,0,0,0,0,0,0,0,0,0,0,10,10,21,18,1,1,1,0,1,0,0,1,1,1,0,0,1,0,22.0012722015381,4.47408866882324,10.2938432693481,14.6208372116089,50,1808,1366,16,3368,40.5581947743468
"121",6,"CA",9,4,2005,0,0,4.65996610522686,22.664,5.40000009536743,11.5297117233276,80.3927307128906,7.59276294708252,1,1,35827943,89.0756451711081,6.79729226989113,35.2234316103495,10.7158063749292,36.5356448177893,5.24171873333616,3.09987095826294,8.80843201073531,6,23,3,1,1,1,0,0,1,0,0,0,0,0,0,0,0,0,0,10,10,21,18,1,1,1,0,1,0,0,1,1,1,0,0,1,0,21.6524105072021,4.59962749481201,10.2836074829102,14.4312553405762,146,1878,1329,15,3206,41.4535246412976
"122",6,"CA",9,4,2006,1,1,4.7600299401447,23.4549,4.90000009536743,11.4209003448486,80.7892532348633,7.67022275924683,1,0,36021202,89.2063627471096,6.76673421392212,35.7459059805944,10.7508294698217,36.2890888538367,5.22747686209916,3.21788262368369,8.49394198450124,11,23,4,0,1,1,0,0,1,7,5,0.0194329994873575,0.272222222222222,0,0,0,0,0,0,10,10,21,18,1,1,1,0,1,0,0,1,1,1,0,0,1,0,21.3276481628418,4.68726444244385,10.2741765975952,14.3526391983032,68,1883,1319,6,3334,39.5620875824835
"123",6,"CA",9,4,2007,1,0,4.78337965155664,23.6423,5.37692308425903,11.8192405700684,80.7146377563477,6.91860771179199,1,1,36250311,89.337080323111,6.73075328926144,36.2377718635297,10.88883347787,36.0763001453974,4.69237353577463,3.33724033429672,8.25656364713671,7,20,2,1,1,1,0,0,1,5,0,0.013792985113976,0.105555555555556,7,1,0,0,0,0,10,10,21,18,1,1,1,0,1,0,0,1,1,1,0,0,1,0,21.0355491638184,4.71766424179077,10.3230867385864,14.2910060882568,43,1701,1422,22,3602,39.4780677401444
"124",6,"CA",9,4,2008,1,0,4.71853922664956,23.0085,7.27692317962646,11.590389251709,81.6236724853516,6.54041767120361,1,0,36604337,89.4677978991125,6.69855869811274,36.7387968261794,11.0827304425702,35.8815404852163,4.28637732190041,3.37476403410885,8.06360732609363,6,14,3,0,1,1,0,0,1,4,0,0.0109276668499692,0.138888888888889,5,1,0,0,0,0,10,10,21,18,1,1,1,0,1,0,0,1,1,1,0,0,1,0,20.8320617675781,4.63383054733276,10.4156484603882,14.2799224853516,37,1569,1478,17,3775,39.1523178807947
"125",6,"CA",9,4,2009,0,0,4.63612830623138,22.0212,11.1461534500122,11.2489347457886,81.563720703125,6.82143878936768,1,1,36961229,89.598515475114,6.68150672154327,37.2278394747101,11.2671929821381,35.6504541556234,3.95008510133686,3.29748234291668,8.13325227903001,11,23,5,0,1,1,0,0,1,0,0,0,0,4,1,0,0,0,0,10,10,21,18,1,1,1,0,1,0,0,1,1,1,0,0,1,0,20.6075916290283,4.53903198242188,10.503830909729,14.2840461730957,31,1460,1519,17,3823,39.7331938268376
"126",6,"CA",9,4,2010,0,1,4.47750028785882,22.0276,12.2230768203735,11.085657119751,82.7475280761719,6.61404132843018,1,0,37336011,89.7292330511154,6.66151239349056,37.6828847623813,11.4548927039903,35.399432467491,3.60230199445127,3.18416447863164,7.94468910993196,4,19,0,0,1,1,0,0,1,0,5,0,0,0,0,0,0,0,0,10,10,21,18,1,1,1,0,1,0,0,1,1,1,0,0,1,0,20.4151973724365,4.45132160186768,10.5329141616821,14.2899894714355,24,1342,1492,13,3913,38.1293125479172
"127",6,"CA",9,4,2011,1,1,4.15414066256235,22.5994,11.7230768203735,11.6764888763428,82.3719177246094,6.57405948638916,1,1,37701901,89.8599506271169,6.62634491560518,37.9677698479979,11.6851667506103,35.0847666805979,3.48523539966857,3.10310612719502,7.77846719187979,6,17,2,0,1,0,0,0,1,8,15,0.0212190891912851,0.244444444444444,0,0,0,0,0,0,10,10,21,18,1,1,1,0,1,0,0,1,1,1,0,0,1,0,20.1969451904297,4.34228229522705,10.545539855957,14.3665943145752,26,1314,1564,17,3996,39.1391391391391
"128",6,"CA",9,4,2012,1,1,3.72064258049465,23.5045,10.384614944458,11.7358531951904,82.4882965087891,6.2054181098938,1,0,38062780,89.9906682031183,6.59381159232195,38.1962273906425,12.1084928636321,34.7328334924564,3.5782988000351,3.080936284738,7.60871906886465,9,26,0,3,1,0,0,0,1,7,4,0.0183906693100189,0.691666666666667,8,1,0,0,0,0,10,10,21,18,1,1,1,0,1,0,0,1,1,1,0,0,1,0,19.9622840881348,4.22019624710083,10.5503540039062,14.4434795379639,30,1362,1549,15,3893,39.7893655278705
"129",6,"CA",9,4,2013,1,1,3.51525119060868,23.6183,8.94615364074707,11.2289896011353,83.7955856323242,5.63161039352417,1,1,38431393,90.1213857791198,6.56239288542052,38.4088289487711,12.4992164608761,34.3286984159018,3.41387573435082,3.05276470202368,7.32401242910971,18,46,6,1,1,0,0,0,1,9,4,0.0234183548850285,1.73611111111111,7,1,0,0,0,0,10,10,21,18,1,1,1,0,1,0,0,1,1,1,0,0,1,0,19.7660369873047,4.10412645339966,10.4585361480713,14.5753498077393,35,1312,1571,11,4025,39.0310559006211
"130",6,"CA",9,4,2014,1,0,3.50580503833516,24.0458,7.5230770111084,11.1509408950806,84.1158599853516,5.69196271896362,1,0,38802500,90.2521033551212,6.5494929450422,38.6283564203337,12.8678487210876,33.883345145287,3.17763030732556,3.05946781779525,7.30723535854649,9,16,1,0,1,0,0,0,1,6,0,0.0154629212035307,0.958333333333333,9,1,0,0,0,0,10,10,21,18,1,1,1,0,1,0,0,1,1,1,0,0,1,0,19.5760631561279,4.013014793396,10.2942667007446,14.7500448226929,23,1233,1582,15,4214,37.5415282392027
"131",8,"CO",8,4,1989,0,0,1.93417161682522,17.1131,5.68461561203003,12.9267587661743,83.1597290039062,16.932559967041,0,1,3275821,71.9395332964038,4.09762801519741,12.7712067383393,9.80636609875814,36.8528683343809,2.38047279852045,3.12562865919719,104.068873116083,NA,NA,NA,NA,0,0,1,0,1,0,0,0,0,0,0,0,0,0,0,0,0,0,0,0,0,0,0,0,1,0,0,0,0,0,0,1,0,22.4581832885742,3.98040056228638,10.4137096405029,18.8528938293457,11,78,297,7,549,54.0983606557377
"132",8,"CO",8,4,1990,0,0,2.20620594927996,17.0395,5.22307682037354,13.7274446487427,85.2080688476562,17.3444919586182,0,0,3303862,72.1777662295402,4.13730960917859,12.9678842518241,10.0188506662809,36.8189107172152,2.36684307739364,3.14601517860007,99.2713981395107,0,1,0,0,0,0,1,0,1,0,0,0,0,0,0,0,0,0,0,0,0,0,0,0,0,0,0,0,1,0,0,0,0,0,0,1,0,22.7314949035645,3.92333698272705,10.1375064849854,18.3712863922119,12,78,317,6,554,57.2202166064982
"133",8,"CO",8,4,1991,0,1,2.3848077855615,16.9138,5.24615383148193,11.6516437530518,86.9599838256836,16.1654033660889,0,1,3367567,72.4295409776842,4.20359862179431,13.0823232321733,10.0929246545058,36.5099788660478,2.98126467018358,3.14856393354609,97.0914609865223,0,1,0,0,0,0,1,0,1,0,7,0,0,0,0,0,0,0,0,0,0,0,0,0,0,0,0,0,1,0,0,0,0,0,0,1,0,22.5931529998779,3.8758602142334,9.91060543060303,18.0931644439697,12,103,305,5,563,54.1740674955595
"134",8,"CO",8,4,1992,0,1,2.51272039410462,17.3028,5.99230766296387,11.776951789856,88.4768905639648,17.6736125946045,0,0,3459995,72.681315725828,4.24095988578018,13.1988630041373,10.0983382923964,36.421121995841,3.51748059165739,3.14884848099491,87.2573515279646,0,1,0,0,0,0,1,0,1,0,9,0,0,0,0,0,0,0,0,0,0,0,0,0,0,0,0,0,1,0,0,0,0,0,0,1,0,22.5423851013184,3.93339252471924,9.73114776611328,17.6692447662354,19,123,343,3,598,57.3578595317726
"135",8,"CO",8,4,1993,1,1,2.59177215545353,17.6053,5.31538486480713,13.3614139556885,88.4631195068359,16.4490947723389,0,1,3560884,72.9330904739719,4.27247840704724,13.3813963049625,10.0909774089805,36.1588863888855,3.90070088125409,3.16719106828529,87.9966884627525,3,15,2,0,0,0,1,0,1,4,4,0.112331656970572,0.419444444444444,0,0,0,0,0,0,0,0,5.42465734481812,5.42465734481812,0.301369875669479,0,0.301369875669479,0,0,1,0,0,0,0,0,0,1,0,22.2847061157227,3.94317889213562,9.64365386962891,17.3253479003906,12,141,383,8,607,63.0971993410214
"136",8,"CO",8,4,1994,0,0,2.76115175250622,17.945,4.25384616851807,13.6934490203857,91.1190872192383,16.0002479553223,0,0,3653910,73.1848652221158,4.28103045778358,13.5280015107104,10.0966635740891,35.8285507853231,3.56998198098568,3.03483118084463,82.5718203239817,1,10,0,0,0,0,1,0,1,0,0,0,0,0,0,4,1,0,0,0,0,18,18,1,0,1,0,0,1,0,0,0,0,0,0,1,0,21.9525547027588,3.99718809127808,9.52983283996582,17.0383281707764,15,133,352,8,614,57.328990228013
"137",8,"CO",8,4,1995,0,0,2.91327509101644,18.4592,4.0230770111084,11.670018196106,91.3294830322266,15.8434362411499,0,1,3738061,73.4366399702597,4.26774736955871,13.7445055069995,10.0942172960794,35.5791679162004,3.10899049511066,3.30679461892141,79.1573492246381,0,5,0,0,0,0,1,0,1,0,0,0,0,0,0,0,0,0,0,0,0,18,18,1,0,1,0,0,1,0,0,0,0,0,0,1,0,21.6424121856689,4.0800666809082,9.44731616973877,16.7743988037109,25,119,345,5,654,52.7522935779816
"138",8,"CO",8,4,1996,0,0,3.08179261188087,18.8763,4.2384614944458,12.231707572937,89.0970077514648,14.9155616760254,0,0,3812716,73.6884147184036,4.27351525788965,13.9963217821626,10.1392812892437,35.415724643535,2.80512419687382,3.35587544417156,91.6645771675624,0,4,0,0,0,0,1,0,1,0,0,0,0,0,0,0,0,0,0,0,0,18,18,1,0,1,0,0,1,0,0,0,0,0,0,1,0,21.439489364624,4.17156028747559,9.3560619354248,16.4895820617676,17,110,396,5,694,57.0605187319885
"139",8,"CO",8,4,1997,0,0,3.32768568185433,19.3708,3.4769229888916,12.8313255310059,87.5908966064453,13.8945283889771,0,1,3891293,73.9401894665475,4.28901139030137,14.2984092948025,10.1315166963783,35.5329449619959,2.28919386038207,3.31021077055878,90.6698621769165,2,4,0,0,0,0,1,0,1,0,0,0,0,0,0,0,0,0,0,0,0,18,18,1,0,1,0,0,1,0,0,0,0,0,0,1,0,21.3684024810791,4.27823448181152,9.40964221954346,16.1067638397217,7,92,348,8,611,56.9558101472995
"140",8,"CO",8,4,1998,1,0,3.49864334976834,20.7095,3.6307692527771,13.2964239120483,89.5806045532227,12.0367307662964,0,0,3968967,74.1919642146914,4.33097579294562,14.570315147493,10.1098850154209,35.8278111155875,2.71964139585595,3.22829592687468,91.4411734841837,0,2,0,0,0,0,1,0,1,5,0,0.125977363883348,0.0527777777777778,0,0,0,0,0,0,0,0,18,18,1,0,1,0,0,1,0,0,0,0,0,0,1,0,21.4338436126709,4.31691980361938,9.59729480743408,15.7311344146729,9,112,322,3,611,52.7004909983633
"141",8,"CO",8,4,1999,1,0,3.69588472567344,21.4027,3.07692313194275,11.4624347686768,90.4105529785156,12.0217714309692,0,1,4056133,74.4437389628353,4.34593737434152,14.8807250649818,10.0532452954575,35.9508181807648,2.86321544300095,3.46339728011877,81.0819073240448,0,8,0,0,0,1,1,0,1,13,0,0.320502310944932,5.01388888888889,0,0,5,1,0,0,0,0,18,18,1,0,1,0,0,1,0,0,0,0,0,0,1,0,21.3566284179688,4.29252767562866,9.82913494110107,15.4958400726318,9,121,309,7,574,53.8327526132404
"142",8,"CO",8,4,2000,0,1,3.75578846944513,22.5802,2.7615385055542,11.2803430557251,89.6740112304688,12.7771911621094,0,0,4326921,74.6955137109792,4.03198949091051,17.2245344899988,9.66705886241048,35.5990090875244,1.95291566821916,3.12809039037228,77.9942596594668,6,14,1,2,0,1,1,0,1,0,4,0,0,0,0,13,1,0,0,0,0,18,18,1,0,1,0,0,1,0,0,0,0,0,0,1,0,21.3035545349121,4.27296924591064,10.0224847793579,15.366400718689,5,84,350,1,613,57.0962479608483
"143",8,"CO",8,4,2001,1,0,3.87284505207892,22.5978,3.79999995231628,10.6724538803101,88.6101837158203,11.5860033035278,2,1,4425687,74.912023889282,4.06095144098532,17.6982466225018,9.61299341774509,35.7087837436312,2.21434547901829,3.4281683273128,67.4001573089105,0,3,0,0,0,1,0,1,1,4,0,0.0903814481231953,0.0666666666666667,0,0,0,0,0,0,0,0,18,18,1,0,1,0,0,1,0,0,0,0,0,0,1,0,21.18922996521,4.26776695251465,10.2517871856689,15.2438478469849,10,98,390,5,722,54.016620498615
"144",8,"CO",8,4,2002,0,0,4.03972380225752,21.9424,5.53076934814453,12.209192276001,87.6411285400391,11.1661205291748,2,0,4490406,75.1285340675848,4.08114544653646,18.1948581041447,9.61599017995255,35.6843902310838,2.58328534212719,3.44935402277656,66.9369317607361,2,6,0,0,0,1,0,1,1,0,0,0,0,0,0,0,0,4,1,0,0,18,18,1,0,1,0,0,1,0,0,0,0,0,0,1,0,21.0604782104492,4.28852081298828,10.3353910446167,15.1169185638428,9,116,380,3,727,52.2696011004127
"145",8,"CO",8,4,2003,0,0,4.25107955162725,21.7213,5.96153831481934,13.3498697280884,88.7365264892578,11.1925077438354,0,1,4528732,75.3450442458877,4.06206417160477,18.5999083187082,9.72049129866815,35.5786785351838,2.58350461012045,3.41066771007867,68.4078898905919,4,8,0,1,0,1,1,0,1,0,0,0,0,0,0,0,0,0,0,0,0,18,18,1,0,1,0,0,1,0,0,0,0,0,0.627397239208221,0.372602730989456,0,20.9913730621338,4.28274393081665,10.3045616149902,14.8570508956909,5,117,363,6,728,49.8626373626374
"146",8,"CO",8,4,2004,0,1,4.36763786244979,21.9021,5.48461532592773,12.7063455581665,88.3202514648438,10.7050609588623,0,0,4575013,75.5615544241904,4.10908122009708,18.9014544876703,9.83741466964138,35.3607519803769,2.8633798417622,3.37616526991289,65.6990482868573,0,4,0,0,0,1,1,0,1,0,5,0,0,0,0,0,0,0,0,0,0,18,18,1,0,1,0,0,1,0,0,0,0,0,1,0,0,20.8158531188965,4.24132108688354,10.3035774230957,14.7240018844604,2,131,402,7,797,50.4391468005019
"147",8,"CO",8,4,2005,0,1,4.50658565146653,22.3302,5.0230770111084,12.5786228179932,89.2685623168945,11.3214073181152,1,1,4631888,75.7780646024933,4.09554376098904,19.2668518755203,9.96535322097598,35.1705395294532,2.48278887572411,3.3761610816151,66.8843892598439,0,1,0,0,1,1,0,0,1,0,4,0,0,0,0,0,0,0,0,0,0,18,18,1,0,1,0,0,1,0,0,0,0,0,1,0,0,20.6924915313721,4.27354907989502,10.2045001983643,14.4075155258179,9,115,396,5,800,49.5
"148",8,"CO",8,4,2006,0,1,4.65382021907782,22.8846,4.307692527771,12.9859838485718,90.0464019775391,11.2132120132446,1,0,4720423,75.9945747807961,4.14306090788897,19.5598148725231,10.1487938686851,34.9379494168213,2.20319238339445,3.48930593720097,67.5725459349724,0,1,0,0,1,1,0,0,1,0,5,0,0,0,0,0,0,0,0,0,0,18,18,1,0,1,0,0,1,0,0,0,0,0,1,0,0,20.5792579650879,4.24546718597412,10.1132249832153,14.2659673690796,6,104,371,8,730,50.8219178082192
"149",8,"CO",8,4,2007,1,1,4.71724035714553,23.1065,3.73076915740967,12.6172590255737,89.8503723144531,11.348219871521,1,1,4803868,76.2110849590989,4.15739982863809,19.8627647554013,10.303343056054,34.6671682069532,1.89430683773992,3.48802256848023,64.9790960117972,1,4,0,0,1,0,0,0,1,4,13,0.0832662346259306,0.1875,0,0,0,0,0,0,0,0,18,18,1,0,1,0,0,1,0,0,0,0,0,1,0,0,20.5279579162598,4.23196458816528,9.90724563598633,14.2553253173828,3,91,396,9,811,48.8286066584464
"150",8,"CO",8,4,2008,0,0,4.71539328347373,22.8866,4.8230767250061,13.6379766464233,90.8901519775391,10.9634485244751,1,0,4889730,76.4275951374017,4.19323766342927,20.1421959903717,10.5145887400736,34.4557470453379,2.22916193736668,3.44783863321697,62.6167498000912,0,1,0,0,1,0,0,0,1,0,0,0,0,4,1,0,0,0,0,0,0,18,18,1,0,1,0,0,1,0,0,0,0,0,1,0,0,20.4654655456543,4.14303016662598,9.84725093841553,14.3288888931274,7,109,387,5,803,48.1942714819427
"151",8,"CO",8,4,2009,0,1,4.63256167547733,21.9846,7.2846155166626,12.8012065887451,91.0082321166992,11.0319519042969,1,1,4972195,76.6441053157046,4.2364187245271,20.4233944967967,10.7473661028982,34.2408734975197,2.17207893093493,3.50649964452319,61.5782365735857,1,3,0,1,1,0,0,0,1,0,4,0,0,0,0,0,0,0,0,0,0,18,18,1,0,1,0,0,1,0,0,0,0,0,1,0,0,20.4253044128418,4.05509042739868,9.76047801971436,14.384934425354,7,108,454,6,941,48.2465462274176
"152",8,"CO",8,4,2010,0,1,4.51711621596193,21.7187,8.72307682037354,12.2207231521606,90.8019790649414,9.99081897735596,1,0,5048575,76.8606154940074,4.28617976359666,20.6858172850755,10.9825247718416,34.0527574612638,1.92873771473611,3.38135018297242,58.2710962994508,2,4,1,0,1,0,0,0,1,0,5,0,0,0,0,0,0,0,0,0,0,18,18,1,0,1,0,0,1,0,0,0,0,0,1,0,0,20.3292217254639,3.96682238578796,9.7567138671875,14.478045463562,7,97,427,7,865,49.364161849711
"153",8,"CO",8,4,2011,0,1,4.37450839030162,22.3135,8.29230785369873,11.8780288696289,91.2839660644531,9.66713428497314,2,1,5119661,77.0771256723102,4.31405516888716,20.8303245078141,11.2619370696614,33.8232746269724,1.97278687006816,3.26193472575626,57.462007738403,0,2,0,0,0,0,0,1,1,0,11,0,0,0,0,0,0,0,0,0,0,18,18,1,0,1,0,0,1,0,0,0,0,0,1,0,0,20.1474857330322,3.88787460327148,9.78791332244873,14.5953025817871,12,101,443,5,913,48.5213581599124
"154",8,"CO",8,4,2012,1,1,4.08728609403955,22.9157,7.7846155166626,12.1990804672241,91.4448699951172,9.38765239715576,2,0,5191709,77.293635850613,4.36253264580122,20.9400796539251,11.8080578090952,33.5567729239062,2.21507022061522,3.32645762695868,55.4896277892309,0,4,0,0,0,0,0,1,1,12,4,0.231137762151153,2.81111111111111,0,0,0,0,0,0,0,0,18,18,1,0,1,0,0,1,0,0,0,0,0,1,0,0,19.9307975769043,3.820880651474,9.80509471893311,14.6931390762329,11,115,533,7,1052,50.6653992395437
"155",8,"CO",8,4,2013,0,1,3.87247097259036,22.8688,6.80000019073486,13.164381980896,90.4806442260742,8.61877346038818,1,1,5272086,77.5101460289159,4.40569444428638,21.0544554849826,12.2737375680139,33.2899539195681,2.0105893568504,3.30817820498376,54.3168301882784,7,16,0,0,1,0,0,0,1,0,8,0,0,12,1,0,0,0,0,0,0,18,18,1,0,1,0,0,0.495890408754349,0,0.504109561443329,0,0.504109561443329,0,1,0,0,19.7139987945557,3.77829575538635,9.79765892028809,14.8031921386719,5,106,489,11,1007,48.5600794438928
"156",8,"CO",8,4,2014,0,0,3.82907264670177,23.384,5.00769233703613,11.8825540542603,93.0102615356445,9.55246353149414,1,0,5355866,77.7266562072187,4.45716901804489,21.1937527936659,12.6966395350444,33.0435824944089,1.90445392024371,3.28088865554142,52.3355139953091,3,9,0,1,1,0,0,0,1,0,0,0,0,0,0,0,0,0,0,0,0,18,18,1,0,1,0,0,0,0,1,0,1,0,1,0,0,19.4842433929443,3.7869131565094,9.77242565155029,14.91685962677,2,102,539,10,1083,49.7691597414589
"157",9,"CT",1,1,1989,0,0,1.97447166208302,23.5822,3.75384616851807,9.30203437805176,80.6284637451172,13.3612766265869,1,1,3283410,74.6850174255737,8.4411302758016,6.27944536946486,13.3596210523879,33.827616358486,4.07650814830093,2.68257695505587,26.7167365635117,NA,NA,NA,NA,1,0,0,0,1,0,0,0,0,0,0,0,0,0,0,14,0,18,0,1,0,0,0,0,1,0,0,0,0,0,0,1,0,19.1053237915039,3.79729056358337,10.9249200820923,17.7202434539795,11,134,129,2,303,42.5742574257426
"158",9,"CT",1,1,1990,1,0,2.40950594942743,22.9596,5.12307691574097,8.37586116790771,81.9183731079102,15.1209239959717,1,0,3289056,74.7067338055609,8.5928606870786,6.51351025947871,13.5422139361568,33.3537039199089,3.49775307384061,2.75398168957902,27.5790378759133,2,13,2,0,1,0,0,0,1,4,0,0.121615442242394,0,0,0,0,0,0,0,14,3.52876710891724,18,0,1,0,0,0,0,1,0,0,0,0,0,0,1,0,19.298189163208,3.56552791595459,10.4930276870728,17.7355976104736,18,115,124,1,299,41.4715719063545
"159",9,"CT",1,1,1991,0,0,2.72301011968473,22.1178,6.53846168518066,9.75027084350586,84.4232711791992,14.9512691497803,1,1,3288640,75.6003024817558,8.73929648730174,6.73624963510752,13.7047229249781,33.1222328987059,3.75331176793394,2.6214483798774,27.0029556290746,1,25,1,0,1,0,0,0,1,0,0,0,0,4,1,0,0,0,0,14,14,18,0,1,0,0,0,0,1,0,0,0,0,0,0,1,0,19.7073173522949,3.49366235733032,9.94500255584717,17.4480876922607,8,124,153,1,330,46.3636363636364
"160",9,"CT",1,1,1992,0,1,2.88152935712613,23.1198,7.5461540222168,8.92562961578369,85.3974227905273,12.1553707122803,1,0,3274997,76.4938711579509,8.810298146838,6.91854068873956,13.9118295375538,32.9317553573332,3.75599937601946,2.69007880007218,22.3832266105893,4,11,0,0,1,0,0,0,1,0,4,0,0,0,0,0,0,0,0,14,14,18,0,1,0,0,0,0,1,0,0,0,0,0,0,1,0,20.0422210693359,3.50615262985229,9.43481254577637,17.0158138275146,4,124,136,3,298,45.6375838926174
"161",9,"CT",1,1,1993,0,1,3.21972909170085,23.1627,6.6307692527771,8.83232688903809,84.4415817260742,10.7162742614746,1,1,3272325,77.3874398341461,8.92270786061898,7.13306288342387,14.0768413895319,32.8540410869947,4.50158537377509,2.7081662120969,22.4271733400564,1,58,1,0,1,0,0,0,1,0,6,0,0,0,0,0,0,0,0,14,14,18,0,1,0,0,0,0,1,0,0,0.252054780721664,0,0,0,1,0,20.3793087005615,3.51634478569031,9.03793239593506,16.5340614318848,3,149,149,0,302,49.3377483443709
"162",9,"CT",1,1,1994,0,0,3.54368845893305,23.1259,5.59999990463257,7.08453893661499,86.3682098388672,12.7597417831421,1,0,3268346,78.2810085103413,8.97184692195992,7.31715675145777,14.1860133535434,32.6968442141683,4.37152802692138,2.74481343162566,20.5036431271353,1,18,0,0,1,0,0,0,1,0,0,0,0,0,0,0,0,0,0,14,14,18.7561645507812,5.29315090179443,1,0.252054780721664,0.252054780721664,0.252054780721664,0,0.747945189476013,0.252054780721664,0,1,0,0,0,1,0,20.5718975067139,3.58979654312134,8.64678955078125,16.1004981994629,8,145,145,1,324,44.7530864197531
"163",9,"CT",1,1,1995,1,0,3.61682703512365,23.6392,5.4769229888916,8.37412357330322,85.5808410644531,12.3429279327393,2,1,3265293,79.1745771865365,9.02206938244133,7.50634016610454,14.2995743414144,32.490039944348,3.12845558976802,2.79117371702938,20.7381083412729,0,29,0,0,0,1,0,1,1,5,0,0.153125615373567,0.969444444444444,0,0,0,0,0,0,10.4712324142456,14,21,21,1,1,1,1,0.252054780721664,0,1,0,1,0,0,0,1,0,20.6695308685303,3.65621948242188,8.30063343048096,15.6894226074219,5,104,145,1,323,44.8916408668731
"164",9,"CT",1,1,1996,0,0,3.88915926697949,23.9864,5.49230766296387,8.62187576293945,85.3219451904297,11.7116212844849,2,0,3267030,80.0681458627316,9.08589758894164,7.74715873438566,14.3561889544938,32.1939192477571,3.56506559271313,2.81815593979853,20.0781749784973,0,6,0,0,0,1,0,1,1,0,0,0,0,0,0,0,0,5,1,0,14,21,21,1,1,1,1,1,0,1,0,1,0,0,0,1,0,20.6327838897705,3.69840121269226,8.03072547912598,15.3166093826294,5,119,120,0,292,41.0958904109589
"165",9,"CT",1,1,1997,0,0,4.21659506430139,24.914,5,8.63235855102539,83.9858856201172,12.470703125,1,1,3268514,80.9617145389268,9.15786195194513,7.98993059231198,14.3534646019567,32.0586664153802,2.38818659618332,2.3980316437378,19.5449675295868,2,24,2,0,1,1,0,0,1,0,0,0,0,0,0,0,0,0,0,0,14,21,21,1,1,1,1,1,0,1,0,1,0,0,0,1,0,20.5651969909668,3.7491774559021,7.93512630462646,14.8303785324097,0,80,106,1,259,40.9266409266409
"166",9,"CT",1,1,1998,1,0,4.36202450495223,26.1642,3.43846154212952,10.0323352813721,83.7340087890625,11.9938049316406,1,0,3272563,81.855283215122,9.29525268115541,8.21643464159437,14.3357667980723,32.5116735720596,2.67330835275195,2.90842376449285,19.1152928148366,2,7,1,0,1,1,0,0,1,4,0,0.122228357406718,0.116666666666667,0,0,0,0,0,0,0,14,21,21,1,1,1,1,1,0,1,0,1,0,0,0,1,0,20.7017860412598,3.80085062980652,7.91866636276245,14.243800163269,6,90,90,1,257,35.0194552529183
"167",9,"CT",1,1,1999,0,0,4.54505152449809,26.6962,2.8692307472229,12.4140253067017,83.6726989746094,10.1952562332153,1,1,3282031,82.7488518913169,9.407955013222,8.50583068837558,14.2770132274802,33.027536912357,2.48050954390812,2.75713422572791,18.7713035007896,2,24,1,0,1,1,0,0,1,0,0,0,0,4,1,0,0,0,0,0,14,21,21,1,1,1,1,1,0,1,0,1,0,0,0,1,0,20.7965621948242,3.85066628456116,7.9334077835083,13.6556777954102,2,84,111,0,274,40.5109489051095
"168",9,"CT",1,1,2000,0,1,4.5058630737003,27.8388,2.3923077583313,11.118426322937,88.1726379394531,11.1049394607544,1,0,3411777,83.6424205675123,9.83678007091319,9.49217958852528,13.7978537284236,32.6741460535082,1.79118589720061,2.85393799184413,17.6872638510665,1,6,0,0,1,1,0,0,1,0,12,0,0,0,0,0,0,0,0,0,14,21,21,1,1,1,1,1,0,1,0,1,0,0,0,1,0,20.7823371887207,3.903977394104,7.98783159255981,13.2020349502563,3,61,113,2,304,37.171052631579
"169",9,"CT",1,1,2001,0,0,4.52424890797256,28.0218,3.1307692527771,9.73851299285889,87.5091781616211,11.3084449768066,1,1,3432835,83.7613841987992,9.93616063690798,9.84955583358944,13.719738932981,32.7527830495786,2.09739180589804,2.86206590179837,17.2769736966676,2,15,0,0,1,1,0,0,1,0,0,0,0,0,0,0,0,0,0,0,14,21,21,1,1,1,1,1,0,1,0,1,0,0,0,1,0,20.6475982666016,3.99238538742065,8.1127986907959,12.7385091781616,3,72,115,1,283,40.6360424028269
"170",9,"CT",1,1,2002,0,0,4.74333350006028,27.2885,4.33076906204224,10.7282619476318,87.9799423217773,10.5185260772705,1,0,3458749,83.8803478300861,10.0523339508013,10.2267322664929,13.6374452150185,32.8047510819663,1.64799469403533,2.81633619554353,16.6881146911788,1,9,0,0,1,1,0,0,1,0,0,0,0,0,0,0,0,0,0,0,14,21,21,1,1,1,1,1,0,1,0,1,0,0,0,1,0,20.4692802429199,4.07361173629761,8.26185989379883,12.4753198623657,3,57,85,1,260,32.6923076923077
"171",9,"CT",1,1,2003,0,1,4.77738082664818,27.0192,5.3923077583313,11.4854459762573,87.5044860839844,10.168755531311,1,1,3484336,83.999311461373,10.1619935620445,10.5989204255847,13.6109146764262,32.8299279977591,1.60719287692117,2.75777077755991,15.7636921353165,0,17,0,0,1,1,0,0,1,0,4,0,0,0,0,0,0,0,0,0,14,21,21,1,1,1,1,1,0,1,0,1,0,0,0,1,0,20.2768611907959,4.1500301361084,8.40303611755371,12.2137184143066,6,56,89,2,272,32.7205882352941
"172",9,"CT",1,1,2004,0,0,4.58225665557047,28.0396,4.96923065185547,10.6511344909668,88.7770385742188,9.16593837738037,1,0,3496094,84.1182750926599,10.2541865293096,10.9525659207104,13.5759221576994,32.8285509485729,1.8306143942354,2.77481097476212,16.5098535680105,1,8,0,0,1,1,0,0,1,0,0,0,0,0,0,0,0,0,0,0,14,21,21,1,1,1,1,1,0,1,0,1,0,0,0,1,0,20.0546092987061,4.22903394699097,8.54490756988525,11.9551706314087,2,64,105,1,294,35.7142857142857
"173",9,"CT",1,1,2005,0,0,4.49677726210423,28.4033,4.88461542129517,10.9500350952148,89.9525909423828,9.01780033111572,1,1,3506956,84.2372387239468,10.3543357829411,11.3010542476153,13.5564575090192,32.7940242192945,1.88197399682232,2.74540085475837,15.6620157196155,1,18,1,0,1,1,0,0,1,0,0,0,0,0,0,0,0,0,0,0,14,21,21,1,1,1,1,1,0,1,0,1,0,0,0,1,0,19.6957702636719,4.37165451049805,8.72659969329834,11.6688661575317,9,66,112,0,295,37.9661016949153
"174",9,"CT",1,1,2006,0,0,4.59280276108328,29.5915,4.33076906204224,11.3149757385254,88.3568572998047,9.4091911315918,1,0,3517460,84.3562023552336,10.4794084367697,11.73764591495,13.5403103375731,32.7015232582602,2.61552370176207,2.75852461719536,15.3889454322153,0,5,0,0,1,1,0,0,1,0,0,0,0,0,0,0,0,0,0,0,14,21,21,1,1,1,1,1,0,1,0,1,0,0,0,1,0,19.4249267578125,4.43808889389038,8.83850860595703,11.4650058746338,1,92,79,1,292,27.0547945205479
"175",9,"CT",1,1,2007,0,0,4.76742636656678,30.4712,4.4769229888916,10.744779586792,88.4833908081055,9.24799346923828,1,1,3527270,84.4751659865206,10.6029592290922,12.1716795141852,13.6519177721014,32.5657803343662,1.89948600475722,2.79904855596538,14.8009650522926,1,27,1,0,1,1,0,0,1,0,0,0,0,0,0,0,0,0,0,0,14,21,21,1,1,1,1,1,0,1,0,1,0,0,0,1,0,19.193058013916,4.43666076660156,8.93606090545654,11.415060043335,3,67,78,1,271,28.7822878228782
"176",9,"CT",1,1,2008,0,0,4.7755246745313,29.589,5.68461561203003,12.5236196517944,91.0486602783203,9.38175964355469,1,0,3545579,84.5941296178075,10.7117906553485,12.6009320339499,13.8931892365112,32.3471568395458,2.45376002057774,3.00571500451689,13.7796957845249,1,8,0,0,1,1,0,0,1,0,0,0,0,0,0,0,0,0,0,0,14,21,21,1,1,1,1,1,0,1,0,1,0,0,0,1,0,18.9588775634766,4.35539579391479,9.03288269042969,11.5408792495728,2,87,109,1,315,34.6031746031746
"177",9,"CT",1,1,2009,0,1,4.59766629691053,28.4729,7.93076944351196,11.4170846939087,89.9233551025391,9.49324607849121,1,1,3561807,84.7130932490944,10.8608636009756,13.0688159128218,14.0508736155553,32.1741745131053,2.1898996773267,2.96366422998214,13.7169139147629,1,10,0,0,1,1,0,0,1,0,17,0,0,0,0,0,0,0,0,0,14,21,21,1,1,1,1,1,0,1,0,1,0,0,0,1,0,18.748067855835,4.29750967025757,9.12859725952148,11.6602334976196,1,78,93,1,316,29.4303797468354
"178",9,"CT",1,1,2010,1,1,4.39857012945106,28.7658,9.10769271850586,9.54101181030273,90.8384475708008,8.84806156158447,1,0,3579345,84.8320568803813,10.9916479132355,13.4841430485187,14.1993297656415,32.0050456158878,2.74195132364902,2.92679247180699,13.8273902068675,1,6,0,1,1,1,0,0,1,8,4,0.223504579748529,0.341666666666667,0,0,0,0,0,0,0,14,21,21,1,1,1,1,1,0,1,0,1,0,0,0,1,0,18.5097274780273,4.23954677581787,9.25577163696289,11.7965154647827,0,98,110,1,353,31.1614730878187
"179",9,"CT",1,1,2011,0,0,4.2049420462733,29.0627,8.807692527771,10.7360286712646,90.9983062744141,7.50445222854614,1,1,3590537,84.9510205116682,11.1070572451976,13.8915153917088,14.3439268276584,31.8181932117675,2.67369477044799,2.85584022668476,13.9438752476301,2,27,0,0,1,0,0,0,1,0,0,0,0,8,1,0,0,0,0,0,14,21,21,1,1,1,1,1,0,1,0,1,0,0,0,1,0,18.2560157775879,4.17255115509033,9.38962650299072,11.9712181091309,2,96,111,1,370,30
"180",9,"CT",1,1,2012,1,0,3.95118799942799,29.7971,8.34615421295166,11.778980255127,90.9108810424805,7.29471302032471,1,0,3594362,85.0699841429551,11.2039911394567,14.2792796051149,14.8041293559191,31.588999661136,3.17163379759746,2.8575307662389,12.9597408385688,3,12,0,0,1,0,0,0,1,27,0,0.751176425746767,5.01111111111111,0,0,0,0,0,0,0,14,21,21,1,1,1,1,1,0,1,0,1,0,0,0,1,0,18.0018882751465,4.11883926391602,9.4682731628418,12.1195917129517,2,114,111,0,368,30.1630434782609
"181",9,"CT",1,1,2013,0,1,3.8415365479403,29.5792,7.73076915740967,12.138147354126,90.4450378417969,6.83578109741211,1,1,3599341,85.188947774242,11.3609685773035,14.6737138826246,15.1483285412524,31.4174733652633,1.83366899663022,2.87524855244335,12.2739134747166,6,93,2,0,1,0,0,0,1,0,4,0,0,27,1,0,0,0,0,0,14,21,21,1,1,1,1,1,0,1,0,1,0.742465734481812,0,0,1,0,17.7377738952637,4.07702398300171,9.60267448425293,12.2376842498779,0,66,92,0,330,27.8787878787879
"182",9,"CT",1,1,2014,0,0,3.75429875966065,29.976,6.6307692527771,11.3911552429199,90.5391998291016,5.75690603256226,1,0,3596677,85.3079114055289,11.5054535061113,15.0458881906827,15.456572830977,31.2922733956927,1.58479618825933,2.90851805708436,11.4811532978914,1,4,0,0,1,0,0,0,1,0,0,0,0,0,0,0,0,0,0,0,3.45205473899841,21,21,1,1,1,1,1,0,0.246575340628624,0.753424644470215,1,1,0,0,1,0,17.5001811981201,4.05944156646729,9.73265075683594,12.2699928283691,4,57,125,1,379,32.9815303430079
"183",10,"DE",5,3,1989,0,0,4.11101253053635,19.0893,3.5,10.3537921905518,80.653564453125,16.9404754638672,2,1,658232,68.1618675429768,16.9093875715553,2.31271041213432,11.960050620373,36.3901536386052,2.88230778799564,2.73155969323886,38.8966200367044,0,3,NA,NA,0,1,0,1,1,0,0,0,0,0,0,0,0,0,0,0,0,16,0,0,0,0,0,0,1,0,0,0,0,0,0,1,0,20.8297691345215,3.81783413887024,11.7428932189941,17.9619884490967,2,19,61,0,95,64.2105263157895
"184",10,"DE",5,3,1990,0,0,4.16104313046753,18.6953,4.72307682037354,12.913161277771,78.8023910522461,15.8341407775879,2,0,669063,68.8638601674052,17.061621999722,2.38886323111575,12.0848111463345,36.1202158840049,2.849515582351,3.47500907986243,37.373162168585,2,5,1,1,0,1,0,1,1,0,0,0,0,0,0,0,0,0,0,0,0,16,0,0,0,0,0,0,1,0,0,0,0,0,0,1,0,21.055248260498,3.68133425712585,11.4088659286499,17.8059844970703,3,19,37,0,80,46.25
"185",10,"DE",5,3,1991,0,0,4.30715875943247,18.6004,6.192307472229,12.9067506790161,79.0167770385742,14.6790933609009,2,1,680495,68.7542990613334,17.3466373742643,2.48084115239642,12.1864231184652,35.7238480811762,2.48723827303731,2.83029265461172,36.2515521789286,3,4,2,1,0,1,0,1,1,0,0,0,0,0,0,0,0,0,0,0,0,16,0,0,0,0,0,0,1,0,0,0,0,0,0,1,0,21.2262115478516,3.64788889884949,10.9727993011475,17.623119354248,3,17,32,0,79,40.5063291139241
"186",10,"DE",5,3,1992,0,0,4.71051556310294,18.5522,5.42307710647583,10.8475284576416,80.1248245239258,14.0020475387573,2,0,690158,68.6447379552616,17.5964054607785,2.54579386169544,12.3265976776332,35.3832021073435,1.72652430514591,2.86021461752236,35.1021070537471,2,4,0,0,0,1,0,1,1,0,0,0,0,0,0,0,0,0,0,0,0,16,0,0,0,0,0,0,1,0,0,0,0,0,0,1,0,21.3480587005615,3.71450161933899,10.5453109741211,17.2563953399658,1,12,43,1,88,48.8636363636364
"187",10,"DE",5,3,1993,0,0,5.03806426248258,18.4104,5.0461540222168,10.5431852340698,82.277214050293,13.4936923980713,2,1,699475,68.5351768491898,17.8470996104221,2.6672861789199,12.4906537045641,34.9384895814718,3.11297701066478,3.74852567997427,34.0941420350978,0,7,0,0,0,0,0,1,1,0,0,0,0,0,0,0,0,0,0,0,0,16,0,0,0,0,0,0,1,0,0,0,0,0,0,1,0,21.3016262054443,3.74388790130615,10.218466758728,16.8801975250244,1,22,39,2,94,41.4893617021277
"188",10,"DE",5,3,1994,0,0,5.19892266690758,18.3696,4.81538438796997,13.4571475982666,83.1700897216797,12.6406030654907,2,0,708416,68.425615743118,18.1339777757702,2.82743472761767,12.59062471768,34.5919629144458,2.50742825620902,2.83590432740085,33.6116067395429,8,9,5,0,0,0,0,1,1,0,0,0,0,0,0,0,0,0,0,0,0,16.9698638916016,8.3835620880127,0.484931498765945,0,0.465753436088562,0,0,1,0,0,0,0,0,0,1,0,21.3571281433105,3.84449744224548,9.8264217376709,16.5603542327881,2,18,45,1,80,56.25
"189",10,"DE",5,3,1995,0,0,5.45759573416497,18.6038,4.31538486480713,11.9826908111572,81.3783721923828,15.243260383606,2,1,718265,68.3160546370462,18.4622667121466,2.98162934293053,12.7146665924137,33.8531043556348,2.60238679959841,2.81372473947638,29.8817288883629,0,3,0,0,0,0,0,1,1,0,0,0,0,0,0,0,0,0,0,0,0,18,18,1,0,1,0,0,1,0,0,0,0,0,0,1,0,20.9754505157471,3.92882895469666,9.4863338470459,16.4059772491455,2,19,39,0,80,48.75
"190",10,"DE",5,3,1996,0,0,5.69668129117441,19.0349,5.13846158981323,12.9561443328857,82.71484375,14.1454410552979,2,0,727090,68.2064935309743,18.7670027094307,3.1278108624792,12.8557675115873,33.3151329271479,4.18167347874766,2.76169387558624,29.7170914192191,1,2,0,0,0,0,0,1,1,0,0,0,0,0,0,0,0,0,0,0,0,18,18,1,0,1,0,0,1,0,0,0,0,0,0,1,0,20.8206195831299,4.01429462432861,9.13334655761719,16.1561012268066,0,31,54,0,97,55.6701030927835
"191",10,"DE",5,3,1997,0,0,5.88824310498705,19.1641,3.98461532592773,12.9298496246338,84.4330749511719,14.4155721664429,2,1,735024,68.0969324249025,19.1448170399878,3.29159319967783,12.9133198371754,33.1421831123882,1.99514780054906,1.67069374605455,29.9146694529702,0,11,0,0,0,0,0,1,1,0,0,0,0,0,0,0,0,0,0,0,0,18,18,1,0,1,0,0,1,0,0,0,0,0,0,1,0,20.7469997406006,4.08470153808594,9.05764198303223,15.6447153091431,2,15,34,0,87,39.0804597701149
"192",10,"DE",5,3,1998,0,0,5.92958151561824,20.1617,3.69230771064758,11.7062044143677,85.2169418334961,14.9353265762329,2,0,744066,67.9873713188307,19.4806643496679,3.46286485338666,13.0108081809947,33.2018933804259,1.96375947350299,3.12472280684778,29.1304803606132,6,6,5,0,0,0,0,1,1,0,0,0,0,0,0,0,0,0,0,0,0,18,18,1,0,1,0,0,1,0,0,0,0,0,0,1,0,20.722225189209,4.07710886001587,9.23565673828125,14.9876527786255,3,15,34,0,68,50
"193",10,"DE",5,3,1999,0,0,6.63271128994158,20.4562,3.42307686805725,10.9044723510742,84.5096817016602,12.5871639251709,2,1,753538,67.8778102127589,19.8118741191552,3.68514925591012,13.0232317414649,33.4030931419517,2.32261061433051,3.55921001993264,28.342299923826,3,8,1,0,0,0,0,1,1,0,0,0,0,0,0,0,0,0,0,0,0,18,18,1,0,1,0,0,1,0,0,0,0,0,0,1,0,20.7611713409424,4.07914924621582,9.45857334136963,14.3290882110596,1,18,44,1,86,51.1627906976744
"194",10,"DE",5,3,2000,0,1,7.25991355247446,21.175,3.73076915740967,12.3650569915771,86.0891799926758,12.0956745147705,2,0,786373,67.7682491066871,19.6352112801431,4.81120282613976,12.9924348877695,34.4451042952899,1.14854517611026,3.78192028464863,27.1919305469542,0,5,0,0,0,0,0,1,1,0,9,0,0,0,0,0,0,0,0,0,0,18,18,1,0,1,0,0,1,0,0,0,0,0,0,1,0,20.6959037780762,4.09055233001709,9.65864753723145,13.8027372360229,2,9,40,0,82,48.780487804878
"195",10,"DE",5,3,2001,0,0,7.23766147751851,21.7986,3.5,11.9855318069458,84.6867599487305,13.2886390686035,2,1,795699,67.8625528090345,19.8859116324138,5.14114005421648,12.9993879595174,34.5065156547891,2.38783761196131,3.72502667465964,26.2888353510561,0,5,0,0,0,0,0,1,1,0,0,0,0,0,0,0,0,0,0,0,0,18,18,1,0,1,0,0,1,0,0,0,0,0,0,1,0,20.5069999694824,4.13020515441895,9.869309425354,13.3222484588623,3,19,53,0,108,49.0740740740741
"196",10,"DE",5,3,2002,0,1,7.04814995366976,22.0434,4.0230770111084,10.7791299819946,88.5260238647461,12.0678606033325,2,0,806169,67.9568565113819,20.1176180180582,5.48110879976779,13.0322550234504,34.4375683014356,3.47321715421952,3.84658799829812,26.654460789239,0,1,0,0,0,0,0,1,1,0,15,0,0,0,0,0,0,0,0,0,0,18,18,1,0,1,0,0,1,0,0,0,0,0,0,1,0,20.3147239685059,4.11514234542847,10.0077028274536,13.0234479904175,7,28,38,0,74,51.3513513513513
"197",10,"DE",5,3,2003,0,0,6.94985226215552,21.8874,4.26923084259033,11.4381704330444,88.6651458740234,11.7976388931274,2,1,818003,68.0511602137292,20.3202188745029,5.8189273144475,13.0872380663641,34.2601433002079,2.20048092733156,3.76648985394919,24.5304723821306,1,3,0,0,0,0,0,1,1,0,0,0,0,0,0,0,0,0,0,0,0,18,18,1,0,1,0,0,1,0,0,0,0,0,0,1,0,20.0938129425049,4.11697769165039,10.0493516921997,12.8970184326172,1,18,42,3,94,44.6808510638298
"198",10,"DE",5,3,2004,0,0,6.92101496985447,22.3519,3.99230766296387,11.501425743103,86.5046768188477,11.2361898422241,2,0,830803,68.1454639160766,20.4982408585429,6.1716195054664,13.1688258227281,33.9963866283584,3.24986789888818,3.84567701368435,25.8641338560405,1,1,0,1,0,0,0,1,1,0,0,0,0,0,0,0,0,0,0,0,0,18,18,1,0,1,0,0,1,0,0,0,0,0,0,1,0,19.8887100219727,4.13997077941895,9.96770572662354,12.8757362365723,1,27,45,1,93,48.3870967741936
"199",10,"DE",5,3,2005,0,0,6.7502810152044,22.297,4.13846158981323,12.5861320495605,86.9357299804688,11.4506950378418,2,1,845150,68.2397676184241,20.7914571377862,6.5520913447317,13.261432881737,33.8091463053896,3.90463231379045,3.76619534993788,23.7425309116725,1,3,0,1,0,0,0,1,1,0,0,0,0,0,0,0,0,0,0,0,0,18,18,1,0,1,0,0,1,0,0,0,0,0,0,1,0,19.6413650512695,4.25829744338989,9.90948390960693,12.7300481796265,0,33,42,0,83,50.6024096385542
"200",10,"DE",5,3,2006,0,1,6.67079421088648,22.6958,3.57692313194275,11.037691116333,85.9800720214844,11.5769062042236,2,0,859268,68.3340713207714,21.0443074803205,6.92193820786995,13.479845636053,33.5736929572613,3.95685630094453,3.59026520247466,21.5066777768985,1,1,1,0,0,0,0,1,1,0,5,0,0,0,0,0,0,0,0,0,0,18,18,1,0,1,0,0,1,0,0,0,0,0,0,1,0,19.3863849639893,4.32321453094482,9.86409378051758,12.5540580749512,0,34,42,0,91,46.1538461538462
"201",10,"DE",5,3,2007,0,1,6.70261738183812,22.4359,3.43846154212952,11.3778476715088,86.9025726318359,11.0240879058838,2,1,871749,68.4283750231188,21.3118684391952,7.24394292393797,13.6742342119119,33.5018451412046,3.44135754672503,3.58474744450524,22.3367047166099,4,5,1,1,0,0,0,1,1,0,4,0,0,0,0,0,0,0,0,0,0,18,18,1,0,1,0,0,1,0,0,0,0,0,0,1,0,19.22239112854,4.31133270263672,9.96812152862549,12.4144678115845,0,30,46,2,95,48.4210526315789
"202",10,"DE",5,3,2008,0,0,6.47716756008209,21.8425,4.9384617805481,12.4790496826172,87.8369598388672,10.4441499710083,2,0,883874,68.5226787254662,21.5407399697242,7.54915293356293,13.9970176744649,33.3421958333428,6.10946809160582,3.5740388335894,22.2667484279433,4,3,1,1,0,0,0,1,1,0,0,0,0,0,0,0,0,0,0,0,0,18,18,1,0,1,0,0,1,0,0,0,0,0,0,1,0,19.0685558319092,4.25105857849121,10.0225820541382,12.3750667572021,0,54,41,0,109,37.6146788990826
"203",10,"DE",5,3,2009,0,0,6.10610835118253,21.6288,8.26923084259033,11.5464611053467,88.9524307250977,9.90742015838623,1,1,891730,68.6169824278136,21.7218216276227,7.94130510356274,14.2140558240723,33.1944646922275,4.03709643053391,3.50666681618876,22.3049577786998,3,6,2,0,1,0,0,0,1,0,0,0,0,0,0,0,0,0,0,0,0,18,18,1,0,1,0,0,1,0,0,0,0,0,0,1,0,18.975923538208,4.14912605285645,10.0694160461426,12.4130620956421,0,36,38,0,107,35.5140186915888
"204",10,"DE",5,3,2010,0,0,5.90732118822181,21.3436,8.41538429260254,12.1616172790527,88.1490325927734,10.7752094268799,1,0,899731,68.711286130161,21.8976560772053,8.19144833289061,14.4588771532825,32.9586287457029,5.0115041862765,3.52327529005892,20.8351162736418,3,3,2,0,1,0,0,0,1,0,0,0,0,0,0,0,0,0,0,0,0,18,18,1,0,1,0,0,1,0,0,0,0,0,0,1,0,18.8005084991455,4.03898477554321,10.1191358566284,12.4461641311646,0,45,43,0,106,40.5660377358491
"205",10,"DE",5,3,2011,0,0,5.9394445429701,21.5625,7.50769233703613,11.6339845657349,89.3010711669922,10.7060785293579,1,1,907829,68.8055898325084,22.0092109857693,8.4030142240444,14.7103694638528,32.7232331198937,3.41474000059483,3.45769963286037,21.2275659843429,5,7,2,0,1,0,0,0,1,0,0,0,0,0,0,0,0,0,0,0,0,18,18,1,0,1,0,0,1,0,0,0,0,0,0,1,0,18.6564865112305,3.9065728187561,10.1601734161377,12.5944423675537,0,31,46,0,105,43.8095238095238
"206",10,"DE",5,3,2012,0,0,6.0422235819043,21.7857,7.22307682037354,11.8827571868896,89.0960006713867,9.91178035736084,1,0,916881,68.8998935348558,22.0706940159083,8.59010056921236,15.3221628542853,32.453284559283,5.01700875031765,3.43665099396759,20.385415337432,0,1,0,0,1,0,0,0,1,0,0,0,0,0,0,0,0,0,0,0,0,18,18,1,0,1,0,0,1,0,0,0,0,0,0,1,0,18.5299949645996,3.77857112884521,10.1447191238403,12.7362222671509,0,46,46,0,125,36.8
"207",10,"DE",5,3,2013,0,0,6.02762526479616,21.8535,6.72307682037354,12.6190004348755,90.3131561279297,10.2017822265625,1,1,925240,68.9941972372032,22.1372832994682,8.74540659720721,15.9428904932774,31.9156110846915,4.10704249708184,3.4239764817777,19.6532791491937,5,17,5,0,1,0,0,0,1,0,0,0,0,0,0,0,0,0,0,0,0,18,18,1,0,1,0,0,0.495890408754349,0,0.504109561443329,0,0,0,0,1,0,18.3633441925049,3.61127924919128,9.94098854064941,12.9671220779419,0,38,60,1,122,49.1803278688525
"208",10,"DE",5,3,2014,0,0,5.93620873565381,22.0462,5.7153844833374,11.4818363189697,91.2571029663086,9.29148387908936,1,0,935614,69.0885009395506,22.2400477119838,8.90591632874241,16.4498393568288,31.4190467436357,4.06150399630617,3.46617301579498,18.0202519415058,2,5,1,0,1,0,0,0,1,0,0,0,0,0,0,0,0,0,0,0,0,18,18,1,0,1,0,0,0,0,1,0,0,0,0,1,0,18.1733074188232,3.65695691108704,9.58878326416016,13.2192335128784,0,38,59,1,126,46.8253968253968
"209",12,"FL",5,3,1989,0,0,2.95662578929406,17.6913,5.56923055648804,11.8308868408203,77.8936233520508,16.1083450317383,1,1,12637717,78.4203752744758,13.6582641529022,11.8924876200038,18.1948326235396,31.9124850872892,8.28547791884592,3.79886651995768,18.497803044648,NA,NA,NA,NA,1,1,0,0,1,0,0,0,0,0,0,0,0,0,0,0,0,18,0,1,0,0,0,0,1,0,0,0,0,0,1,0,0,18.6112155914307,3.61027002334595,9.69069766998291,16.4603729248047,42,1050,1305,14,2076,62.8612716763006
"210",12,"FL",5,3,1990,1,0,3.24103679686351,17.3359,6.11538457870483,12.7977638244629,78.5560989379883,17.2510585784912,1,0,13018365,78.6650348749869,13.7731658315003,12.2499868455063,18.2298391541488,32.2642205837676,8.03719685735566,3.86415652042326,17.0250258000909,3,39,0,0,1,1,0,0,1,11,0,0.0844960177410911,0.172222222222222,0,0,0,0,0,0,0,0,18,0,1,0,0,0,0,1,0,0,0,0,0,1,0,0,19.3687057495117,3.56336259841919,9.30848979949951,16.1892681121826,34,1041,1309,17,2086,62.751677852349
"211",12,"FL",5,3,1991,0,0,3.42074647370025,16.8546,7.53846168518066,12.7261056900024,79.7383041381836,16.579216003418,1,1,13289497,79.2266288833678,13.9420626679851,12.5125653739942,18.2952447334914,31.938755846064,7.18681831326945,3.91053175300766,15.4252640261704,3,26,2,0,1,0,0,0,1,0,0,0,0,11,1,0,0,0,0,0.756164371967316,0,18,0,1,0,0,0,0,1,0,0,0,0,0,1,0,0,19.319730758667,3.46025419235229,9.04209613800049,16.151762008667,49,961,1292,12,2095,61.6706443914081
"212",12,"FL",5,3,1992,0,1,3.51112847122592,16.9846,8.22307682037354,12.9622755050659,80.0236663818359,15.9048633575439,1,0,13504775,79.7882228917485,14.1716244809706,12.7809756178833,18.3445929310188,31.8779468743463,6.73784812612021,3.92002088150302,14.6625915648354,4,10,1,0,1,0,0,0,1,0,4,0,0,0,0,0,0,0,0,3,0,18,0,1,0,0,0,0,1,0,0,0,0,0,1,0,0,19.3942546844482,3.46517825126648,8.81876373291016,15.9208059310913,47,920,1205,26,2027,59.4474592994573
"213",12,"FL",5,3,1993,0,0,3.69523873138134,17.1675,7.12307691574097,12.5077352523804,79.6102142333984,15.7249565124512,2,1,13713593,80.3498169001293,14.3583523296922,13.0623827030597,18.4825596034533,31.9891584940577,6.84033509459401,4.10745746938822,13.9937068279626,4,38,0,0,0,0,0,1,1,0,0,0,0,0,0,0,0,0,0,3,0,18,0,1,0,0,0,0,1,0,0,0,0,0,1,0,0,19.5961360931396,3.48150753974915,8.62364482879639,15.5290679931641,37,953,1273,18,2130,59.7652582159624
"214",12,"FL",5,3,1994,0,0,3.94684123062087,17.2413,6.4538459777832,12.9515752792358,81.3372497558594,14.8827972412109,2,0,13961798,80.9114109085103,14.5561409784041,13.4045772614673,18.5419456720402,31.9682536590201,6.21979258746741,4.17825841628707,13.5834940456809,2,25,1,1,0,0,0,1,1,0,0,0,0,0,0,0,0,0,0,3,0,18,18,1,0,1,0,0,1,0,0,0,0,0,1,0,0,19.6315326690674,3.54273653030396,8.4341287612915,15.1639699935913,38,886,1267,17,2075,61.0602409638554
"215",12,"FL",5,3,1995,0,1,4.26642796119363,17.6414,5.53846168518066,12.4798994064331,82.8033447265625,14.3719892501831,2,1,14185403,81.4730049168911,14.7252566599624,13.848982647867,18.5242322689035,31.882245432153,5.56229432746361,3.58269694558554,12.988139991511,1,23,0,0,0,0,0,1,1,0,4,0,0,0,0,0,0,0,0,3,0,18,18,1,0,1,0,0,1,0,0,0,0,0,1,0,0,19.548791885376,3.60774183273315,8.28317737579346,14.8347263336182,31,809,1294,14,2165,59.7690531177829
"216",12,"FL",5,3,1996,1,0,4.42374670502923,17.8403,5.13846158981323,13.7966289520264,81.4693603515625,13.9582424163818,2,0,14426911,82.0345989252719,14.8871508252875,14.3137293908585,18.5497713266547,31.7566872076774,5.1007413234405,3.8375505331668,12.7406344989582,1,7,0,0,0,0,0,1,1,6,0,0.0415889444386258,0.108333333333333,0,0,0,0,0,0,3,0,18,18,1,0,1,0,0,1,0,0,0,0,0,1,0,0,19.4323234558105,3.67150592803955,8.14022541046143,14.5024156570435,31,758,1253,20,2153,58.1978634463539
"217",12,"FL",5,3,1997,1,1,4.37189061079386,18.0657,4.76923084259033,15.6503810882568,81.4299926757812,14.3867311477661,0,1,14683350,82.5961929336527,15.0871497308176,14.6867302080247,18.4230369772566,31.7578345541038,4.75176815794088,3.87466075520913,14.0253416284431,1,24,0,0,0,0,1,0,1,4,4,0.0272417397937119,0.936111111111111,0,0,6,1,0,0,3,0,18,18,1,0,1,0,0,1,0,0,0,0,0,1,0,0,19.3062057495117,3.75581836700439,8.10100364685059,14.1131572723389,25,722,1210,9,2098,57.67397521449
"218",12,"FL",5,3,1998,1,0,4.4220541271499,18.8341,4.3230767250061,15.1448202133179,81.9208908081055,13.7247352600098,0,0,14908230,83.1577869420335,15.2631331821417,15.0368688972467,18.2767303697354,31.7711693474007,4.36227028549252,3.99738936144666,12.1528176047727,1,20,1,0,0,0,1,0,1,8,0,0.0536616352175946,1.60555555555556,0,0,4,1,0,0,3,0,18,18,1,0,1,0,0,1,0,0,0,0,0,1,0,0,19.1805286407471,3.79139733314514,8.15605926513672,13.6844730377197,24,676,1177,8,2172,54.1896869244936
"219",12,"FL",5,3,1999,1,1,4.52709254115677,19.0065,3.8923077583313,13.657506942749,82.7480697631836,13.7769222259521,0,1,15111244,83.7193809504145,15.4416406749835,15.4481192944803,18.1444294063414,31.8030401732644,3.45824887855969,3.85719402055847,11.8682485704023,4,36,1,0,0,1,1,0,1,5,9,0.0330879443148426,0.0972222222222222,0,0,8,1,0,0,3,0,18,18,1,0,1,0,0,1,0,0,0,0,0,1,0,0,19.1061267852783,3.81166291236877,8.24289131164551,13.2790727615356,14,545,1136,14,2029,55.9881715130606
"220",12,"FL",5,3,2000,0,1,4.39052401571209,19.5079,3.68461537361145,13.1488475799561,83.9591903686523,13.3860025405884,0,0,16047515,84.2809749587952,15.2014003414236,16.9314750601573,17.5239281595936,31.1361291763865,2.92196818270723,4.01894000410655,11.0369736373513,3,14,1,0,0,1,1,0,1,0,4,0,0,0,0,5,1,0,0,3,0,18,18,1,0,1,0,0,1,0,0,0,0,0,1,0,0,18.9399166107178,3.83544731140137,8.360764503479,12.9743452072144,13,467,1186,11,2086,56.8552253116012
"221",12,"FL",5,3,2001,0,0,4.39329640961533,19.5933,4.64615392684937,12.7098379135132,84.0673828125,12.2471590042114,0,1,16356966,84.5969149794505,15.3349527045541,17.495047675712,17.3247226900148,31.2785635184422,3.50309464481371,3.85407660564924,11.1044432078663,1,32,0,1,0,1,1,0,1,0,0,0,0,0,0,0,0,0,0,3,0,18,18,1,0,1,0,0,1,0,0,0,0,0,1,0,0,18.8342018127441,3.8744044303894,8.5699577331543,12.6660223007202,23,573,1197,14,2314,51.7286084701815
"222",12,"FL",5,3,2002,0,0,4.42239581242432,19.6047,5.6307692527771,13.0155353546143,83.295036315918,11.9905338287354,0,0,16689370,84.9128550001058,15.4465507086247,18.0565833221985,17.1254217504915,31.3425491795077,3.80481707817611,4.18002596862554,10.8965766832421,2,8,1,0,0,1,1,0,1,0,0,0,0,0,0,0,0,0,0,3,0,18,18,1,0,1,0,0,1,0,0,0,0,0,1,0,0,18.7162246704102,3.90071034431458,8.72561359405518,12.496337890625,26,635,1205,8,2338,51.5397775876818
"223",12,"FL",5,3,2003,0,1,4.62306557512504,19.7148,5.20769214630127,13.9751968383789,84.6923904418945,12.3656511306763,0,1,17004085,85.2287950207609,15.5581085368604,18.5856633861804,16.9914111814896,31.3690621988775,3.88142025872018,4.04302848403781,10.3692730305688,1,10,0,0,0,1,1,0,1,0,8,0,0,0,0,0,0,0,0,3,0,18,18,1,0,1,0,0,1,0,0,0,0,0,1,0,0,18.5614280700684,3.90891361236572,8.89872074127197,12.3692750930786,27,660,1242,3,2297,54.0705267740531
"224",12,"FL",5,3,2004,1,0,4.81024808160264,20.4781,4.6307692527771,13.6515560150146,85.9396286010742,12.5510129928589,0,0,17415318,85.5447350414162,15.6543566990853,19.1283845635205,16.8375334863251,31.3751376805178,3.71512021773016,4.14037802812444,10.4423588475387,3,17,1,0,0,1,1,0,1,4,0,0.0229682857355806,0.155555555555556,0,0,0,0,0,0,3,0,18,18,1,0,1,0,0,1,0,0,0,0,0,1,0,0,18.3931064605713,3.94776606559753,9.03426551818848,12.3007402420044,21,647,1197,14,2389,50.1046462955211
"225",12,"FL",5,3,2005,0,0,4.91255539305543,21.09,3.69230771064758,13.3589763641357,86.7818298339844,12.1806612014771,0,1,17842038,85.8606750620714,15.7812409098109,19.7514824259426,16.7082202156503,31.2888976023927,3.53659150372844,3.98754895601052,9.88227914322344,3,30,0,0,0,1,1,0,1,0,0,0,0,0,0,4,1,0,0,3,0,18,18,1,0,1,0,0,1,0,0,0,0,0,1,0,0,18.200963973999,4.03964519500732,9.04828834533691,12.2461519241333,23,631,1163,7,2347,49.5526203664252
"226",12,"FL",5,3,2006,0,0,5.0293416796068,21.8038,3.22307682037354,14.3611669540405,86.7140884399414,11.7731027603149,0,0,18166990,86.1766150827267,15.9453987699668,20.4435627475988,16.5373240146001,31.2424017407397,4.42010481648308,4.07612928724021,9.63654408352732,6,13,2,0,0,1,1,0,1,0,0,0,0,0,0,0,0,0,0,3,0,18,18,1,0,1,0,0,1,0,0,0,0,0,1,0,0,18.0597229003906,4.08435297012329,9.09832572937012,12.229076385498,25,803,1227,10,2440,50.2868852459016
"227",12,"FL",5,3,2007,0,0,5.20442194570271,21.8162,4.00769233703613,14.0596475601196,87.62060546875,11.6536054611206,0,1,18367842,86.4925551033818,16.0654637599779,21.0810611284657,16.6223990820479,31.1362869955001,5.09041835181291,4.05937725291844,8.78018223371042,2,16,0,0,0,1,1,0,1,0,0,0,0,0,0,0,0,0,0,3,0,18,18,1,0,1,0,0,1,0,0,0,0,0,1,0,0,17.8955211639404,4.05097675323486,9.18978977203369,12.1806688308716,16,935,1284,16,2587,49.6327792810205
"228",12,"FL",5,3,2008,0,0,5.41379331748465,20.9513,6.2846155166626,14.6700458526611,88.3880615234375,12.039867401123,0,0,18527305,86.8084951240371,16.2051739311249,21.6392076451486,16.9209930964055,30.9571521600146,4.78213102229385,3.98719619502135,9.04200583948934,3,18,1,1,0,1,1,0,1,0,0,0,0,0,0,0,0,0,0,3,0,18,18,1,0,1,0,0,1,0,0,0,0,0,1,0,0,17.7373180389404,3.95160007476807,9.26823425292969,12.1469421386719,21,886,1397,12,2740,50.985401459854
"229",12,"FL",5,3,2009,0,1,5.53010071923316,19.7776,10.4076919555664,13.8657655715942,88.7708740234375,11.9758892059326,0,1,18652644,87.1244351446924,16.3170111432996,22.1111119688983,17.1863838713697,30.7103647075449,4.3103808768344,3.87264132634494,9.12910791628254,2,16,0,0,0,1,1,0,1,0,14,0,0,0,0,0,0,0,0,3,0,18,18,1,0,1,0,0,1,0,0,0,0,0,1,0,0,17.5626087188721,3.86750531196594,9.28024959564209,12.1630210876465,23,804,1472,7,2858,51.5045486354094
"230",12,"FL",5,3,2010,1,0,5.52242653650339,20.0458,11.0461540222168,13.6317520141602,88.5318603515625,11.0969610214233,0,0,18852220,87.4403751653475,16.4067680092848,22.5624992706429,17.3976804853752,30.4758590765438,4.07950297080363,3.83986607412814,9.04689209016233,2,4,0,1,0,1,1,0,1,4,0,0.0212176603073802,0,0,0,0,0,0,0,3,0,18,18,1,0,1,0,0,1,0,0,0,0,0,1,0,0,17.4219913482666,3.79758977890015,9.25627899169922,12.2067060470581,15,767,1454,15,2789,52.1333811401936
"231",12,"FL",5,3,2011,1,0,5.42602797795676,20.3096,10,14.375602722168,89.6473083496094,10.4167232513428,0,1,19107900,87.7563151860027,16.5893164607309,22.9651924073289,17.5821414179476,30.2429675683879,4.27571842012989,3.76540593157804,9.23905819059133,6,35,2,1,0,1,1,0,1,4,0,0.0209337499149566,0.161111111111111,0,0,4,1,0,0,3,0,18,18,1,0,1,0,0,1,0,0,0,0,0,1,0,0,17.2397384643555,3.72587776184082,9.27735137939453,12.3280267715454,30,817,1490,18,2880,51.7361111111111
"232",12,"FL",5,3,2012,0,0,5.29530555962135,20.3063,8.51538467407227,14.6713304519653,89.3634033203125,10.1512336730957,0,0,19355257,88.0722552066578,16.6977168011771,23.2950717213416,18.1525825257706,29.9911130087294,4.45357041758732,3.39354832643142,9.09489344419451,4,4,1,1,0,1,1,0,1,0,0,0,0,0,0,4,1,0,0,3,0,18,18,1,0,1,0,0,1,0,0,0,0,0,1,0,0,17.1110668182373,3.64233350753784,9.23771286010742,12.448034286499,22,862,1550,15,3002,51.6322451698867
"233",12,"FL",5,3,2013,1,0,5.22843744673235,20.2355,7.29230785369873,14.503511428833,89.8304595947266,9.83070850372314,0,1,19600311,88.388195227313,16.7416986393736,23.7115523320013,18.6242197891656,29.7098091963949,4.16319924719562,3.46520011850832,9.01087742944487,2,43,1,0,0,1,1,0,1,6,0,0.030611759170556,0.0888888888888889,0,0,0,0,0,0,3,0,18,18,1,0,1,0,0,1,0,0,0,0,0,1,0,0,16.976282119751,3.59265732765198,9.14087009429932,12.5716829299927,22,816,1566,11,2928,53.4836065573771
"234",12,"FL",5,3,2014,0,0,5.17505971986443,20.464,6.25384616851807,14.956901550293,90.9357147216797,8.94587707519531,0,0,19893297,88.7041352479681,16.7752937082274,24.0727768755476,19.0594047834303,29.3413102916022,4.10691098614775,3.21832022112775,8.86167838342734,4,19,0,0,0,1,1,0,1,0,0,0,0,0,0,6,1,0,0,3,0,18,18,1,0,1,0,0,1,0,0,0,0,0,1,0,0,16.8324794769287,3.54415369033813,8.96467781066895,12.727991104126,30,817,1538,2,3035,50.6754530477759
"235",13,"GA",5,3,1989,0,1,3.09401510227517,15.4512,5.50769233703613,13.4007959365845,71.1063690185547,14.6272506713867,1,1,6411087,50.06475023384,27.0068782386269,1.63510442609672,9.99431453490322,38.5835470907031,9.20331524905246,3.05502015492849,65.1997079434423,1,6,0,0,1,0,0,0,1,0,4,0,0,0,0,0,0,0,0,0,0,21,0,1,1,0,0,0,1,0,0,0,0,0,0.353424668312073,0.646575331687927,0,22.4641361236572,4.46079540252686,11.6575088500977,18.1772575378418,29,591,647,22,855,75.672514619883
"236",13,"GA",5,3,1990,0,1,3.32711855211325,15.4124,5.46153831481934,12.359094619751,74.2096481323242,13.0715579986572,1,0,6506531,50.3329002923027,27.0733206373719,1.69131600233673,10.0614444163872,38.2237324313063,8.37526105210554,3.14407170272454,55.6339468758391,4,8,1,0,1,0,0,0,1,0,11,0,0,0,0,0,0,0,0,0,0,21,0,1,1,0,0,0,1,0,0,0,0,0,1,0,0,22.4997634887695,4.33072662353516,11.3937101364136,18.1101970672607,48,543,660,30,880,75
"237",13,"GA",5,3,1991,0,1,3.48527829744072,15.1747,5.192307472229,11.060622215271,73.9163970947266,12.2163753509521,1,1,6621279,51.4196197470333,27.286827816801,1.79184414370698,10.0826592566179,37.7837423857234,9.81082387783256,3.42788757277861,53.6867574980604,0,11,0,0,1,0,0,0,1,0,4,0,0,0,0,0,0,0,0,0,0,21,0,1,1,0,0,0,1,0,0,0,0,0,1,0,0,22.4632320404053,4.19652462005615,11.1009540557861,18.0825958251953,45,653,658,16,893,73.6842105263158
"238",13,"GA",5,3,1992,0,1,3.62690943111846,15.5879,6.90769243240356,12.0018768310547,73.8487930297852,14.0820159912109,1,0,6759474,52.5063392017641,27.4579649244897,1.91115462534511,10.0876784199481,37.5416785388922,8.2984875053515,3.72706515329447,53.9025669748859,1,7,0,0,1,0,0,0,1,0,4,0,0,0,0,0,0,0,0,0,0,21,0,1,1,0,0,0,1,0,0,0,0,0,1,0,0,22.4806118011475,4.1840033531189,10.8482904434204,17.8717136383057,50,566,603,19,811,74.3526510480888
"239",13,"GA",5,3,1993,0,1,3.84909281744427,15.7036,6.00769233703613,11.5777750015259,74.7222213745117,13.9869766235352,1,1,6894092,53.5930586564946,27.6762625157889,2.01011242669811,10.0967030901241,37.4137304811134,8.4221213031829,4.09887190365316,50.9471007929688,2,11,0,0,1,0,0,0,1,0,4,0,0,0,0,0,0,0,0,0,0,21,0,1,1,0,0,0,1,0,0,0,0,0,1,0,0,22.5272426605225,4.19899559020996,10.6544198989868,17.5977325439453,61,588,658,23,856,76.8691588785047
"240",13,"GA",5,3,1994,0,0,4.34351892590017,16.0885,5.22307682037354,12.0507192611694,79.0342864990234,12.9299459457397,1,0,7045900,54.679778111225,27.879348273464,2.13264451666927,10.0537191842064,37.1233625228856,8.11316992301286,5.58707901048837,49.361330702962,1,12,1,0,1,0,0,0,1,0,0,0,0,0,0,0,0,0,0,0,0,18.9863014221191,12.0821914672852,1,0.328767120838165,0.671232879161835,0,0,1,0,0,0,0,0,1,0,0,22.3684387207031,4.2697491645813,10.4607763290405,17.3996124267578,40,581,615,24,835,73.6526946107784
"241",13,"GA",5,3,1995,1,0,4.7081896207546,16.4853,4.83846139907837,12.6920013427734,78.2058639526367,13.5149507522583,1,1,7188538,55.7664975659559,28.0219566203865,2.32883237175626,10.0232620318624,36.8804755570604,7.10470466451816,3.67404331729206,48.7367528696378,3,15,1,0,1,0,0,0,1,4,0,0.055644137931802,0.0722222222222222,0,0,0,0,0,0,0,0,18,18,1,0,1,0,0,1,0,0,0,0,0,1,0,0,22.2525119781494,4.35376644134521,10.2638864517212,17.1942539215088,37,521,598,18,825,72.4848484848485
"242",13,"GA",5,3,1996,0,1,4.73280620821101,16.8983,4.66923093795776,12.9837617874146,76.5253601074219,13.3021650314331,1,0,7332225,56.8532170206863,28.196747917583,2.51852609542124,9.98252235849282,36.6120515941614,6.98057681145635,3.81125783783231,46.2909962528428,2,6,2,0,1,0,0,0,1,0,6,0,0,4,1,0,0,0,0,0,0,18,18,1,0,1,0,0,1,0,0,0,0,0,1,0,0,22.1681995391846,4.40362548828125,10.0575132369995,17.0186405181885,47,525,644,25,867,74.2791234140715
"243",13,"GA",5,3,1997,1,1,4.78513895230276,17.1704,4.56923055648804,12.7897205352783,78.796630859375,12.350905418396,1,1,7486094,57.9399364754172,28.3718451838836,2.74096210921209,9.93234923312478,36.4300662000771,5.77265490769928,3.25389983080629,45.6993994464937,1,7,0,0,1,0,0,0,1,4,8,0.05343240413492,0.788888888888889,0,0,0,0,0,0,0,0,18,18,1,0,1,0,0,1,0,0,0,0,0,1,0,0,22.0428905487061,4.42603254318237,10.0045948028564,16.7772083282471,49,444,646,23,903,71.5393133997785
"244",13,"GA",5,3,1998,0,1,4.96076617077774,18.1246,4.26923084259033,12.934196472168,80.0366287231445,12.8223876953125,1,0,7636522,59.0266559301476,28.5438711497197,2.89283524620239,9.85775985455159,36.4127936775406,5.45086464816956,3.28932464281515,43.4366587302439,3,7,0,0,1,0,0,0,1,0,8,0,0,4,1,0,0,0,0,0,0,18,18,1,0,1,0,0,1,0,0,0,0,0,1,0,0,22.0619201660156,4.37654256820679,10.070876121521,16.4479942321777,31,429,600,22,822,72.992700729927
"245",13,"GA",5,3,1999,1,1,5.22274608897517,18.4787,3.92307686805725,12.2552576065063,80.7160034179688,12.4675102233887,1,1,7788240,60.1133753848781,28.7086299343626,3.07599663081775,9.77297823385001,36.347146466981,5.44372241241417,3.28315511591836,42.7099062175793,1,8,0,0,1,0,0,0,1,9,5,0.115558842562633,1.66666666666667,0,0,0,0,0,0,0,0,18,18,1,0,1,0,0,1,0,0,0,0,0,1,0,0,22.1700820922852,4.31147766113281,10.1571655273438,16.0869445800781,18,438,628,15,873,71.9358533791523
"246",13,"GA",5,3,2000,1,1,5.24606909457449,18.9154,3.57692313194275,11.9092769622803,82.5545196533203,11.4308195114136,1,0,8227303,61.2000948396088,28.986096658893,5.36720235051511,9.58321335679505,36.7240029934475,5.39916371595855,3.57383215374467,40.1287031728381,5,6,2,0,1,0,0,0,1,4,4,0.0486186056354069,0.108333333333333,9,1,0,0,0,0,0,0,18,18,1,0,1,0,0,1,0,0,0,0,0,1,0,0,22.1588172912598,4.29670572280884,10.2684803009033,15.7881746292114,39,442,588,21,847,69.4214876033058
"247",13,"GA",5,3,2001,0,0,5.38185454094872,18.9692,4.0461540222168,10.1035308837891,82.5249633789062,10.2228736877441,1,1,8377038,61.6185844121273,29.122131235408,5.77922649986785,9.5501417087997,36.7860334404595,5.41957670479709,3.58790302729915,40.0080553532167,0,8,0,0,1,0,0,0,1,0,0,0,0,4,1,0,0,0,0,0,0,18,18,1,0,1,0,0,1,0,0,0,0,0,1,0,0,22.1539993286133,4.29198265075684,10.3400506973267,15.4692144393921,23,454,626,12,935,66.951871657754
"248",13,"GA",5,3,2002,0,0,5.48772862499671,18.8716,5.00769233703613,11.3549842834473,82.8860168457031,10.582332611084,1,0,8508256,62.0370739846459,29.2739663686659,6.15032034767172,9.54806719496922,36.7562283034267,5.60631932090431,3.13236931281804,39.7314091160398,4,6,1,0,1,0,0,0,1,0,0,0,0,0,0,0,0,0,0,0,0,18,18,1,0,1,0,0,1,0,0,0,0,0,1,0,0,22.1323623657227,4.31000185012817,10.3138647079468,15.1951351165771,19,477,614,8,909,67.5467546754675
"249",13,"GA",5,3,2003,1,1,5.48847687750361,18.8171,4.82307720184326,12.3555250167847,85.0571746826172,10.3123121261597,2,1,8622793,62.4555635571644,29.4162923776554,6.49595786423262,9.59846768906548,36.6709139370503,5.71740502178355,3.58862841772962,38.478831626829,2,9,1,0,0,1,0,1,1,4,8,0.0463886817183249,0,0,0,0,0,0,0,0,0,18,18,1,0,1,0,0,1,0,0,0,0,0,1,0,0,22.0989074707031,4.32768106460571,10.2443256378174,14.9344882965088,12,493,656,6,972,67.4897119341564
"250",13,"GA",5,3,2004,0,1,5.60549520073092,18.9476,4.7615385055542,10.9702701568604,85.1626815795898,10.8114995956421,2,0,8769252,62.8740531296829,29.6106441005459,6.8714412586159,9.60951971730314,36.6417569024131,4.77805860750723,3.34144805052928,38.5488978991595,0,4,0,0,0,1,0,1,1,0,4,0,0,0,0,0,0,4,1,0,0,18,18,1,0,1,0,0,1,0,0,0,0,0,1,0,0,21.9630470275879,4.36593675613403,10.3127727508545,14.7667779922485,24,419,605,7,973,62.1788283658787
"251",13,"GA",5,3,2005,0,0,5.59337175476102,19.195,5.3461537361145,11.9633827209473,85.7047348022461,9.03518581390381,0,1,8925922,63.2925427022016,29.8010894560808,7.24809156970003,9.73070345001894,36.4302645709877,4.91825942462863,3.22778980143452,37.17207029145,1,9,0,0,0,1,1,0,1,0,0,0,0,0,0,0,0,0,0,0,0,18,18,1,0,1,0,0,1,0,0,0,0,0,1,0,0,21.882926940918,4.48526191711426,10.0620756149292,14.4878253936768,16,439,590,9,924,63.8528138528139
"252",13,"GA",5,3,2006,0,0,5.54511106769,19.3892,4.70769214630127,13.3706359863281,84.1680145263672,9.83181667327881,0,0,9155813,63.7110322747201,30.135707227747,7.64173536528105,9.89287352199089,36.2791157923387,5.40640137582539,3.36988097070135,34.357298472566,3,9,1,0,0,1,1,0,1,0,0,0,0,0,0,0,0,0,0,0,0,18,18,1,0,1,0,0,1,0,0,0,0,0,1,0,0,21.7586803436279,4.51986074447632,10.0005760192871,14.3338117599487,20,495,600,9,923,65.0054171180932
"253",13,"GA",5,3,2007,0,0,5.72449932556063,19.4751,4.5230770111084,12.6606073379517,86.1228866577148,10.5009098052979,0,1,9349988,64.1295218472386,30.3789052991298,8.03389266381946,9.99987379662947,36.2049555571622,5.9572268969757,3.10620719513223,33.6437864946992,0,9,0,0,0,1,1,0,1,0,0,0,0,0,0,0,0,0,0,0,0,18,18,1,0,1,0,0,1,0,0,0,0,0,1,0,0,21.753246307373,4.51682949066162,9.93487930297852,14.1225528717041,25,557,641,11,997,64.2928786359077
"254",13,"GA",5,3,2008,0,1,5.62734176671829,18.8683,6.2384614944458,13.14830493927,86.7660598754883,10.5246267318726,0,0,9504843,64.5480114197571,30.5802631353301,8.36416761434145,10.2299217356878,36.0660139257429,5.41829044414516,3.49390305552653,41.1255609377241,2,6,1,0,0,1,1,0,1,0,10,0,0,0,0,0,0,0,0,0,0,18,18,1,0,1,0,0,1,0,0,0,0,0,1,0,0,21.6338138580322,4.44864797592163,9.98355293273926,13.9985685348511,31,515,616,5,981,62.7930682976555
"255",13,"GA",5,3,2009,1,1,5.7013697132248,18.188,9.92307662963867,13.1153059005737,87.7695770263672,10.0920372009277,0,1,9620846,64.9665009922757,30.790618621273,8.63130955427413,10.4632898187956,35.8958661223763,4.73970792173578,3.61808098788818,28.4041548944864,0,14,0,0,0,1,1,0,1,4,18,0.041576385278384,0,0,0,0,0,0,0,0,0,18,18,1,0,1,0,0,1,0,0,0,0,0,1,0,0,21.4637145996094,4.37373161315918,10.0584192276001,13.909161567688,27,456,743,11,1134,65.5202821869488
"256",13,"GA",5,3,2010,0,1,5.8375840396341,17.8906,10.5461540222168,12.6099910736084,86.5083312988281,8.8465518951416,0,0,9714464,65.3849905647942,30.9423247643926,8.83981864568133,10.7151048168998,35.6857053564664,4.57283100457872,3.37434983546184,31.1072232086093,1,4,0,0,0,1,1,0,1,0,4,0,0,0,0,4,1,0,0,0,0,18,18,1,0,1,0,0,1,0,0,0,0,0,1,0,0,21.3280620574951,4.31439161300659,10.0432510375977,13.7646398544312,42,443,718,13,1133,63.3715798764342
"257",13,"GA",5,3,2011,0,1,5.72575655996448,18.394,10.2384614944458,13.9967966079712,87.7030868530273,9.33601379394531,0,1,9813201,65.8034801373127,31.1054058711322,8.97872162202731,10.9582591857642,35.5187873966915,4.47356576106003,3.50874296776353,31.3288192099601,0,6,0,0,0,1,1,0,1,0,4,0,0,0,0,0,0,0,0,0,0,18,18,1,0,1,0,0,1,0,0,0,0,0,1,0,0,21.1474018096924,4.2218132019043,10.1495733261108,13.7719383239746,27,439,742,10,1157,64.1313742437338
"258",13,"GA",5,3,2012,0,0,5.61548543199919,18.4202,9.17692279815674,13.2165718078613,88.0438537597656,9.02831935882568,0,0,9919000,66.2219697098312,31.2018046174009,9.0766307087408,11.4869744933965,35.3394192963,4.84927916120577,3.50529287226535,32.721141244077,2,11,1,0,0,1,1,0,1,0,0,0,0,0,0,0,0,0,0,0,0,18,18,1,0,1,0,0,1,0,0,0,0,0,1,0,0,20.9263744354248,4.15454196929932,10.2585039138794,13.7147693634033,36,481,750,6,1168,64.2123287671233
"259",13,"GA",5,3,2013,0,1,5.47586990341638,18.4547,8.20769214630127,13.4700555801392,88.3965072631836,8.87295150756836,0,1,9994759,66.6404592823498,31.3562438073794,9.14628356721758,11.9659113341302,35.0805657244962,4.72247504917327,2.90852435761583,36.3765649576943,2,23,0,1,0,1,1,0,1,0,11,0,0,0,0,0,0,0,0,0,0,18,18,1,0,1,0,0,1,0,0,0,0,0,1,0,0,20.7593097686768,4.13029479980469,10.1909608840942,13.6623001098633,24,472,747,5,1212,61.6336633663366
"260",13,"GA",5,3,2014,0,0,5.29604669267945,18.7615,7.19230794906616,12.4040622711182,89.2887268066406,8.7133903503418,0,0,10097343,67.0589488548683,31.5309086756783,9.26262483110656,12.3947260185179,34.8096623042319,5.011219288084,2.87055713567421,36.3843240741649,3,6,1,0,0,1,1,0,1,0,0,0,0,0,0,0,0,0,0,0,0,18,18,1,0,1,0,0,1,0,0,0,0,0,1,0,0,20.5690650939941,4.12339162826538,10.117205619812,13.701000213623,30,506,840,5,1294,64.9149922720247
"261",15,"HI",9,4,1989,0,0,1.63715164848015,19.1296,2.51538467407227,7.75750112533569,82.2806625366211,13.8286561965942,1,1,1094584,67.806840628218,2.49163152393969,7.20703025076193,10.9615159731916,36.9709405582395,1.64092690491102,2.7617798177207,11.0334154345395,1,14,0,0,1,0,0,0,1,0,0,0,0,0,0,0,0,0,0,10,10,18,0,1,0,0,0,1,0,0,1,0,0,0,0,1,0,21.7878532409668,3.97446703910828,11.2087020874023,18.3290138244629,5,18,36,0,109,33.0275229357798
"262",15,"HI",9,4,1990,0,0,1.66531410448251,19.4533,2.6538462638855,8.50921249389648,83.1438980102539,15.7514457702637,1,0,1112703,67.41467693049,2.50507098480008,7.31776583688549,11.2368709350114,36.1254530633961,1.80188946128911,2.83813380569658,11.886370397132,3,17,3,0,1,0,0,0,1,0,0,0,0,0,0,0,0,0,0,10,10,18,0,1,0,0,0,1,0,0,1,0,0,0,0,1,0,21.3783493041992,3.78027296066284,10.9525804519653,18.1931419372559,2,20,34,0,125,27.2
"263",15,"HI",9,4,1991,0,0,1.65015043149622,19.3411,2.86153841018677,9.57036113739014,85.6842880249023,15.4266242980957,1,1,1131412,67.5728086718784,2.62433136646951,7.46279869755668,11.442162536724,35.8844523480394,1.49454359715544,2.899916210894,8.76868903635457,0,30,0,0,1,0,0,0,1,0,0,0,0,0,0,0,0,0,0,10,10,18,0,1,0,0,0,1,0,0,1,0,0,0,0,1,0,21.5796031951904,3.758948802948,10.4347114562988,17.9947471618652,3,17,34,3,107,31.7757009345794
"264",15,"HI",9,4,1992,0,0,1.81750825705306,19.8591,4.3230767250061,10.1062860488892,86.5689315795898,12.1221332550049,1,0,1149926,67.7309404132668,2.84609618358051,7.55109459217376,11.7077098874188,35.7272554929622,1.37991703248842,2.94801578536358,8.77447766204086,4,23,3,0,1,0,0,0,1,0,0,0,0,0,0,0,0,0,0,12.032787322998,12.032787322998,18,0,1,0,0,0,1,0,0,1,0.502732217311859,0.502732217311859,0,0,1,0,21.6642665863037,3.82232904434204,10.0646200180054,17.6889953613281,3,16,34,0,129,26.3565891472868
"265",15,"HI",9,4,1993,0,0,2.03528516376986,19.75,4.48461532592773,9.51752185821533,86.6421890258789,13.5229663848877,1,1,1161508,67.8890721546552,2.85180988852423,7.58324522947754,12.0574287908478,35.7223540431921,1.27793894007744,2.91345388925431,8.71625507529866,4,32,3,0,1,0,0,0,1,0,0,0,0,0,0,0,0,0,0,14,14,18,0,1,0,0,0,1,0,0,1,1,1,0,0,1,0,21.8539981842041,3.86720085144043,9.77159690856934,17.2421932220459,3,15,31,2,120,25.8333333333333
"266",15,"HI",9,4,1994,0,0,2.09898092091084,19.4366,5.53076934814453,9.80050563812256,85.4376678466797,14.6613311767578,1,0,1173903,68.0472038960437,2.92588058808948,7.63845053637311,12.3586020310026,35.7044832494678,1.93460203974345,2.8051721479543,9.09189260100707,2,44,2,0,1,0,0,0,1,0,0,0,0,0,0,0,0,0,0,14,14,19.5123291015625,0,1,0.504109561443329,0,0,1,0,0,1,1,1,0,0,1,0,21.9627017974854,3.95263814926147,9.52771091461182,16.8157424926758,2,23,50,3,138,36.231884057971
"267",15,"HI",9,4,1995,0,0,2.18214470262349,19.1592,5.8692307472229,10.5095500946045,84.11767578125,13.9449310302734,1,1,1180490,68.2053356374321,2.94928377199299,7.68799396860626,12.663893806809,35.6366424112021,2.25370546740599,2.72852798414218,8.88275207752713,0,30,0,0,1,0,0,0,1,0,0,0,0,0,0,0,0,0,0,14,14,21,0,1,1,0,0,1,0,0,1,1,1,0,0,1,0,21.9225578308105,4.0242166519165,9.39755344390869,16.3124332427979,0,27,45,1,142,31.6901408450704
"268",15,"HI",9,4,1996,0,0,2.41887686439261,18.5049,6.2615385055542,8.37509822845459,84.3835525512695,10.7533197402954,1,0,1184434,68.3634673788205,2.93954749694791,7.82044419528652,12.9595232828507,35.5067483709519,1.49303375334585,2.77938660997574,8.89369943787497,4,35,2,0,1,0,0,0,1,0,0,0,0,0,0,0,0,0,0,14,14,21,0,1,1,0,0,1,0,0,1,1,1,0,0,1,0,21.7535953521729,4.12226724624634,9.32224559783936,15.7655839920044,0,18,27,1,127,21.259842519685
"269",15,"HI",9,4,1997,0,0,2.82513902879119,18.5597,6.23076915740967,9.38904476165771,83.7327270507812,12.4585914611816,1,1,1189322,68.5215991202089,2.93461316615685,7.98152224544741,13.1601870645628,35.2472248894748,1.40136492944128,2.8545675603411,8.47037219525074,3,34,1,0,1,0,0,0,1,0,0,0,0,0,0,0,0,0,0,14,14,21,0,1,1,0,0,1,0,0,1,1,1,0,0,1,0,21.3724365234375,4.18911552429199,9.34213161468506,15.2390975952148,0,17,40,0,138,28.9855072463768
"270",15,"HI",9,4,1998,0,0,3.16177112943438,18.5051,6.09999990463257,10.1211023330688,84.5818405151367,13.3029546737671,1,0,1190472,68.6797308615973,2.93051831542447,8.04563232062577,13.3921671404283,34.8572666975788,0.657241279024391,2.82660994966702,8.07494842381845,0,35,0,0,1,0,0,0,1,0,0,0,0,0,0,0,0,0,0,14,14,21,0,1,1,0,0,1,0,0,1,1,1,0,0,1,0,20.894100189209,4.19121265411377,9.39828014373779,14.872127532959,2,8,27,0,116,23.2758620689655
"271",15,"HI",9,4,1999,1,0,3.29988182171697,18.7269,5.3923077583313,10.2773370742798,88.0277099609375,11.7161245346069,1,1,1185497,68.8378626029857,2.84707595211122,8.05198157397277,13.6557916215731,34.506455942107,1.56985871271586,2.90932832390128,7.88361337059478,4,27,1,1,1,0,0,0,1,7,0,0.590469651125224,0.55,0,0,0,0,0,0,14,14,21,0,1,1,0,0,1,0,0,1,1,1,0,0,1,0,20.6164588928223,4.16136503219604,9.40915489196777,14.3918037414551,0,19,23,0,136,16.9117647058824
"272",15,"HI",9,4,2000,0,0,3.37118743093433,19.0837,4.24615383148193,10.1947135925293,87.3679275512695,11.2785501480103,1,0,1213519,68.9959943443741,1.89020526254636,7.2507311381198,13.276677167807,33.9031362508539,0.742858039003349,2.98141191032032,7.6265802183567,2,39,1,0,1,0,0,0,1,0,0,0,0,7,1,0,0,0,0,14,14,21,0,1,1,0,0,1,0,0,1,1,1,0,0,1,0,20.2602519989014,4.07822227478027,9.56466293334961,14.0465040206909,4,9,37,1,137,27.007299270073
"273",15,"HI",9,4,2001,0,0,3.52298792444704,19.0122,4.50769233703613,10.6999635696411,89.1092376708984,10.7695894241333,1,1,1225948,69.2424236197591,2.03646484190194,7.45920707892994,13.3273189401182,33.8597558787159,0.734125754110289,2.87940434667702,7.23277006855103,2,43,1,0,1,0,0,0,1,0,0,0,0,0,0,0,0,0,0,14,14,21,0,1,1,0,0,1,0,0,1,1,1,0,0,1,0,19.989917755127,4.00237226486206,9.86746597290039,13.7493600845337,1,9,31,3,136,22.7941176470588
"274",15,"HI",9,4,2002,0,0,3.59870378900512,19.3262,4.2153844833374,11.3454904556274,87.8921890258789,12.0696306228638,1,0,1239613,69.488852895144,2.11638632379622,7.66715095759725,13.347149473263,33.7387555632282,1.21005507363992,2.86621711776175,7.28614495007716,1,8,0,0,1,0,0,0,1,0,0,0,0,0,0,0,0,0,0,14,14,21,0,1,1,0,0,1,0,0,1,1,1,0,0,1,0,19.7581825256348,3.92662882804871,10.0539445877075,13.6259460449219,0,15,21,0,120,17.5
"275",15,"HI",9,4,2003,0,0,3.77731278483704,19.6419,4.11538457870483,10.7847194671631,88.5035705566406,10.692626953125,1,1,1251154,69.7352821705288,2.03651988484231,7.80655299027937,13.4252857761714,33.6598851939889,0.799262121209699,2.85576355908226,6.70421067270696,0,19,0,0,1,1,0,0,1,0,0,0,0,0,0,0,0,0,0,14,14,21,0,1,1,0,0,1,0,0,1,1,1,0,0,1,0,19.5736904144287,3.96609854698181,10.1200971603394,13.3860416412354,1,10,24,1,131,18.3206106870229
"276",15,"HI",9,4,2004,0,0,3.90634508220599,20.3356,3.38461542129517,10.5948905944824,87.9593048095703,10.4217863082886,1,0,1273569,69.9817114459137,1.9245914434161,7.96077793978968,13.3849834598675,33.4914716046009,0.628155993118551,2.69086323552159,7.09188116230844,1,13,1,0,1,1,0,0,1,0,0,0,0,0,0,0,0,0,0,14,14,21,0,1,1,0,0,1,0,0,1,1,1,0,0,1,0,19.443941116333,3.96295762062073,10.0845737457275,13.2823581695557,0,8,31,0,116,26.7241379310345
"277",15,"HI",9,4,2005,0,0,3.90337031195247,20.7544,2.85384607315063,10.3025093078613,87.22900390625,11.4481725692749,1,1,1292729,70.2281407212986,1.93884410421674,8.09581899996055,13.4781535805262,33.1571427576855,0.386778667454664,2.76005257095648,6.48859892521944,0,16,0,0,1,1,0,0,1,0,0,0,0,0,0,0,0,0,0,14,14,21,0,1,1,0,0,1,0,0,1,1,1,0,0,1,0,19.0860576629639,4.00439691543579,10.0666885375977,13.3831605911255,0,5,22,1,107,20.5607476635514
"278",15,"HI",9,4,2006,0,0,3.81146968346935,21.3473,2.6076922416687,11.9718742370605,88.6893539428711,11.122013092041,1,0,1309731,70.4745699966835,1.89099899139594,8.27062961783756,13.4994895898471,32.8924030965137,0.687164005433177,2.7898858620587,6.26922627623535,3,18,0,0,1,1,0,0,1,0,0,0,0,0,0,0,0,0,0,14,14,21,0,1,1,0,0,1,0,0,1,1,1,0,0,1,0,18.8037090301514,4.0493049621582,10.0393896102905,13.4420728683472,2,9,21,0,120,17.5
"279",15,"HI",9,4,2007,0,0,3.78664943850115,21.9406,2.79230761528015,11.0206079483032,89.4372787475586,10.1704330444336,1,1,1315675,70.7209992720684,1.77581849620917,8.44790696790621,13.6488114465959,32.534554506242,0.532046288027058,2.79552321051932,5.90951412772911,0,13,0,0,1,1,0,0,1,0,0,0,0,0,0,0,0,0,0,14,14,21,0,1,1,0,0,1,0,0,1,1,1,0,0,1,0,18.7560005187988,4.06171751022339,9.71683692932129,13.3396167755127,2,7,27,0,133,20.3007518796992
"280",15,"HI",9,4,2008,0,0,3.83947611980967,21.8683,4.307692527771,9.6030101776123,90.945068359375,11.2946920394897,1,0,1332213,70.9674285474533,1.73996200307308,8.65709912754192,13.8462092773453,32.2494225773206,0.825693789206381,2.84864357276201,6.56126310132089,1,12,0,0,1,1,0,0,1,0,0,0,0,0,0,0,0,0,0,14,14,21,0,1,1,0,0,1,0,0,1,1,1,0,0,1,0,18.6429653167725,3.95807576179504,9.64838218688965,13.5315446853638,0,11,28,1,133,21.0526315789474
"281",15,"HI",9,4,2009,0,0,3.80183809961558,21.901,7.1538462638855,11.0822105407715,90.3110733032227,9.89966487884521,1,1,1346717,71.2138578228382,1.70748568555977,8.84410013388113,14.1365260852874,32.0585542471061,0.742546503831169,2.8231618075661,5.09089883026649,0,10,0,0,1,1,0,0,1,0,0,0,0,0,0,0,0,0,0,14,14,21,0,1,1,0,0,1,0,0,1,1,1,0,0,1,0,18.6270027160645,3.85700941085815,9.57454299926758,13.6063480377197,0,10,36,0,175,20.5714285714286
"282",15,"HI",9,4,2010,0,0,3.65995820961179,21.7077,6.93846130371094,10.5100183486938,91.228515625,8.52871036529541,1,0,1363950,71.4602870982231,1.68297958136295,8.96755746178379,14.413724843286,31.8826203306573,0.514591991037278,2.73103852780527,5.43055097327615,2,3,0,1,1,1,0,0,1,0,0,0,0,0,0,0,0,0,0,14,14,21,0,1,1,0,0,1,0,0,1,1,1,0,0,1,0,18.5132884979248,3.76238131523132,9.6069507598877,13.681586265564,1,7,37,0,207,17.8743961352657
"283",15,"HI",9,4,2011,0,0,3.63068845950411,21.7105,6.8230767250061,9.83461284637451,92.0436706542969,9.35805511474609,1,1,1378251,71.7067163736079,1.94543664397849,9.30222434084938,14.6923165664309,31.8657486916389,0.217667173831182,2.708505199706,6.53146632942766,0,17,0,0,1,0,0,0,1,0,0,0,0,0,0,0,0,0,0,14,14,21,0,1,1,0,0,1,0,0,1,1,1,0,0,1,0,18.5286273956299,3.64665079116821,9.69046974182129,14.0086240768433,0,3,42,0,181,23.2044198895028
"284",15,"HI",9,4,2012,0,0,3.5878245161068,22.0563,6.00769233703613,8.85828590393066,90.8482055664062,9.06114292144775,1,0,1392766,71.9531456489929,2.1500381255717,9.63198412367907,15.1430319235248,31.793495820547,0.430797420385047,2.67094400638729,6.94804439511016,2,9,1,0,1,0,0,0,1,0,0,0,0,0,0,0,0,0,0,14,14,21,0,1,1,0,0,1,0,0,1,1,1,0,0,1,0,18.5092830657959,3.50762438774109,9.77658843994141,14.3548879623413,0,6,43,0,190,22.6315789473684
"285",15,"HI",9,4,2013,0,0,3.37050661219727,22.0432,4.8461537361145,9.78141212463379,92.9380569458008,9.0180139541626,1,1,1408987,72.1995749243778,2.32372619477681,9.9010849638783,15.5968082033404,31.6595539916266,0.496810829340512,2.59619144818228,6.96599755711018,2,16,0,0,1,0,0,0,1,0,0,0,0,0,0,0,0,0,0,14,14,21,0,1,1,0,0,1,0,0,1,1,1,0,0,1,0,18.4672393798828,3.41202569007874,9.78028869628906,14.6853733062744,1,7,28,0,171,16.374269005848
"286",15,"HI",9,4,2014,0,0,3.29045387975578,22.264,4.37692308425903,9.56418895721436,93.1906280517578,9.55877590179443,1,0,1419561,72.4460041997626,2.4559705430059,10.090373009684,16.0721518835753,31.4583874873993,0.352221567090107,2.65997727466449,5.10016829146476,3,21,0,0,1,0,0,0,1,0,0,0,0,0,0,0,0,0,0,14,14,21,0,1,1,0,0,1,0,0,1,1,1,0,0,1,0,18.3555335998535,3.37259197235107,9.73026180267334,14.8775568008423,1,5,33,0,204,16.1764705882353
"287",16,"ID",8,4,1989,0,0,1.7246147271036,13.7407,5.29230785369873,10.0407800674438,77.2824630737305,14.4739608764648,0,1,994425,26.8644518035589,0.348844809814717,5.1365361892551,11.9784679805234,40.6800506020559,2.11261867132382,2.49088669331523,240.068381225331,NA,NA,NA,NA,0,0,1,0,1,0,0,0,0,0,0,0,0,0,0,0,0,16,0,0,0,0,0,0,1,0,0,0,0,0,0,1,0,26.0763320922852,4.72357082366943,9.88258171081543,15.4617471694946,13,21,109,1,160,68.125
"288",16,"ID",8,4,1990,0,0,1.88263058340795,13.8644,5.53076934814453,10.3964328765869,79.6334075927734,14.0488042831421,0,0,1011882,27.6335014983874,0.349843163530926,5.28569536764168,12.0176067960493,40.7050426828425,1.4900272476316,2.47459684034304,238.640473889248,0,2,0,0,0,0,1,0,1,0,0,0,0,0,0,0,0,0,0,0,0,16,0,0,0,0,0,0,1,0,0,0,0,0,0.504109561443329,0.495890408754349,0,26.1145973205566,4.83936929702759,9.74096775054932,15.0183134078979,11,15,138,0,192,71.875
"289",16,"ID",8,4,1991,0,0,1.9751375232815,13.5966,6.23076915740967,10.3114643096924,78.6963806152344,13.6143999099731,0,1,1038915,29.5365341306128,0.396471318635307,5.49130583348975,11.9464056250993,40.3539269333872,1.15201953825137,2.54400023101024,227.91084929951,2,4,0,0,0,0,1,0,1,0,0,0,0,0,0,0,0,0,0,0,0,16,0,0,0,0,0,0,1,0,0,0,0,0,1,0,0,25.503210067749,4.91330194473267,9.87500476837158,14.6688423156738,11,12,120,1,165,72.7272727272727
"290",16,"ID",8,4,1992,0,0,2.06190400285047,14.1045,6.37692308425903,11.4862041473389,81.0529556274414,14.2553939819336,0,0,1066490,31.4395667628378,0.432352858442179,5.78692720981913,11.8777485020957,40.4413543493141,2.05214883302691,2.5748014514904,231.012011364382,1,1,0,0,0,0,1,0,1,0,0,0,0,0,0,0,0,0,0,0,0,16,0,0,0,0,0,0,1,0,0,0,0,0,1,0,0,25.2179508209229,5.10551118850708,9.99080848693848,14.1941890716553,13,22,124,0,168,73.8095238095238
"291",16,"ID",8,4,1993,0,0,2.20758369929641,14.5181,6.00769233703613,12.0934724807739,82.9877243041992,14.5229320526123,0,1,1101204,33.3425993950632,0.48692158764407,6.02676706586609,11.7227144107722,40.4935870192989,1.44289603663513,2.43642413213174,229.935597763902,4,7,3,0,0,0,1,0,1,0,0,0,0,0,0,0,0,0,0,0,0,16,0,0,0,0,0,0,1,0,0,0,0,0,1,0,0,24.9092693328857,5.19964504241943,10.2002401351929,13.8110046386719,7,16,139,1,189,73.5449735449735
"292",16,"ID",8,4,1994,0,1,2.38493860192222,14.6635,5.43076944351196,9.80628871917725,85.4172744750977,14.2385501861572,0,0,1135459,35.2456320272881,0.505170155857675,6.28565188175002,11.5644862562189,40.6105372364832,2.09557205624515,2.3981491185503,217.632693034271,1,2,1,0,0,0,1,0,1,0,4,0,0,0,0,0,0,0,0,0,0,17.0082187652588,9.07397270202637,0.504109561443329,0,0.504109561443329,0,0,1,0,0,0,0,0,1,0,0,24.6957569122314,5.36537027359009,10.3220567703247,13.4367847442627,11,24,129,2,201,64.1791044776119
"293",16,"ID",8,4,1995,0,0,2.6343347639485,14.9005,5.4153847694397,10.3327903747559,86.4307250976562,14.4291296005249,0,1,1165000,37.1486646595135,0.54343347639485,6.51871244635193,11.4620600858369,40.4413733905579,2.2079010588584,2.46266094420601,202.0669527897,2,2,2,0,0,1,1,0,1,0,0,0,0,0,0,0,0,0,0,0,0,18,18,1,0,1,0,0,1,0,0,0,0,0,1,0,0,24.2348308563232,5.42978048324585,10.4973831176758,13.2111692428589,11,26,132,5,186,70.9677419354839
"294",16,"ID",8,4,1996,0,0,3.01421395530544,15.0644,5.30000019073486,11.0586051940918,85.9206466674805,14.9973373413086,0,0,1187706,39.0516972917389,0.550893908088365,6.75124988844041,11.4324588745026,40.2539012179782,2.65906175006149,2.44504953246005,197.780427142744,0,0,0,0,0,1,1,0,1,0,0,0,0,0,0,0,0,0,0,0,0,18,18,1,0,1,0,0,1,0,0,0,0,0,1,0,0,23.9464778900146,5.46329736709595,10.5164813995361,13.0926132202148,6,32,127,2,177,71.7514124293785
"295",16,"ID",8,4,1997,0,0,3.19748760570873,15.0584,5.14615392684937,11.5096426010132,85.7312927246094,13.6323823928833,0,1,1210638,40.9547299239639,0.557309451710586,6.99523722202673,11.3597128125831,40.1075300791814,2.03493080828266,2.26987753564649,193.617745354103,1,2,0,0,0,1,1,0,1,0,0,0,0,0,0,0,0,0,0,0,0,18,18,1,0,1,0,0,1,0,0,0,0,0,1,0,0,23.666036605835,5.45672845840454,10.6172466278076,12.975531578064,10,26,143,2,209,68.4210526315789
"296",16,"ID",8,4,1998,0,0,3.24715680834626,15.7976,5.12307691574097,10.9562101364136,82.7336196899414,12.0771799087524,0,0,1230923,42.8577625561893,0.584114522191884,7.20053163357903,11.3626928735591,39.9401912223592,1.43691695098996,2.56880406004275,185.213859843386,2,2,2,0,0,1,1,0,1,0,0,0,0,0,0,0,0,0,0,0,0,18,18,1,0,1,0,0,1,0,0,0,0,0,1,0,0,23.5512199401855,5.36999034881592,10.7306385040283,12.8853416442871,8,18,133,1,201,66.1691542288557
"297",16,"ID",8,4,1999,0,1,3.56475193736518,16.1705,4.9153847694397,11.1405191421509,84.7534790039062,11.7067127227783,0,1,1251700,44.7607951884142,0.604058480466565,7.4321323000719,11.3468882320045,39.5013980985859,1.25423893565284,2.58847966765199,199.922505392666,0,1,0,0,0,1,1,0,1,0,4,0,0,0,0,0,0,0,0,0,0,18,18,1,0,1,0,0,1,0,0,0,0,0,1,0,0,23.5086708068848,5.23605537414551,10.7573719024658,12.921404838562,9,16,125,1,181,69.060773480663
"298",16,"ID",8,4,2000,0,0,3.99251979714182,16.6631,4.70769214630127,11.8695697784424,86.2136154174805,13.0667657852173,0,0,1299430,46.6638278206395,0.456276982984847,7.92947677058403,11.2709418745142,39.2646775894046,1.08195583610842,2.53726633985671,191.767159446834,3,3,2,0,0,1,1,0,1,0,0,0,0,0,0,0,0,0,0,0,0,18,18,1,0,1,0,0,1,0,0,0,0,0,1,0,0,23.3903331756592,5.11678218841553,10.7575626373291,13.0197086334229,4,14,107,0,167,64.0718562874251
"299",16,"ID",8,4,2001,0,0,4.3630043895203,16.721,5.09230756759644,11.8537979125977,87.3061218261719,13.8009042739868,0,1,1319962,47.0488107725531,0.498650718732812,8.2628893862096,11.2766882682986,39.1948404575283,1.89399391800673,2.63643953386537,187.008413878581,0,0,0,0,0,1,1,0,1,0,0,0,0,0,0,0,0,0,0,0,0,18,18,1,0,1,0,0,1,0,0,0,0,0,1,0,0,23.2540035247803,5.01537179946899,10.9254655838013,12.8715829849243,9,25,136,1,210,64.7619047619048
"300",16,"ID",8,4,2002,0,0,4.37565093869463,16.7246,5.56923055648804,13.1097450256348,86.7612915039062,12.7277164459229,0,0,1340372,47.4337937244667,0.529554481890102,8.56762152596443,11.3270793481213,38.9967113607267,1.11909231168661,2.61270751701766,183.743020594283,1,1,1,0,0,1,1,0,1,0,0,0,0,0,0,0,0,0,0,0,0,18,18,1,0,1,0,0,1,0,0,0,0,0,1,0,0,23.1634941101074,4.88737440109253,10.9458417892456,12.8647871017456,8,15,137,1,202,67.8217821782178
"301",16,"ID",8,4,2003,1,0,4.21085830802858,16.7315,5.59999990463257,13.7197046279907,88.2068481445312,11.8350486755371,0,1,1363380,47.8187766763804,0.555751147882469,8.8525576141648,11.3754052428523,38.844416083557,1.39359532925523,2.59502119731843,179.963033050213,1,1,1,0,0,1,1,0,1,4,0,0.293388490369523,0.158333333333333,0,0,0,0,0,0,0,0,18,18,1,0,1,0,0,1,0,0,0,0,0,1,0,0,23.0460319519043,4.77020359039307,11.0281801223755,12.8659658432007,2,19,137,4,217,63.1336405529954
"302",16,"ID",8,4,2004,0,0,4.3511936324276,17.4238,4.92307710647583,14.905047416687,87.8690567016602,11.5071134567261,0,0,1391802,48.2037596282939,0.587224332196677,9.14699073575121,11.4284215714592,38.5876726718312,1.14958880645379,2.6009446746017,176.953331005416,0,1,0,0,0,1,1,0,1,0,0,0,0,0,0,4,1,0,0,0,0,18,18,1,0,1,0,0,1,0,0,0,0,0,1,0,0,22.9198551177979,4.71999597549438,10.9478216171265,12.9427890777588,6,16,151,1,236,63.9830508474576
"303",16,"ID",8,4,2005,0,0,4.61826820543592,17.4436,4.00769233703613,14.0572919845581,89.0856246948242,10.5384120941162,0,1,1428241,48.5887425802075,0.618383031995301,9.47634187787635,11.491898076025,38.3529810445156,1.96045345288365,2.57589580469963,171.79033510451,2,2,0,0,0,1,1,0,1,0,0,0,0,0,0,0,0,0,0,0,0,18,18,1,0,1,0,0,1,0,0,0,0,0,1,0,0,22.8832530975342,4.74870824813843,10.721019744873,12.9714107513428,5,28,160,1,228,70.1754385964912
"304",16,"ID",8,4,2006,0,1,4.74647452897828,18.052,3.5,13.1528511047363,88.9271697998047,10.8543195724487,0,0,1468669,48.9737255321212,0.647252716575348,9.90658889102991,11.6259007305254,38.0342337177403,1.63413267387001,2.65274204058232,170.663369350071,6,7,2,1,0,1,1,0,1,0,6,0,0,0,0,0,0,0,0,0,0,18,18,1,0,1,0,0,1,0,0,0,0,0,1,0,0,22.844425201416,4.71474504470825,10.4750623703003,13.0239696502686,5,24,145,3,222,65.3153153153153
"305",16,"ID",8,4,2007,0,1,4.7976719232213,18.1114,3.08461546897888,11.8533563613892,89.9606781005859,12.2146005630493,0,1,1505105,49.3587084840348,0.676032569156305,10.3130346387794,11.717521368941,37.8293208779454,1.92677587277964,2.70280146567847,169.209457147508,2,3,1,0,0,1,1,0,1,0,5,0,0,0,0,0,0,0,0,0,0,18,18,1,0,1,0,0,1,0,0,0,0,0,1,0,0,22.9198627471924,4.65455913543701,10.2548990249634,13.1795454025269,7,29,147,0,223,65.9192825112108
"306",16,"ID",8,4,2008,0,1,4.76041503728036,17.316,5.0846152305603,13.05198097229,90.6532287597656,11.7224416732788,0,0,1534320,49.7436914359483,0.688904530997445,10.6793889149591,11.9387090046405,37.6501642421398,0.847280880129308,2.90747692788988,166.247588508264,1,2,0,1,0,1,1,0,1,0,6,0,0,0,0,0,0,0,0,0,0,18,18,1,0,1,0,0,1,0,0,0,0,0,1,0,0,22.9651565551758,4.56149959564209,10.1235074996948,13.296443939209,5,13,149,2,252,59.1269841269841
"307",16,"ID",8,4,2009,0,1,4.7251773791059,16.7795,8.7615385055542,11.5514583587646,90.4639663696289,10.145866394043,0,1,1554439,50.1286743878619,0.714341315419904,10.989044922316,12.2052393178504,37.3929758581713,0.64331890797902,2.71158919713157,164.095857090564,4,5,1,3,0,1,1,0,1,0,4,0,0,0,0,0,0,0,0,0,0,18,18,1,0,1,0,0,1,0,0,0,0,0,1,0,0,22.9572849273682,4.45298910140991,9.98270130157471,13.3633422851562,6,10,176,0,304,57.8947368421053
"308",16,"ID",8,4,2010,0,0,4.72100845579411,16.7231,8.96923065185547,11.967490196228,90.2434158325195,9.50136566162109,0,0,1570639,50.5136573397755,0.698632849432619,11.2672612866483,12.4902030320144,37.1378146092132,0.76551019340615,2.76384325105896,163.413744342271,5,7,1,0,0,1,1,0,1,0,0,0,0,0,0,0,0,0,0,0,0,18,18,1,0,1,0,0,1,0,0,0,0,0,1,0,0,22.9051990509033,4.40604114532471,9.82657337188721,13.3210754394531,3,12,182,1,290,62.7586206896552
"309",16,"ID",8,4,2011,0,1,4.78917526424125,17.0077,8.26923084259033,12.4186553955078,89.2269973754883,9.07032203674316,0,1,1583780,50.8986402916893,0.735708242306381,11.4702168230436,12.7561908850977,36.849814999558,1.01024132139565,2.68408491078306,160.498932932604,1,3,0,0,0,1,1,0,1,0,4,0,0,0,0,0,0,0,0,0,0,18,18,1,0,1,0,0,1,0,0,0,0,0,1,0,0,22.6825695037842,4.3685359954834,9.79870986938477,13.3132762908936,3,16,167,4,281,59.4306049822064
"310",16,"ID",8,4,2012,0,1,4.92733095594733,17.3876,7.18461513519287,11.5648174285889,89.8826217651367,10.3119134902954,0,0,1595590,51.2836232436028,0.760972430260907,11.641336433545,13.3234728219655,36.5234803426946,1.1281093513998,2.67299243540007,158.294424006167,1,2,0,0,0,1,1,0,1,0,5,0,0,0,0,0,0,0,0,0,0,18,18,1,0,1,0,0,1,0,0,0,0,0,1,0,0,22.4416675567627,4.34121561050415,9.74059772491455,13.2104110717773,7,18,176,2,297,59.2592592592593
"311",16,"ID",8,4,2013,0,1,5.03024782945395,17.6262,6.11538457870483,12.4180355072021,90.1838073730469,10.8944759368896,0,1,1612843,51.6686061955164,0.805782087903162,11.841450159749,13.8311664557555,36.2270227170283,0.868032412330276,2.64873890391067,154.217118467204,1,5,0,0,0,1,1,0,1,0,4,0,0,0,0,0,0,0,0,0,0,18,18,1,0,1,0,0,1,0,0,0,0,0,1,0,0,22.2339057922363,4.33092355728149,9.66219234466553,13.1779098510742,8,14,200,2,308,64.9350649350649
"312",16,"ID",8,4,2014,0,1,5.0040869667365,18.0109,4.81538438796997,11.5144281387329,90.8470993041992,8.78499889373779,0,0,1634464,52.0535891474301,0.826387121404938,12.022412240343,14.2784423517434,35.9211949605498,1.2848248722517,2.60941813340643,154.708210153298,2,3,0,0,0,1,1,0,1,0,4,0,0,0,0,0,0,0,0,0,0,18,18,1,0,1,0,0,1,0,0,0,0,0,1,0,0,22.0299129486084,4.344482421875,9.546799659729,13.1769189834595,4,21,182,2,320,56.875
"313",17,"IL",3,2,1989,0,1,2.00669951567865,18.2061,6.03846168518066,10.0858497619629,77.2450408935547,13.8581094741821,1,1,11409780,74.0162463446133,14.9089443043355,7.72812785528198,12.4387269348195,36.868731531751,5.73136555865808,3.14984162709535,29.2269439025117,3,49,0,0,1,1,0,0,1,0,12,0,0,4,1,0,0,0,0,3,1,21,21,1,1,1,1,1,0,0,1,0,0,0,0,0,1,21.8210983276367,4.18967008590698,10.8582172393799,17.5506381988525,28,656,547,11,1171,46.7122117847993
"314",17,"IL",3,2,1990,0,0,2.28130059468092,18.2651,6.13846158981323,9.6414737701416,78.2593765258789,13.7905225753784,1,0,11446979,74.1753321478606,14.9450435787468,7.9447162434735,12.5286418364181,36.3248766333895,7.78632574386501,3.31362536788091,28.805329336238,3,17,2,0,1,1,0,0,1,0,0,0,0,0,0,0,0,0,0,3,1,21,21,1,1,1,1,1,0,0,1,0,0,0,0,0,1,21.6320838928223,4.04464530944824,10.6479034423828,17.4729652404785,40,892,556,13,1158,48.013816925734
"315",17,"IL",3,2,1991,0,1,2.45449603600841,17.7279,7.24615383148193,10.5106191635132,80.0695953369141,13.1773834228516,1,1,11535973,74.5984006484862,15.0037972522994,8.14214804420919,12.5779680656326,36.1810139465479,8.33608683351798,3.38792401819942,29.7238039652139,3,37,1,0,1,1,0,0,1,0,9,0,0,0,0,0,0,0,0,3,1,21,21,1,1,1,1,1,0,0,1,0,0,0,0,0,1,21.8416271209717,3.99227619171143,10.3483419418335,17.2969074249268,31,968,560,14,1189,47.0984020185029
"316",17,"IL",3,2,1992,0,0,2.61078518911197,18.4494,7.88461542129517,10.3873958587646,80.1132965087891,12.0903043746948,1,0,11635197,75.0214691491118,15.078524239856,8.3730168040988,12.6127645281812,36.0222865156473,8.17204863599875,3.30196386017358,28.0351076135625,2,31,2,0,1,1,0,0,1,0,0,0,0,0,0,0,0,0,0,3,1,21,21,1,1,1,1,1,0,0,1,0,0,0,0,0,1,21.9057006835938,4.03391981124878,10.0963525772095,17.026575088501,36,956,527,25,1142,46.1471103327496
"317",17,"IL",3,2,1993,0,0,2.81997655804408,18.3522,7.43076944351196,10.275128364563,79.1611785888672,11.695912361145,2,1,11725984,75.4445376497374,15.1564678921615,8.62558741338893,12.6333193018172,35.8766138517672,8.36989414241972,3.3308931685392,27.5687737592001,5,63,4,0,0,1,0,1,1,0,0,0,0,0,0,0,0,0,0,3,1,21,21,1,1,1,1,1,0,0,1,0,0,0,0,0,1,21.914514541626,4.05204105377197,9.93675518035889,16.7190456390381,51,989,575,24,1160,49.5689655172414
"318",17,"IL",3,2,1994,0,1,3.00830513479643,18.6854,5.7846155166626,10.1076021194458,81.0303802490234,12.2316942214966,2,0,11804986,75.867606150363,15.2060324340918,8.91430112665953,12.6116625635981,35.8370014161813,8.75035823614255,3.46836497730705,27.4452676182759,6,62,3,0,0,1,0,1,1,0,4,0,0,0,0,0,0,0,0,3,1,21,21,1,1,1,1,1,0,0,1,0,0,0,0,0,1,21.9817028045654,4.13301563262939,9.76879501342773,16.3880386352539,33,1043,488,24,1068,45.6928838951311
"319",17,"IL",3,2,1995,0,0,3.12109405730869,19.1353,5.16923093795776,10.2214345932007,82.3181991577148,12.2151460647583,0,1,11884935,76.2906746509886,15.2397131326339,9.19724003538934,12.5964508850911,35.794743513532,7.1413530117283,3.52353630878082,27.3282100406944,2,53,1,0,0,1,1,0,1,0,0,0,0,0,0,0,0,0,0,3,1,21,21,1,1,1,1,1,0,0,1,0,0,0,0,0,1,22.0176372528076,4.23877000808716,9.61174201965332,16.0648460388184,41,858,537,15,1118,48.0322003577818
"320",17,"IL",3,2,1996,0,1,3.20045096617143,19.6148,5.2846155166626,11.039231300354,83.170280456543,12.0878915786743,0,0,11953003,76.7137431516142,15.2459929943965,9.51595176542665,12.5461275296258,35.7310208990996,7.33306137144764,3.55274737235488,27.4640607050797,2,24,0,1,0,1,1,0,1,0,5,0,0,0,0,0,0,0,0,3,1,21,21,1,1,1,1,1,0,0,1,0,0,0,0,0,1,22.0452461242676,4.33813524246216,9.44363117218018,15.78981590271,24,888,489,11,1061,46.0885956644675
"321",17,"IL",3,2,1997,0,1,3.31515382455277,20.1033,4.7846155166626,11.1626863479614,84.4173583984375,11.8342323303223,2,1,12011509,77.1368116522398,15.2650179090737,9.84751374702379,12.4726626771041,35.7248119282931,6.84861341004436,3.23781133577804,26.6958131571978,8,48,2,0,0,1,0,1,1,0,4,0,0,0,0,0,0,0,0,3,1,21,21,1,1,1,1,1,0,0,1,0,0,0,0,0,1,22.0371971130371,4.40453433990479,9.40128707885742,15.4406776428223,26,835,411,14,901,45.6159822419534
"322",17,"IL",3,2,1998,0,0,3.47305591637424,20.8154,4.43076944351196,11.3935813903809,84.157600402832,11.3357372283936,2,0,12069774,77.5598801528654,15.267974363066,10.1809031387,12.4141015399294,35.671819538626,6.35080322598006,3.56883235759013,25.3246663939192,5,27,3,0,0,1,0,1,1,0,0,0,0,0,0,0,0,0,0,3,1,21,21,1,1,1,1,1,0,0,1,0,0,0,0,0,1,21.9054317474365,4.37628507614136,9.52872848510742,15.1207475662231,29,780,487,16,1036,47.007722007722
"323",17,"IL",3,2,1999,0,0,3.61590221934192,21.0365,4.36153841018677,10.5893020629883,85.376953125,10.0242786407471,2,1,12128370,77.982948653491,15.2878993632285,10.522378522423,12.3361754300042,35.6563577793224,5.57487567784501,3.57640804164121,25.4495863830012,18,65,9,0,0,1,0,1,1,0,0,0,0,0,0,0,0,0,0,3,1,21,21,1,1,1,1,1,0,0,1,0,0,0,0,0,1,21.8899307250977,4.32601451873779,9.65158271789551,14.7722959518433,22,689,481,12,1020,47.156862745098
"324",17,"IL",3,2,2000,0,0,3.61664932599795,21.7271,4.33846139907837,10.1544809341431,85.5263824462891,9.57393455505371,2,0,12434161,78.4060171541166,15.3132245915104,12.418730946141,12.0687998168915,35.8822440854674,5.42704000944337,4.02005410739012,24.9363024976112,4,29,1,0,0,1,0,1,1,0,0,0,0,0,0,0,0,0,0,3,1,21,21,1,1,1,1,1,0,0,1,0,0,0,0,0,1,21.7837448120117,4.31326246261597,9.78523635864258,14.5258617401123,12,674,431,9,1003,42.9710867397807
"325",17,"IL",3,2,2001,1,0,3.58843715130266,21.6472,5.3230767250061,10.4196634292603,86.2440338134766,9.22928047180176,2,1,12488445,78.5624268096179,15.2565992003008,12.8241186152479,12.0191264805186,35.826157700178,5.98152932570869,4.0334084828015,23.8333115131628,9,81,4,0,0,1,0,1,1,5,0,0.0400370102122402,0.741666666666667,0,0,0,0,0,0,3,1,21,21,1,1,1,1,1,0,0,1,0,0,0,0,0,1,21.6678371429443,4.30510759353638,9.85321235656738,14.3209581375122,20,747,505,8,1139,44.3371378402107
"326",17,"IL",3,2,2002,0,1,3.47449646147444,21.5477,6.53076934814453,10.6213474273682,85.9115753173828,9.55676555633545,2,0,12525556,78.7188364651192,15.2073488793631,13.1994140619386,11.967077549292,35.7021277139314,5.81211724253997,4.02704678339229,24.0215284654829,4,49,1,1,0,1,0,1,1,0,4,0,0,0,0,0,0,5,1,3,1,21,21,1,1,1,1,1,0,0,1,0,0,0,0,0,1,21.5475387573242,4.30649948120117,9.84809017181396,14.2001523971558,17,728,466,14,1145,40.6986899563319
"327",17,"IL",3,2,2003,1,0,3.42903627156597,21.4379,6.75384616851807,10.9621810913086,85.9406356811523,8.59782791137695,1,1,12556006,78.8752461206205,15.1495945446347,13.5546526498952,11.9906202657119,35.5735016373837,5.54316396471935,4.00628989823675,23.414611302352,6,69,1,1,1,0,0,0,1,6,0,0.0477858962475806,0.244444444444444,0,0,0,0,0,0,3,1,21,21,1,1,1,1,1,0,0,1,0,0,0,0,0,1,21.3869762420654,4.30229949951172,9.88422584533691,14.0519924163818,23,696,404,15,1011,39.9604352126607
"328",17,"IL",3,2,2004,0,1,3.47393078493155,21.7572,6.20769214630127,11.1790065765381,86.8160629272461,9.13978958129883,1,0,12589773,79.0316557761219,15.1034971003846,13.8785028133549,12.0043387597219,35.4648094131642,4.55131319683047,3.98529822579009,23.8990011972416,5,47,2,0,1,0,0,0,1,0,6,0,0,6,1,0,0,0,0,3,1,21,21,1,1,1,1,1,0,0,1,0,0,0,0,0,1,21.1802234649658,4.32936334609985,9.95522308349609,13.9132375717163,18,573,387,11,1028,37.6459143968872
"329",17,"IL",3,2,2005,0,1,3.52786218894785,21.9271,5.692307472229,11.0793199539185,87.1912384033203,8.82285976409912,1,1,12609903,79.1880654316232,15.0584901406458,14.2122346222647,12.0327412510628,35.215766528894,4.51232654208363,4.07536838308748,23.3145330301113,14,92,7,0,1,0,0,0,1,0,7,0,0,0,0,0,0,0,0,3,1,21,21,1,1,1,1,1,0,0,1,0,0,0,0,0,1,20.9251251220703,4.43048620223999,9.86015510559082,13.7880439758301,21,569,424,4,1086,39.0423572744015
"330",17,"IL",3,2,2006,0,1,3.55996205301268,22.644,4.5230770111084,11.2680864334106,87.603630065918,9.41306018829346,1,0,12643955,79.3444750871245,15.0172790080319,14.5542039654523,12.0480735655892,34.9570367816083,4.94307358733877,4.11698712942272,26.1279006450118,2,48,0,0,1,0,0,0,1,0,4,0,0,0,0,0,0,0,0,3,1,21,21,1,1,1,1,1,0,0,1,0,0,0,0,0,1,20.6852436065674,4.47496843338013,9.79682350158691,13.7443466186523,24,625,372,11,1010,36.8316831683168
"331",17,"IL",3,2,2007,0,1,3.55706337795311,23.1536,4.96923065185547,10.6119966506958,87.5768814086914,8.5050802230835,1,1,12695866,79.5008847426259,14.9549782582771,14.8837976078197,12.1487104542534,34.7481140711472,4.52903330895269,4.21688445672001,26.4812971403447,5,70,3,0,1,0,0,0,1,0,6,0,0,0,0,0,0,0,0,3,1,21,21,1,1,1,1,1,0,0,1,0,0,0,0,0,1,20.5020523071289,4.46776151657104,9.77830123901367,13.7252311706543,21,575,423,6,1108,38.1768953068592
"332",17,"IL",3,2,2008,1,1,3.55721854755591,22.8602,6.29999971389771,10.3600444793701,88.2895812988281,8.14035606384277,1,0,12747038,79.6572943981272,14.8999398919184,15.2297969143891,12.3127976868038,34.51128803413,4.95016960018476,4.1233892924772,25.8079563267953,3,39,3,0,1,0,0,0,1,5,12,0.0392247987336352,0.936111111111111,0,0,0,0,0,0,3,1,21,21,1,1,1,1,1,0,0,1,0,0,0,0,0,1,20.330659866333,4.40764379501343,9.77298450469971,13.7872896194458,18,631,438,7,1198,36.5609348914858
"333",17,"IL",3,2,2009,0,1,3.54128203208651,21.9989,10.1999998092651,10.6421966552734,89.1261520385742,7.66159200668335,1,1,12796778,79.8137040536285,14.8573726917823,15.5551264544872,12.4406784270228,34.285286499461,4.90748530606689,3.97232803444742,25.707642970754,13,64,6,1,1,0,0,0,1,0,4,0,0,5,1,0,0,0,0,3,1,21,21,1,1,1,1,1,0,0,1,0,0,0,0,0,1,20.1735382080078,4.35143136978149,9.76031589508057,13.8352718353271,14,628,402,4,1177,34.1546304163127
"334",17,"IL",3,2,2010,0,1,3.64397558678879,21.8979,10.3923072814941,11.5510368347168,88.8664398193359,7.34418249130249,1,0,12840097,79.9701137091298,14.8238989160284,15.8443195561529,12.5819921765389,34.0329516202253,4.49705049603168,3.88229154343616,23.4957726565461,5,40,1,1,1,0,0,0,1,0,5,0,0,0,0,0,0,0,0,3,1,21,21,1,1,1,1,1,0,0,1,0,0,0,0,0,1,20.0079021453857,4.30854225158691,9.71650791168213,13.8531589508057,22,577,442,13,1178,37.5212224108659
"335",17,"IL",3,2,2011,0,1,3.76569216621399,22.3064,9.66153812408447,10.6661367416382,88.609245300293,7.56170606613159,1,1,12858725,80.1265233646312,14.7756095569351,16.07515519618,12.7469091997846,33.7272085685012,4.74386068603225,3.60338991618531,25.901557113944,9,82,3,2,1,0,0,0,1,0,7,0,0,0,0,0,0,0,0,3,1,21,21,1,1,1,1,1,0,0,1,0,0,0,0,0,1,19.8021259307861,4.22806310653687,9.69701862335205,13.8825120925903,20,610,461,6,1226,37.6019575856444
"336",17,"IL",3,2,2012,1,1,3.79741339031952,22.7643,8.9769229888916,11.5236930847168,89.6374816894531,7.95580673217773,1,0,12873763,80.2829330201325,14.7405074957493,16.289083463786,13.1693584851609,33.4831082411568,5.01019010525516,3.53455318386706,25.5554650182701,8,56,0,0,1,0,0,0,1,4,6,0.0310709463891793,0.266666666666667,0,0,0,0,0,0,3,1,21,21,1,1,1,1,1,0,0,1,0,0,0,0,0,1,19.599925994873,4.1396598815918,9.74352264404297,13.8501148223877,17,645,490,12,1292,37.9256965944272
"337",17,"IL",3,2,2013,1,0,3.80123364771346,22.9093,9.0692310333252,11.5430727005005,90.5689849853516,7.38690280914307,1,1,12890552,80.4393426756339,14.7120076781817,16.4916133925064,13.532089238692,33.2217503175969,4.46838894098561,1.12974215533982,24.959288011871,6,128,1,1,1,0,0,0,1,6,0,0.0465457181352668,0.338888888888889,4,1,0,0,0,0,3,1,21,21,1,1,1,1,1,0,0,1,0,0,0,0,0,1,19.381031036377,4.05972528457642,9.78099346160889,13.8456439971924,18,576,496,11,1321,37.5473126419379
"338",17,"IL",3,2,2014,1,1,3.76264112330345,23.0913,7.06153869628906,12.7136287689209,89.4867401123047,6.82639837265015,1,0,12880580,80.5957523311352,14.6907592670516,16.7148839570889,13.8855004976484,32.9226944749382,4.76686608832832,2.67262809593978,24.9878499260127,5,97,1,0,1,0,0,0,1,4,4,0.0310545022040933,0.652777777777778,6,1,0,0,0,0,3,1,21,21,1,1,1,1,1,0,0,1,0,0,0,0.841095864772797,0,0.158904105424881,19.1844005584717,4.01699304580688,9.72130107879639,13.8265905380249,9,614,533,13,1398,38.1258941344778
"339",18,"IN",3,2,1989,0,1,2.14947125867446,15.4393,4.8461537361145,10.2295522689819,77.9751510620117,15.1704044342041,2,1,5523684,48.4488258009658,7.77537097064731,1.76038278793957,12.4219271051711,37.4657022378543,3.4014270071857,2.24578379212134,54.8800402050516,NA,NA,NA,NA,0,0,0,1,1,0,12,0,0,0,0,0,0,0,0,7,0,18,0,1,0,0,0,0,0,1,0,0,0,0,1,0,0,21.9608955383301,4.39774799346924,11.1078910827637,16.7061443328857,33,188,404,15,678,59.5870206489675
"340",18,"IN",3,2,1990,0,0,2.25666626523353,15.3646,5.29230785369873,12.4850940704346,77.7218551635742,12.3263235092163,0,0,5555097,48.5677990115363,7.83624480364609,1.7880155828062,12.5473416575804,36.8515257249333,3.84003876816604,2.2149028180786,57.1521973423686,0,6,0,0,0,0,1,0,1,0,0,0,0,0,0,0,0,0,0,7,0,18,0,1,0,0,0,0,0,1,0,0,0,0,1,0,0,21.5809574127197,4.2783670425415,11.0066070556641,16.5531749725342,29,214,466,15,728,64.010989010989
"341",18,"IN",3,2,1991,0,1,2.35984535694178,15.0104,5.98461532592773,10.9848718643188,76.947639465332,13.9124784469604,2,1,5602062,49.3206571573476,7.88968419128528,1.82077599283978,12.6148014784556,36.658126953968,4.43090852309277,2.27255606953297,57.4102892827677,0,13,0,0,0,0,0,1,1,0,4,0,0,0,0,0,0,0,0,7,0,18,0,1,0,0,0,0,0,1,0,0,0,0,1,0,0,21.5956058502197,4.23521327972412,10.8904867172241,16.220531463623,35,249,421,15,703,59.8862019914651
"342",18,"IN",3,2,1992,0,0,2.44731085255961,15.63,6.5461540222168,12.8726511001587,77.0125885009766,14.5027084350586,2,0,5648649,50.073515303159,7.96999424110084,1.87193433332466,12.6717556711348,36.4221073038881,4.82754987572583,2.37136348886256,60.0260345438352,0,9,0,0,0,0,0,1,1,0,0,0,0,0,0,0,0,0,0,7,0,18,0,1,0,0,0,0,0,1,0,0,0,0,1,0,0,21.4994258880615,4.25857782363892,10.7855129241943,15.8288230895996,34,274,442,16,695,63.5971223021583
"343",18,"IN",3,2,1993,0,0,2.49054492617896,15.8247,5.38461542129517,12.3254909515381,79.2388458251953,13.1307106018066,2,1,5701965,50.8263734489703,8.02853051535743,1.9334562734075,12.7029892326593,36.1939085911611,4.73774739271484,2.35076855084168,58.0236813098642,2,14,1,0,0,0,0,1,1,0,0,0,0,0,0,0,0,0,0,7,0,18,0,1,0,0,0,0,0,1,0,0,0,0,1,0,0,21.3983783721924,4.26815128326416,10.7038497924805,15.4902086257935,52,272,468,21,731,64.0218878248974
"344",18,"IN",3,2,1994,0,1,2.56438549950867,16.2441,4.87692308425903,10.9996252059937,79.3278656005859,12.2815923690796,2,0,5745626,51.5792315947817,8.10122343500952,2.00301934027728,12.6995735538651,36.0135170649813,5.53945011725169,2.3649294263149,57.8091925927653,1,20,0,0,0,0,0,1,1,0,4,0,0,0,0,0,0,0,0,7,0,18,9.07397270202637,1,0,0.504109561443329,0,0,0,1,0,0,0,0,1,0,0,21.4009742736816,4.34849166870117,10.5011520385742,15.1946496963501,29,321,447,10,718,62.2562674094708
"345",18,"IN",3,2,1995,0,0,2.68672070035338,16.3436,4.5846152305603,13.2194337844849,81.6448822021484,13.1011648178101,0,1,5791819,52.3320897405931,8.15717825436188,2.10916466830196,12.7015018943099,35.7608550957825,5.51870816439053,2.34416855913488,57.9158292066793,2,16,1,0,0,0,1,0,1,0,0,0,0,0,0,0,0,0,0,7,0,18,18,1,0,1,0,0,0,1,0,0,0,0,1,0,0,21.3323211669922,4.43759393692017,10.2831621170044,14.9778032302856,42,323,449,12,698,64.3266475644699
"346",18,"IN",3,2,1996,0,0,2.83346369814228,16.6189,4.0692310333252,13.3209857940674,83.6758499145508,14.0368347167969,0,0,5834908,53.0849478864045,8.18720706479005,2.21078035849066,12.6712537712677,35.4099156319174,4.82362703918833,2.38992628504168,50.9571016372495,3,6,3,0,0,0,1,0,1,0,0,0,0,0,0,0,0,0,0,7,0,18,18,1,0,1,0,0,0,1,0,0,0,0,1,0,0,21.22509765625,4.47686100006104,10.0605773925781,14.8479528427124,23,285,477,14,738,64.6341463414634
"347",18,"IN",3,2,1997,1,0,2.96677491370605,16.9502,3.5230770111084,13.0135354995728,81.883659362793,12.7250909805298,2,1,5872370,53.8378060322159,8.2758068718422,2.33568388912824,12.6147194403622,35.3928482026848,5.33889204894589,2.51499820345108,48.9483802962007,0,10,0,0,0,0,0,1,1,4,0,0.0681155989830341,0.205555555555556,0,0,0,0,0,0,7,0,18,18,1,0,1,0,0,0,1,0,0,0,0,1,0,0,21.3304634094238,4.51674127578735,9.95921802520752,14.533353805542,27,318,450,12,729,61.7283950617284
"348",18,"IN",3,2,1998,0,0,3.13849052841442,17.8897,3.09230780601501,12.404688835144,83.5127410888672,12.6971664428711,2,0,5907617,54.5906641780273,8.3364409033287,2.46405614988243,12.5659466414292,35.4156506760679,4.88249923971322,2.58784548829079,50.9096984452445,2,13,0,1,0,0,0,1,1,0,0,0,0,0,0,0,0,4,1,6.38630151748657,0,18,18,1,0,1,0,0,0.087671235203743,0.912328779697418,0,0,0,0,1,0,0,21.4008445739746,4.46998453140259,10.03515625,14.1731786727905,27,293,427,11,699,61.0872675250358
"349",18,"IN",3,2,1999,0,0,3.23798091201587,18.1016,3.03846144676208,12.296537399292,82.8561630249023,12.2719249725342,2,1,5942901,55.3435223238387,8.37934200822124,2.59065395839507,12.5026481174766,35.4254765475649,4.48306682796885,2.57837039519925,50.6035688630856,3,30,2,0,0,0,0,1,1,0,0,0,0,0,0,0,0,0,0,0,0,18,18,1,0,1,0,0,1,0,0,0,0,0,1,0,0,21.5120697021484,4.39507627487183,10.0921115875244,13.8452816009521,23,271,368,10,628,58.5987261146497
"350",18,"IN",3,2,2000,0,0,3.23250708403632,18.5473,3.09999990463257,11.7229852676392,84.6263732910156,13.4627771377563,2,0,6091866,56.09638046965,8.50824689840518,3.56747833914929,12.3740738880336,36.0097710619373,3.58524032211246,2.55865772490728,48.0466904557651,0,8,0,0,0,0,0,1,1,0,0,0,0,0,0,0,0,0,0,0,0,18,18,1,0,1,0,0,1,0,0,0,0,0,1,0,0,21.4917736053467,4.36219358444214,10.1558046340942,13.5905160903931,23,218,411,10,683,60.1756954612006
"351",18,"IN",3,2,2001,0,1,3.34314659843075,18.3746,4.24615383148193,13.2188510894775,84.4154586791992,11.7770929336548,2,1,6127760,56.4039249646565,8.59651814039714,3.82634110996514,12.3388481272112,36.0310945598392,4.73256132746713,2.7238338316122,46.1475318876718,4,22,1,1,0,0,0,1,1,0,5,0,0,0,0,0,0,0,0,0,0,18,18,1,0,1,0,0,1,0,0,0,0,0,1,0,0,21.4377689361572,4.33881235122681,10.2545137405396,13.3473243713379,21,290,411,4,715,57.4825174825175
"352",18,"IN",3,2,2002,1,0,3.44624979308694,18.2559,5.19230794906616,13.4935913085938,85.3205032348633,10.6645803451538,2,0,6155967,56.711469459663,8.6717326457403,4.05149995118557,12.3125578808333,35.9444909305069,3.93114517995304,2.80898191949372,46.38962489565,1,14,0,0,0,0,0,1,1,4,0,0.0649776062802156,0.075,0,0,0,0,0,0,0,0,18,18,1,0,1,0,0,1,0,0,0,0,0,1,0,0,21.3427886962891,4.33658933639526,10.2651138305664,13.1905193328857,24,242,448,3,743,60.2960969044415
"353",18,"IN",3,2,2003,0,1,3.59485256359981,18.2305,5.2846155166626,13.0560398101807,86.3657150268555,11.0896453857422,2,1,6196638,57.0190139546696,8.74908297047528,4.29645882170299,12.3347047221413,35.8560722766119,3.98603242597034,2.79667781141968,37.5718252381372,3,15,2,0,0,0,0,1,1,0,6,0,0,0,0,0,0,4,1,0,0,18,18,1,0,1,0,0,1,0,0,0,0,0,1,0,0,21.2274131774902,4.31159591674805,10.3170623779297,13.1081237792969,16,247,418,6,736,56.7934782608696
"354",18,"IN",3,2,2004,0,1,3.76623995448746,18.5345,5.36153841018677,12.4763374328613,87.1984481811523,9.92874336242676,2,0,6233007,57.3265584496761,8.82995960055877,4.54381007433491,12.3413466405541,35.7543798683364,3.59377103218398,2.74490306203731,45.8162488827624,1,6,0,1,0,0,0,1,1,0,4,0,0,0,0,0,0,0,0,0,0,18,18,1,0,1,0,0,1,0,0,0,0,0,1,0,0,21.1286144256592,4.32107639312744,10.3046894073486,13.0069961547852,14,224,385,8,704,54.6875
"355",18,"IN",3,2,2005,0,0,3.85100792913598,18.3062,5.49230766296387,13.6242713928223,87.2294998168945,9.83301734924316,0,1,6278616,57.6341029446826,8.90680366501152,4.83159027403491,12.3635686590803,35.5741934209705,4.09325876913001,2.62159686147393,37.0812612206257,2,20,1,0,0,1,1,0,1,0,0,0,0,0,0,0,0,0,0,0,0,18,18,1,0,1,0,0,1,0,0,0,0,0,1,0,0,20.9771385192871,4.40899705886841,10.1880569458008,12.9287252426147,13,257,416,9,745,55.8389261744966
"356",18,"IN",3,2,2006,0,0,3.98489167837447,18.6369,5.03076934814453,12.7364292144775,88.2057342529297,10.1843090057373,0,0,6332669,57.9416474396891,9.00381813734462,5.12196358281161,12.4345201051879,35.4010449622426,4.1688583439305,2.51615866864351,39.568308402034,2,7,0,1,0,1,1,0,1,0,0,0,0,0,0,0,0,0,0,0,0,18,18,1,0,1,0,0,1,0,0,0,0,0,1,0,0,20.8632259368896,4.45164585113525,10.0861740112305,12.8265037536621,20,264,442,8,824,53.6407766990291
"357",18,"IN",3,2,2007,0,0,4.16703306900637,18.6314,4.56923055648804,13.2513418197632,87.4245681762695,9.71163177490234,2,1,6379599,58.2491919346957,9.08533592785377,5.38674922984971,12.5385310267934,35.2216965360989,3.93441656756169,2.53354481998006,44.2443169233678,1,13,1,0,0,1,0,1,1,0,0,0,0,0,0,0,0,0,0,0,0,18,18,1,0,1,0,0,1,0,0,0,0,0,1,0,0,20.774471282959,4.45429229736328,9.99293231964111,12.7958040237427,15,251,392,7,790,49.620253164557
"358",18,"IN",3,2,2008,0,1,4.31250375497719,18.4472,5.88461542129517,11.5964040756226,89.4869537353516,9.4009256362915,2,0,6424806,58.5567364297021,9.16791884455344,5.62997544206004,12.7261741444022,35.098911936018,3.65769799119226,2.47120302153871,41.3567351294343,3,10,2,0,0,1,0,1,1,0,11,0,0,0,0,0,0,0,0,0,0,18,18,1,0,1,0,0,1,0,0,0,0,0,1,0,0,20.699800491333,4.38257598876953,10.0165357589722,12.7809000015259,21,235,450,10,809,55.6242274412855
"359",18,"IN",3,2,2009,0,0,4.41903759293734,17.838,10.307692527771,11.9973611831665,88.704475402832,10.1107568740845,2,1,6459325,58.8642809247086,9.24890758709308,5.8497908063149,12.8612200191196,34.9652479167715,3.79296598328773,2.60956059650196,41.135722385853,2,10,0,0,0,1,0,1,1,0,0,0,0,0,0,0,0,0,0,0,0,18,18,1,0,1,0,0,1,0,0,0,0,0,1,0,0,20.5969982147217,4.32362508773804,10.0446252822876,12.7750034332275,22,245,458,6,828,55.3140096618357
"360",18,"IN",3,2,2010,0,1,4.37575535706472,17.8922,10.3769235610962,14.137975692749,90.6223754882812,10.0572481155396,2,0,6490308,59.1718254197152,9.3254896377799,6.03498323962437,13.0063935332499,34.7784111324147,3.43934006621424,2.40004018299286,40.7258022269513,4,14,1,1,0,1,0,1,1,0,5,0,0,0,0,0,0,0,0,0,0,18,18,1,0,1,0,0,1,0,0,0,0,0,1,0,0,20.4773483276367,4.26636123657227,10.0347013473511,12.7720746994019,18,223,455,8,864,52.662037037037
"361",18,"IN",3,2,2011,0,1,4.36595381612384,18.3662,9.10769176483154,12.952073097229,90.9736099243164,10.610897064209,0,1,6516560,59.4793699147216,9.38243490430534,6.16690401070503,13.1485170089741,34.6154719668046,3.09979498385651,2.44653620928834,41.7830880096247,7,15,1,2,0,1,1,0,1,0,14,0,0,0,0,0,0,0,0,0,0,18,18,1,0,1,0,0,1,0,0,0,0,0,1,0,0,20.3178825378418,4.20875453948975,10.0888347625732,12.7958765029907,14,202,411,1,881,46.6515323496027
"362",18,"IN",3,2,2012,0,1,4.41383057351653,18.8689,8.33846187591553,13.7935085296631,87.5110321044922,10.1563835144043,0,0,6537632,59.7869144097282,9.43471581147425,6.28790363238555,13.6025551759414,34.4569562801944,3.83931062500918,1.84042173068169,42.7087361295344,1,4,0,0,0,1,1,0,1,0,4,0,0,0,0,0,0,0,0,0,0,18,18,1,0,1,0,0,1,0,0,0,0,0,1,0,0,20.1567935943604,4.15281867980957,10.1473436355591,12.7745027542114,14,251,513,9,940,54.5744680851064
"363",18,"IN",3,2,2013,0,1,4.46876921880472,18.8336,7.66923093795776,14.4514274597168,90.4718170166016,9.75512027740479,0,1,6570713,60.0944589047348,9.50805490971832,6.42501049733872,13.9249728301936,34.3008285402208,4.53527646086505,1.47670427851589,41.6893874378625,0,10,0,0,0,1,1,0,1,0,6,0,0,0,0,0,0,0,0,0,0,18,18,1,0,1,0,0,1,0,0,0,0,0,1,0,0,20.012393951416,4.12165307998657,10.1667814254761,12.8112735748291,15,298,523,6,944,55.4025423728814
"364",18,"IN",3,2,2014,0,1,4.48440961640054,18.9227,6.03076934814453,15.0347967147827,91.6126480102539,9.64645195007324,0,0,6596855,60.4020033997413,9.56143495650579,6.55319845593089,14.271103427315,34.1270196176815,3.92611327670534,1.8122271900777,41.5422197395577,3,11,1,0,0,1,1,0,1,0,4,0,0,0,0,0,0,0,0,0,0,18,18,1,0,1,0,0,1,0,0,0,0,0,1,0,0,19.8617210388184,4.11829566955566,10.1470022201538,12.8231859207153,15,259,528,7,948,55.6962025316456
"365",19,"IA",4,2,1989,0,0,1.19433217377118,15.377,4.192307472229,9.75754165649414,83.361198425293,14.9418916702271,1,1,2770586,33.7512762213576,1.709384433918,1.14809563890409,15.2981049128614,36.3017557663815,0.938397455354839,2.08620125850632,93.5119862729401,0,3,NA,NA,1,1,0,0,1,0,0,0,0,0,0,0,0,0,0,3,0,21,0,1,1,0,0,1,1,0,0,0,0,0,0,1,0,21.7805576324463,4.10610628128052,10.4170570373535,15.7115058898926,11,26,170,4,315,53.968253968254
"366",19,"IA",4,2,1990,0,0,1.35802651227494,15.3255,4.40000009536743,8.16391563415527,83.6007537841797,14.5273094177246,1,0,2779769,33.9480076564191,1.74622423661822,1.18074559432816,15.3525346890335,36.1099429484968,1.00843229475612,2.13003310706753,97.7286242130191,2,4,1,0,1,1,0,0,1,0,0,0,0,0,0,0,0,0,0,3,0,21,0,1,1,0,0,1,1,0,0,0,0,0,0,1,0,21.8075542449951,4.05944871902466,10.2362518310547,15.3428344726562,15,28,179,1,336,53.2738095238095
"367",19,"IA",4,2,1991,1,0,1.45312437863348,14.9612,4.6769232749939,7.93332958221436,81.2997894287109,13.221061706543,1,1,2791227,34.362730374848,1.7846989872196,1.28671010992657,15.3655363752214,36.0287787413922,1.39352603535411,2.13203727249701,95.30217356023,1,5,1,0,1,1,0,0,1,5,0,0.179132689673753,0.172222222222222,0,0,0,0,0,0,3,0,21,0,1,1,0,0,1,0.495890408754349,0.504109561443329,0,0,0,0,0,1,0,21.785572052002,4.10957479476929,10.1412887573242,14.9483861923218,14,39,187,0,335,55.8208955223881
"368",19,"IA",4,2,1992,0,0,1.54297071918254,15.4826,4.4769229888916,10.106538772583,81.3685684204102,12.7653865814209,1,0,2806923,34.7774530932769,1.82402581046933,1.32565089957936,15.3594523255536,35.7638239452953,0.886823889900459,2.14932864207533,98.1462619387849,0,6,0,0,1,1,0,0,1,0,0,0,0,5,1,0,0,0,0,3,0,21,0,1,1,0,0,1,0,1,0,0,0,0,0,1,0,21.4979343414307,4.21870422363281,10.0760326385498,14.5849008560181,9,25,176,3,287,61.3240418118467
"369",19,"IA",4,2,1993,0,0,1.66919279212203,14.9961,4.0461540222168,9.35550022125244,84.8710632324219,12.1990509033203,2,1,2820525,35.1921758117059,1.85699470843194,1.41619024826938,15.3513618918464,35.625176164012,1.12767580730135,2.16023612625309,87.7474938176403,0,6,0,0,0,1,0,1,1,0,0,0,0,0,0,0,0,0,0,3,0,21,0,1,1,0,0,1,0,1,0,0,0,0,0,1,0,21.3483257293701,4.30406093597412,10.017370223999,14.2354946136475,8,32,166,2,318,52.2012578616352
"370",19,"IA",4,2,1994,0,0,1.82616803007823,15.8585,3.5230770111084,10.7342071533203,83.5985794067383,12.3441705703735,2,0,2829422,35.6068985301347,1.8937083262942,1.51822527710607,15.3215391694841,35.3864499533827,1.01702606848233,2.21847430323225,82.1026343896386,0,5,0,0,0,1,0,1,1,0,0,0,0,0,0,0,0,0,0,3,0,21,0,1,1,0,0,1,0,1,0,0,0,0,0,1,0,21.1188926696777,4.43220806121826,9.89863681793213,13.9564170837402,10,29,180,4,322,55.9006211180124
"371",19,"IA",4,2,1995,0,0,1.99622649479383,15.9709,3.44615387916565,10.3132677078247,84.6950454711914,14.3420038223267,2,1,2840860,36.0216212485635,1.91220264286167,1.627218518336,15.292165048612,35.0608970523011,1.11572471026896,2.28346345824856,92.8204839379625,0,6,0,0,0,1,0,1,1,0,0,0,0,0,0,0,0,0,0,3,0,21,0,1,1,0,0,1,0,1,0,0,0,0,0,1,0,20.7880516052246,4.56480550765991,9.78453063964844,13.7473220825195,5,32,178,1,335,53.134328358209
"372",19,"IA",4,2,1996,1,1,2.14992383638532,16.8332,3.53076934814453,11.3522262573242,87.3643035888672,14.0962677001953,2,0,2848473,36.4363439669925,1.93896870358259,1.74942855347409,15.2282644069296,34.8751067677313,1.31900935455319,2.31316919626761,93.6835279814834,0,1,0,0,0,1,0,1,1,5,4,0.175532645034726,0.113888888888889,0,0,0,0,0,0,3,0,21,0,1,1,0,0,1,0,1,0,0,0,0,0,1,0,20.6635074615479,4.65513896942139,9.65545177459717,13.5605211257935,6,38,175,2,321,54.5171339563863
"373",19,"IA",4,2,1997,0,0,2.32623644371699,17.1527,3.12307691574097,10.9837322235107,86.698844909668,12.8368053436279,0,1,2854396,36.8510666854214,1.95831272185079,1.84893756857843,15.1487389976724,34.8293999851457,0.933839866523155,2.37773595534747,95.1847606288686,2,6,0,1,0,1,1,0,1,0,0,0,0,0,0,5,1,0,0,3,0,21,0,1,1,0,0,1,0,1,0,0,0,0,0,1,0,20.5507621765137,4.69226598739624,9.70513534545898,13.2425537109375,6,27,212,3,345,61.4492753623188
"374",19,"IA",4,2,1998,0,0,2.50469674330004,17.6479,2.75384616851807,10.2141218185425,87.6874237060547,11.4043483734131,0,0,2861025,37.2657894038502,1.99253763948235,1.981108169275,15.054045315927,34.9226238847965,1.34316530335388,2.45506418154333,95.6398493546893,1,6,0,0,0,1,1,0,1,0,0,0,0,0,0,0,0,0,0,3,0,21,0,1,1,0,0,1,0,1,0,0,0,0,0,1,0,20.5061054229736,4.63944005966187,9.92995929718018,12.8689794540405,10,39,143,1,329,43.4650455927052
"375",19,"IA",4,2,1999,0,0,2.54860488887448,17.6406,2.58461546897888,11.4370164871216,89.7469635009766,11.5244007110596,0,1,2869413,37.6805121222791,2.02177239735096,2.1457350336114,14.9329148505287,34.9152596715774,0.959681714704449,2.54093781550443,96.1102497270348,0,7,0,0,0,0,1,0,1,0,0,0,0,0,0,0,0,0,0,3,0,21,0,1,1,0,0,1,0,1,0,0,0,0,0,1,0,20.5501441955566,4.56167554855347,10.108190536499,12.5524997711182,6,28,160,4,305,52.4590163934426
"376",19,"IA",4,2,2000,0,0,2.59229304075325,18.197,2.62307691574097,10.9455595016479,89.6727294921875,11.7653121948242,0,0,2929067,38.095234840708,2.17396870744165,2.84780102332927,14.8982594116147,35.2551170731158,0.854314149766055,2.54108219443256,91.1143377737689,0,9,0,0,0,0,1,0,1,0,0,0,0,0,0,0,0,0,0,3,0,21,0,1,1,0,0,1,0,1,0,0,0,0,0,1,0,20.5123329162598,4.52420520782471,10.218578338623,12.3456373214722,6,25,157,0,289,54.3252595155709
"377",19,"IA",4,2,2001,0,1,2.71419104453381,18.2008,3.31538462638855,9.40598297119141,87.80810546875,11.5692691802979,0,1,2931997,38.4512271944171,2.23537063646382,3.08561025130653,14.8623617282009,35.1934875786026,0.81855472566991,2.56173522687779,88.6419733717326,0,14,0,0,0,0,1,0,1,0,5,0,0,0,0,0,0,0,0,3,0,21,0,1,1,0,0,1,0,1,0,0,0,0,0,1,0,20.375020980835,4.47497034072876,10.3434963226318,12.1577882766724,6,24,157,1,304,51.6447368421053
"378",19,"IA",4,2,2002,0,0,2.78778038833985,18.4276,3.99230766296387,10.4028186798096,88.3100204467773,11.1816282272339,0,0,2934234,38.8072195481262,2.29565876477472,3.29850993479048,14.8055676541135,35.1153997942904,1.02241334535691,2.5659166923974,87.8931264514009,1,3,0,0,0,0,1,0,1,0,0,0,0,0,0,0,0,0,0,3,0,21,0,1,1,0,0,1,0,1,0,0,0,0,0,1,0,20.2475662231445,4.41593933105469,10.4518928527832,12.0390195846558,7,30,157,1,314,50
"379",19,"IA",4,2,2003,0,1,2.87967467018174,18.4232,4.50769233703613,11.1915674209595,89.6545867919922,11.5589532852173,0,1,2941999,39.1632119018353,2.36023193753635,3.50207460981462,14.776483608594,35.0813171588434,0.815771861241285,2.54826735155246,91.4391881166513,0,2,0,0,0,0,1,0,1,0,6,0,0,0,0,0,0,0,0,3,0,21,0,1,1,0,0,1,0,1,0,0,0,0,0,1,0,20.1523513793945,4.32427072525024,10.6046943664551,11.9476928710938,3,24,178,1,352,50.5681818181818
"380",19,"IA",4,2,2004,0,1,2.88965969051694,19.3992,4.5,9.82324504852295,89.8010406494141,11.4200773239136,0,0,2953635,39.5192042555444,2.43344218226016,3.7165052553887,14.7419027740394,35.0004993846565,1.01569760650859,2.52197715696083,87.3157990069863,0,1,0,0,0,0,1,0,1,0,6,0,0,0,0,0,0,0,0,3,0,21,0,1,1,0,0,1,0,1,0,0,0,0,0,1,0,20.0370388031006,4.29596090316772,10.6674995422363,11.8303375244141,3,30,155,1,343,45.1895043731778
"381",19,"IA",4,2,2005,0,1,2.91149736174014,19.2008,4.2615385055542,11.2227020263672,89.8282012939453,11.1057176589966,2,1,2964454,39.8751966092535,2.51992441103826,3.92706380331758,14.7095890170669,34.8051276896184,0.775859568068859,2.54920467647668,90.7465590628156,0,6,0,0,0,0,0,1,1,0,16,0,0,0,0,0,0,0,0,3,0,21,0,1,1,0,0,1,0,1,0,0,0,0,0,1,0,19.8998870849609,4.33688640594482,10.5683546066284,11.829833984375,5,23,170,0,333,51.0510510510511
"382",19,"IA",4,2,2006,0,1,2.9447027536642,19.4788,3.70000004768372,10.5635557174683,90.3997039794922,11.5365867614746,2,0,2982644,40.2311889629626,2.6178786338564,4.14779638468419,14.7028944788584,34.6679657377816,1.27403739769144,2.55310389037378,96.091588536882,0,2,0,0,0,0,0,1,1,0,4,0,0,0,0,0,0,0,0,3,0,21,0,1,1,0,0,1,0,1,0,0,0,0,0,1,0,19.8361587524414,4.36059427261353,10.471212387085,11.8023138046265,5,38,149,1,334,44.6107784431138
"383",19,"IA",4,2,2007,0,1,2.92743560641929,20.1896,3.69230771064758,10.4565210342407,90.8034362792969,10.754467010498,1,1,2999212,40.5871813166717,2.73108403140558,4.36921431362638,14.7433059083519,34.3833980392183,0.600157641407143,2.60401732188321,93.4905568529334,1,6,0,0,1,0,0,0,1,0,14,0,0,0,0,0,0,0,0,3,0,21,0,1,1,0,0,1,0,1,0,0,0,0,0,1,0,19.8041687011719,4.32323551177979,10.2559938430786,12.0242586135864,3,18,133,0,322,41.304347826087
"384",19,"IA",4,2,2008,0,1,2.90015626170554,20.8173,4.20769214630127,11.0719442367554,90.742546081543,10.561616897583,1,0,3016734,40.9431736703808,2.84403596737399,4.5684836647845,14.8103876576457,34.2398434863664,1.12704666702467,2.66215052437504,96.6024846738228,0,3,0,0,1,0,0,0,1,0,11,0,0,0,0,0,0,0,0,3,0,21,0,1,1,0,0,1,0,1,0,0,0,0,0,1,0,19.8123531341553,4.2420711517334,10.1854190826416,12.2207660675049,4,34,180,4,380,47.3684210526316
"385",19,"IA",4,2,2009,0,1,2.89791517605436,20.5184,6.40769243240356,11.9326477050781,90.9786834716797,9.6185417175293,1,1,3032870,41.2991660240899,2.94358149211803,4.81527398141035,14.8415856927597,34.0858658630274,0.626469317840857,2.65655962833883,95.6753833827365,0,4,0,0,1,0,0,0,1,0,4,0,0,0,0,0,0,0,0,3,0,21,0,1,1,0,0,1,0,1,0,0,0,0,0,1,0,19.8209609985352,4.14871072769165,10.1161937713623,12.4318218231201,5,19,160,7,361,44.3213296398892
"386",19,"IA",4,2,2010,0,0,2.98331800694687,20.335,6.01538467407227,12.3544139862061,90.1330261230469,8.82824802398682,1,0,3050295,41.655158377799,3.03177233677398,5.01240043995745,14.8658080611875,33.9080318461001,1.11608791490158,2.65056330617203,88.9861472414963,1,9,1,0,1,0,0,0,1,0,0,0,0,0,0,0,0,0,0,3,0,21,0,1,1,0,0,1,0,1,0,0,0,0,0,1,0,19.7915287017822,4.06599998474121,10.0505037307739,12.5993061065674,2,34,177,0,372,47.5806451612903
"387",19,"IA",4,2,2011,0,0,3.00890337837661,21.5423,5.57692289352417,11.6962070465088,89.5693664550781,9.3559045791626,2,1,3064904,42.0111507315082,3.11053788307888,5.16195613304691,14.9117231730586,33.8560033201693,1.01145092962129,2.47087673871678,86.3645321354274,1,22,1,0,0,1,0,1,1,0,0,0,0,0,0,0,0,0,0,3,0,21,0,1,1,0,0,1,0,1,0,0,0,0,1,0,0,19.6722640991211,4.0027027130127,10.1810369491577,12.7049980163574,1,31,185,2,422,43.8388625592417
"388",19,"IA",4,2,2012,0,1,2.88400112486122,21.7773,5.05384635925293,12.1550130844116,90.347297668457,8.34217548370361,2,0,3075935,42.3671430852173,3.1818292649227,5.3113606106761,15.2862788062817,33.7806878233773,1.07284451719558,2.39764494373256,83.5180197240839,0,8,0,0,0,1,0,1,1,0,16,0,0,0,0,0,0,0,0,3,0,21,0,1,1,0,0,1,0,1,0,0,0,0,1,0,0,19.584192276001,3.95912146568298,10.2373752593994,12.6730575561523,5,33,175,3,383,45.6919060052219
"389",19,"IA",4,2,2013,0,1,2.80370114421404,21.8282,4.76923084259033,12.7539262771606,90.7847290039062,8.96906661987305,2,1,3092341,42.7231354389264,3.30532758191933,5.4602645697871,15.528656121689,33.7682034419878,0.77611104338105,2.50522177211375,73.5391083971658,2,28,0,0,0,1,0,1,1,0,6,0,0,0,0,0,0,0,0,3,0,21,0,1,1,0,0,1,0,1,0,0,0,0,1,0,0,19.50315284729,3.94274115562439,10.3223094940186,12.6334705352783,4,24,221,2,447,49.4407158836689
"390",19,"IA",4,2,2014,0,1,2.80838305237702,21.6493,4.40000009536743,12.0103044509888,92.1520614624023,9.1541862487793,2,0,3107126,43.0791277926356,3.41386219934435,5.58696364421655,15.8136168278982,33.6771344322696,1.15862697553945,2.50456531212445,71.672342866044,1,13,0,0,0,1,0,1,1,0,8,0,0,0,0,0,0,0,0,3,0,21,0,1,1,0,0,1,0,1,0,0,0,0,1,0,0,19.4295635223389,3.93460059165955,10.3129711151123,12.6256227493286,2,36,194,3,407,47.6658476658477
"391",20,"KS",4,2,1989,0,0,2.31150479123666,15.923,4.17692279815674,9.68725490570068,82.1967391967773,12.7805442810059,0,1,2472848,40.6170150473579,5.79117447122732,3.68716407673902,13.7377282136744,37.1863281472732,3.11334643095265,2.44495415812052,76.8045589538864,1,4,0,0,0,1,1,0,1,0,0,0,0,0,0,0,0,0,0,0,0,18,0,1,0,0,0,0,1,0,0,0,0,0,0,0,1,22.7561645507812,3.97664403915405,10.4526977539062,16.9808769226074,21,77,181,3,285,63.5087719298246
"392",20,"KS",4,2,1990,0,0,2.29573871389452,15.9939,4.29230785369873,9.3306827545166,85.2986907958984,14.4838037490845,0,0,2480683,41.1129596936358,5.84984054794587,3.79746223116779,13.8240960251673,36.9862654760806,2.66364786575215,2.67506972878034,75.9121580629206,3,5,0,0,0,1,1,0,1,0,0,0,0,0,0,0,0,0,0,0,0,18,0,1,0,0,0,0,1,0,0,0,0,0,0,0,1,22.7480697631836,3.95679926872253,10.2808589935303,16.6037502288818,13,66,202,3,297,68.013468013468
"393",20,"KS",4,2,1991,0,0,2.34008453800864,15.7861,4.40769243240356,10.6693735122681,86.8416061401367,15.980299949646,2,1,2495209,41.4943876979996,5.85978970098296,3.92375949269179,13.8690185872206,36.9411540275784,3.92058495127473,2.93642736941074,78.5970233355202,2,3,0,0,0,0,0,1,1,0,0,0,0,0,0,0,0,0,0,0,0,18,0,1,0,0,0,0,1,0,0,0,0,0,0,0,1,22.8798961639404,4.01517248153687,10.0577011108398,16.2029628753662,25,98,214,4,310,69.0322580645161
"394",20,"KS",4,2,1992,0,0,2.36140175024802,16.3069,4.48461532592773,11.7044305801392,86.9199676513672,14.544454574585,2,0,2526042,41.8758157023633,5.9514845754742,4.08607616183737,13.8256212683716,36.7637196847875,4.06566803859937,3.10248206482711,73.2497717773497,1,4,0,0,0,0,0,1,1,0,0,0,0,0,0,0,0,0,0,0,0,18,0,1,0,0,0,0,1,0,0,0,0,0,0,0,1,22.7577152252197,4.12874126434326,9.9106616973877,15.7686367034912,18,103,208,2,311,66.8810289389068
"395",20,"KS",4,2,1993,0,1,2.30687253322238,16.4096,4.96923065185547,10.2877912521362,87.1051864624023,13.4865198135376,0,1,2547605,42.2572437067271,5.92474108034801,4.24732248523613,13.8141116852887,36.6686358364032,5.31749345870106,3.17631657968955,70.4642203167289,0,2,0,0,0,0,1,0,1,0,4,0,0,0,0,0,0,0,0,0,0,18,0,1,0,0,0,0,1,0,0,0,0,0,0,0,1,22.6822357177734,4.20019674301147,9.83576679229736,15.3427257537842,13,136,220,7,336,65.4761904761905
"396",20,"KS",4,2,1994,0,0,2.35450454202571,16.5744,4.8923077583313,10.7485446929932,86.6639251708984,13.7877731323242,0,0,2569118,42.6386717110908,5.91911309640118,4.43035314064983,13.7516455063567,36.5423853633815,4.91935358919137,3.14349126820956,75.1900068428153,2,12,1,0,0,0,1,0,1,0,0,0,0,0,0,0,0,0,0,0,0,18,9.07397270202637,1,0,0.504109561443329,0,0,1,0,0,0,0,0,0,0,1,22.5553207397461,4.32588386535645,9.73589324951172,14.9886093139648,15,127,189,6,292,64.7260273972603
"397",20,"KS",4,2,1995,0,0,2.59456918632115,16.6552,4.40000009536743,11.127010345459,86.4585113525391,14.51291847229,0,1,2586942,43.0200997154544,5.89928185479226,4.63899074660352,13.7286804265422,36.247043806935,4.57300787863929,3.27761503736845,72.3286413069949,1,6,0,0,0,1,1,0,1,0,0,0,0,0,0,0,0,0,0,0,0,18,18,1,0,1,0,0,1,0,0,0,0,0,0,0,1,22.2285442352295,4.45819616317749,9.65176200866699,14.699652671814,11,119,191,2,291,65.6357388316151
"398",20,"KS",4,2,1996,0,0,2.84997763893304,17.1489,4.25384616851807,11.3956918716431,87.6561431884766,15.2551231384277,0,0,2598266,43.4015277198182,5.85401956535628,4.84430770367622,13.7034853244433,36.0579709698699,3.78503595592995,3.39688084283903,66.3469406134707,0,3,0,0,0,1,1,0,1,0,0,0,0,0,0,0,0,0,0,0,0,18,18,1,0,1,0,0,1,0,0,0,0,0,0,0,1,22.0376396179199,4.59397649765015,9.54461097717285,14.3762187957764,16,99,205,3,334,61.377245508982
"399",20,"KS",4,2,1997,0,0,2.99387808689929,17.6707,3.76923084259033,10.7139749526978,88.1300582885742,15.3953952789307,0,1,2616339,43.7829557241819,5.83548232855146,5.09077760947645,13.5978556295648,36.2096807791345,3.86947281847089,3.42960143926303,68.1115864572595,0,1,0,0,0,1,1,0,1,0,0,0,0,0,0,0,0,0,0,0,0,18,18,1,0,1,0,0,1,0,0,0,0,0,0,0,1,22.0034065246582,4.71093893051147,9.63582038879395,13.9127655029297,11,102,182,3,320,56.875
"400",20,"KS",4,2,1998,0,1,3.04964590075216,18.3978,3.5230770111084,12.9300918579102,89.2189025878906,15.3955430984497,0,0,2638667,44.1643837285457,5.88168192500228,5.32621206086255,13.4613045147417,36.4209655860326,4.05751604127696,3.48509304129699,75.8409454470761,0,1,0,0,0,1,1,0,1,0,5,0,0,0,0,0,0,0,0,0,0,18,18,1,0,1,0,0,1,0,0,0,0,0,0,0,1,21.978479385376,4.72235918045044,9.88578510284424,13.4801273345947,13,108,203,1,325,62.4615384615385
"401",20,"KS",4,2,1999,0,1,3.15555234034601,18.5714,3.26923084259033,12.4138622283936,87.6346206665039,13.8167591094971,0,1,2654052,44.5458117329093,5.92211456293999,5.5944269366237,13.3410724431925,36.5486056791653,3.285619664135,3.56436121070725,79.0240733791199,0,2,0,0,0,1,1,0,1,0,13,0,0,0,0,0,0,0,0,0,0,18,18,1,0,1,0,0,1,0,0,0,0,0,0,0,1,21.9393901824951,4.68241882324219,10.1150045394897,13.1382598876953,10,88,166,4,299,55.5183946488294
"402",20,"KS",4,2,2000,1,0,3.13882750036103,18.9761,3.58461546897888,11.5415725708008,88.0908584594727,14.0144901275635,0,0,2693681,44.927239737273,5.85726372202202,7.07704438647338,13.2357172211557,36.7809328573057,3.75685626267939,3.6010203138382,77.821390134912,0,6,0,0,0,1,1,0,1,4,0,0.148495683044874,0,0,0,0,0,0,0,0,0,18,18,1,0,1,0,0,1,0,0,0,0,0,0,0,1,21.8511390686035,4.65114450454712,10.2786483764648,12.9136304855347,8,101,186,4,325,57.2307692307692
"403",20,"KS",4,2,2001,0,1,3.13082635312021,19.1123,4.2153844833374,10.9933757781982,87.8095855712891,13.9594917297363,0,1,2702162,45.4515672840226,5.86537742740813,7.42812607090174,13.1599437783523,36.7769956057409,3.36767373680779,3.66558333660232,75.6708887179969,0,4,0,0,0,1,1,0,1,0,4,0,0,0,0,4,1,0,0,0,0,18,18,1,0,1,0,0,1,0,0,0,0,0,0,0,1,21.667797088623,4.64161682128906,10.4675807952881,12.7115621566772,11,91,160,3,293,54.6075085324232
"404",20,"KS",4,2,2002,0,0,3.22678719824878,18.888,5.03846168518066,11.2305498123169,87.5341796875,13.3479089736938,0,0,2713535,45.9758948307723,5.87982097153713,7.75740869382558,13.0598647152147,36.7700803564354,2.72707003963465,3.67785932372348,69.3965620491352,2,2,0,0,0,1,1,0,1,0,0,0,0,0,0,0,0,0,0,0,0,18,18,1,0,1,0,0,1,0,0,0,0,0,0,0,1,21.5199356079102,4.62367343902588,10.6264705657959,12.6334838867188,9,74,184,1,345,53.3333333333333
"405",20,"KS",4,2,2003,0,0,3.31729222579181,19.0159,5.50769233703613,11.3427486419678,88.5635147094727,11.3626823425293,0,1,2723004,46.5002223775219,5.86940011839865,8.09231275459015,13.0237781508951,36.7526085161829,2.86448348955786,3.73043888293958,71.9330562863661,0,2,0,0,0,0,1,0,1,0,0,0,0,0,0,0,0,0,0,0,0,18,18,1,0,1,0,0,1,0,0,0,0,0,0,0,1,21.4455070495605,4.54957103729248,10.7575311660767,12.5269737243652,8,78,211,1,347,60.806916426513
"406",20,"KS",4,2,2004,1,0,3.30935099198244,19.2303,5.4538459777832,10.6926212310791,89.5621337890625,10.1362266540527,0,0,2734373,47.0245499242716,5.88899173594824,8.41596958425204,13.0101489445661,36.6326027941323,3.10857370227105,3.6447112372745,68.8677075146661,2,4,0,0,0,0,1,0,1,5,0,0.182857276604179,0.0416666666666667,0,0,0,0,0,0,0,0,18,18,1,0,1,0,0,1,0,0,0,0,0,0,0,1,21.2899627685547,4.50958967208862,10.8330497741699,12.4607362747192,2,85,204,1,370,55.1351351351351
"407",20,"KS",4,2,2005,0,1,3.28452383510867,19.4492,5.0230770111084,11.7948455810547,91.429069519043,11.1273612976074,0,1,2745299,47.548877471021,5.87564414659387,8.76593041413704,13.0035016222277,36.4742783937196,2.22198019232149,3.79266520695924,71.3488767525869,1,5,0,0,0,0,1,0,1,0,4,0,0,0,0,5,1,0,0,0,0,18,18,1,0,1,0,0,1,0,0,0,0,0,0,0,1,21.1411209106445,4.52781295776367,10.8053436279297,12.3310070037842,5,61,188,1,362,51.9337016574586
"408",20,"KS",4,2,2006,0,1,3.23641813711598,20.2801,4.38461542129517,11.4955673217773,90.1988983154297,11.0881471633911,0,0,2762931,48.0732050177706,5.93384344379212,9.10724878760997,13.0082148269356,36.2552665991297,2.64212171784239,3.78257727029738,73.2099353910756,0,6,0,0,0,0,1,0,1,0,4,0,0,0,0,0,0,0,0,0,0,18,18,1,0,1,0,0,1,0,0,0,0,0,0,0,1,21.044246673584,4.4821605682373,10.7288599014282,12.4193115234375,4,73,211,3,379,55.6728232189974
"409",20,"KS",4,2,2007,0,1,3.1453578491155,20.8048,4.2615385055542,11.4767875671387,91.0905075073242,10.075177192688,0,1,2783785,48.5975325645203,5.96116438589905,9.47109780388931,13.0222700388141,35.985681365479,2.55048432260394,3.78333815291052,71.2583766346898,1,6,0,0,0,0,1,0,1,0,12,0,0,0,0,0,0,0,0,0,0,18,18,1,0,1,0,0,1,0,0,0,0,0,1,0,0,21.096887588501,4.44405746459961,10.4447364807129,12.6190423965454,3,71,213,1,382,55.7591623036649
"410",20,"KS",4,2,2008,0,1,3.06864913912586,21.4267,4.59999990463257,12.7183933258057,91.2730484008789,10.9673385620117,0,0,2808076,49.1218601112699,6.02736535620831,9.85528881696934,13.0810205991576,35.861030826801,2.74209102602636,3.66229404047469,74.4887246641473,2,2,0,0,0,0,1,0,1,0,6,0,0,0,0,0,0,0,0,0,0,18,18,1,0,1,0,0,1,0,0,0,0,0,1,0,0,21.1303043365479,4.32089424133301,10.4098320007324,12.851788520813,11,77,185,2,337,54.8961424332344
"411",20,"KS",4,2,2009,1,1,3.03243826393439,20.529,6.86153841018677,13.5478315353394,91.9138336181641,9.27242565155029,0,1,2832704,49.6461876580196,6.04538984659181,10.2217880865773,13.1359647884142,35.6813489866926,3.24778021282845,3.61033133006484,73.7782698086351,1,5,1,0,0,0,1,0,1,4,4,0.141207835340367,0.00555555555555556,0,0,0,0,0,0,0,0,18,18,1,0,1,0,0,1,0,0,0,0,0,1,0,0,21.2173252105713,4.26507663726807,10.1989479064941,13.0954732894897,4,92,200,4,382,52.3560209424084
"412",20,"KS",4,2,2010,0,0,3.09414403684711,20.2193,7.0615382194519,13.5583581924438,91.2855987548828,9.88339900970459,0,0,2858949,50.170515204769,6.08877598026408,10.5730112709251,13.1938694953985,35.5939542818008,2.38335743561956,3.69541394407525,74.8901082180899,5,5,1,0,0,0,1,0,1,0,0,0,0,0,0,4,1,0,0,0,0,18,18,1,0,1,0,0,1,0,0,0,0,0,1,0,0,21.2554340362549,4.19881582260132,10.139705657959,13.2867708206177,12,68,210,2,401,52.3690773067332
"413",20,"KS",4,2,2011,0,0,3.20178120639102,21.2605,6.50769233703613,12.2879314422607,91.583251953125,10.6698799133301,0,1,2869965,50.6948427515184,6.12770539013542,10.7798527159739,13.2893606716458,35.4754500490424,2.82233407027612,3.504572355412,74.6026519487171,4,5,1,0,0,1,1,0,1,0,0,0,0,0,0,0,0,0,0,0,0,18,18,1,0,1,0,0,1,0,0,0,0,0,1,0,0,21.1729068756104,4.15074729919434,10.1517963409424,13.3643445968628,7,81,233,2,394,59.1370558375635
"414",20,"KS",4,2,2012,0,1,3.29317809010917,21.4636,5.75384616851807,12.97047996521,91.2232131958008,9.73764133453369,0,0,2885966,51.2191702982678,6.19542988378934,10.9851259508948,13.6655802597813,35.4765787261527,2.32157967210979,3.35243034741227,81.4358173311813,2,6,0,1,0,1,1,0,1,0,12,0,0,0,0,0,0,0,0,0,0,18,18,1,0,1,0,0,1,0,0,0,0,0,1,0,0,21.0732898712158,4.09956312179565,10.3037252426147,13.4068803787231,4,67,297,4,502,59.1633466135458
"415",20,"KS",4,2,2013,1,0,3.3572748956161,21.6594,5.33076906204224,11.5347604751587,91.2601318359375,9.78430843353271,0,1,2895801,51.7434978450173,6.22439180040341,11.1619548442728,13.9884957564418,35.4054715776395,2.72808801433524,3.19393494235274,78.2350030267964,4,11,0,0,0,1,1,0,1,4,0,0.138131038700518,0.347222222222222,0,0,0,0,0,0,0,0,18,18,1,0,1,0,0,1,0,0,0,0,0,1,0,0,20.9363479614258,4.08636522293091,10.3827571868896,13.3934268951416,6,79,241,2,425,56.7058823529412
"416",20,"KS",4,2,2014,0,1,3.34467278301362,21.8561,4.53846168518066,11.7427759170532,91.8653259277344,10.4570274353027,0,0,2904021,52.2678253917665,6.25153881462978,11.3507099294392,14.3063359390307,35.2890354443029,2.51375592669612,3.52924445105597,84.49146889778,2,7,0,1,0,1,1,0,1,0,4,0,0,0,0,4,1,0,0,0,0,18,18,1,0,1,0,0,1,0,0,0,0,0,1,0,0,20.804084777832,4.08092784881592,10.4040222167969,13.3571004867554,6,73,238,2,455,52.3076923076923
"417",21,"KY",6,3,1989,1,0,2.09500852796826,13.4814,6.3692307472229,9.46198272705078,64.6960296630859,12.2216825485229,1,1,3677312,34.5498250513743,7.13760291821773,0.605197327505165,12.540763470709,37.1518380817293,3.96709808405466,1.88289707264437,87.9645240871593,NA,NA,NA,NA,1,0,0,0,0,12,0,0.326325315882906,0.391666666666667,0,0,0,0,0,0,0,0,0,0,0,0,0,0,0,1,0,0,0,0,0,0,0,1,21.5879535675049,4.46350812911987,11.101390838623,16.7427234649658,47,147,358,7,482,74.2738589211618
"418",21,"KY",6,3,1990,0,0,2.34415791218291,13.515,5.96923065185547,10.6389198303223,68.6607666015625,13.3576545715332,1,0,3692584,34.6472847771251,7.17107586448947,0.599119749205434,12.6330504600572,36.5505023040776,4.39335258634226,1.9652904307661,88.5783505534336,1,7,1,0,1,0,0,0,1,0,0,0,0,12,1,0,0,0,0,0,0,0,0,0,0,0,0,0,1,0,0,0,0,0,0,0,1,21.2362689971924,4.37116670608521,10.9439830780029,16.5932064056396,53,162,412,11,549,75.0455373406193
"419",21,"KY",6,3,1991,0,0,2.5334577404389,13.5799,7.2846155166626,12.5960540771484,67.0603561401367,14.1334037780762,1,1,3714686,35.0589777376492,7.17193862415289,0.605380912410901,12.6735611031457,36.342425712429,4.77918680257099,2.03974171706572,85.5218987553726,0,0,0,0,1,0,0,0,0,0,0,0,0,0,0,0,0,0,0,0,0,0,0,0,0,0,0,0,1,0,0,0,0,0,0,0,1,21.2209663391113,4.34131526947021,10.7750310897827,16.3125610351562,54,178,365,9,490,74.4897959183673
"420",21,"KY",6,3,1992,0,0,2.68371651477309,14.0486,6.88461542129517,12.0321254730225,68.9516525268555,15.6825904846191,1,0,3756358,35.4706706981733,7.21092079082984,0.622704225742062,12.6752828138319,36.2116976070971,3.6106258595148,2.34322713649764,83.228755086709,1,5,0,0,1,0,0,0,1,0,0,0,0,0,0,0,0,0,0,0,0,0,0,0,0,0,0,0,1,0,0,0,0,0,0,0,1,21.1959781646729,4.40139055252075,10.6404542922974,15.9371910095215,61,136,369,5,493,74.8478701825558
"421",21,"KY",6,3,1993,0,0,2.74293513572809,13.9961,6.23076915740967,13.110369682312,73.8517837524414,13.8234777450562,1,1,3792288,35.8823636586974,7.16725628433284,0.6556991452126,12.6948691660549,36.0346049667114,4.87767013103625,2.35688850635817,81.0985347104439,0,0,0,0,1,0,0,0,0,0,0,0,0,0,0,0,0,0,0,0,0,0,0,0,0,0,0,0,1,0,0,0,0,0,0,0,1,21.0445861816406,4.42974472045898,10.5618114471436,15.6009407043457,42,186,399,8,523,76.2906309751434
"422",21,"KY",6,3,1994,0,1,2.81255435543123,14.2059,5.3923077583313,10.970100402832,73.9340896606445,12.1842842102051,1,0,3823215,36.2940566192214,7.18348301102606,0.673386142291239,12.6524404199084,35.9091497600841,4.28567087242493,2.33494585054725,76.1163052561784,2,10,0,0,1,0,0,0,1,0,9,0,0,0,0,0,0,0,0,0,0,8.3835620880127,8.3835620880127,0.465753436088562,0,0.465753436088562,0,0,1,0,0,0,0,0,0,0,1,20.9990520477295,4.49890995025635,10.4181299209595,15.2980394363403,50,165,379,8,517,73.3075435203095
"423",21,"KY",6,3,1995,0,1,2.99928824293534,14.3295,5.4153847694397,12.1087741851807,76.7212829589844,13.1308765411377,1,1,3855248,36.7057495797454,7.18578934480998,0.692277124584463,12.659055915469,35.5980730681917,4.2953127849342,2.38869198557395,74.9030931343457,0,0,0,0,1,0,0,0,0,0,5,0,0,0,0,0,0,0,0,0,0,18,18,1,0,1,0,0,1,0,0,0,0,0,0,0,1,20.7897415161133,4.53513336181641,10.2798328399658,15.0826759338379,38,168,351,3,480,73.125
"424",21,"KY",6,3,1996,0,0,3.21691211993865,14.6481,5.46923065185547,11.1574268341064,74.0072021484375,13.9699506759644,1,0,3881051,37.1174425402695,7.19351536478134,0.738459762574622,12.6377107644295,35.2427216236014,3.74931039469526,2.35709347802953,72.5952841124737,3,5,0,0,1,0,0,0,1,0,0,0,0,0,0,0,0,0,0,0,0,18,18,1,0,1,0,0,1,0,0,0,0,0,0.25136610865593,0,0.748633861541748,20.6556644439697,4.52747583389282,10.0786952972412,14.9451398849487,40,147,345,4,488,70.6967213114754
"425",21,"KY",6,3,1997,0,1,3.51986889863801,15.0761,5.33846139907837,9.02278518676758,75.3907623291016,13.4386882781982,1,1,3907816,37.5291355007936,7.21776562663135,0.781485105747046,12.5811962487487,35.2610511856239,4.24967659455202,2.23910235282316,69.4413452424577,0,0,0,0,1,0,0,0,0,0,4,0,0,0,0,0,0,0,0,0,0,18,18,1,0,1,0,0,1,0,0,0,0,0,1,0,0,20.8331565856934,4.53170919418335,9.92077159881592,14.6523666381836,41,168,356,5,488,72.9508196721311
"426",21,"KY",6,3,1998,0,0,3.75999857662462,15.6311,4.6076922416687,12.2202415466309,77.8717193603516,12.6084690093994,1,0,3934310,37.9408284613177,7.24663282761145,0.840223571604678,12.524152901017,34.9504487445067,4.36400080558452,2.42304241404465,70.821821361306,0,2,0,0,1,0,0,0,1,0,0,0,0,0,0,0,0,0,0,0,0,18,18,1,0,1,0,0,1,0,0,0,0,0,1,0,0,20.605863571167,4.41796159744263,9.96421909332275,14.4181623458862,30,174,379,1,526,72.0532319391635
"427",21,"KY",6,3,1999,0,0,3.82546565425132,15.8466,4.5,12.8406105041504,78.1853103637695,12.9136877059937,1,1,3960825,38.3525214218417,7.27969551797921,0.891783908655394,12.4507899238164,34.5925154481705,3.53404994906737,2.49493476737801,70.9425435357533,0,0,0,0,1,0,0,0,0,0,0,0,0,0,0,0,0,0,0,0,0,18,18,1,0,1,0,0,1,0,0,0,0,0,1,0,0,20.5042591094971,4.29337310791016,9.97035121917725,14.1865968704224,35,142,334,12,470,71.063829787234
"428",21,"KY",6,3,2000,0,1,3.73374205764801,16.452,4.17692279815674,10.8458566665649,78.727897644043,11.9121437072754,2,0,4049021,38.7642143823657,7.40707445083639,1.49986873370131,12.4868455856366,34.5541798869406,3.29063833187894,2.43812022708699,85.6923192050622,5,15,1,1,0,0,0,1,1,0,4,0,0,0,0,0,0,0,0,0,0,18,18,1,0,1,0,0,1,0,0,0,0,0,1,0,0,20.352746963501,4.22069931030273,9.98073387145996,13.9705619812012,31,133,373,5,521,71.5930902111324
"429",21,"KY",6,3,2001,0,1,3.72923002498444,16.4971,5.16923046112061,11.5224151611328,79.0210418701172,11.2479028701782,2,1,4068132,38.9863815170708,7.47333174046467,1.65088055156519,12.466581713671,34.545953769445,3.39222031143532,2.45026464234691,87.2965773971936,1,6,0,0,0,0,0,1,1,0,5,0,0,0,0,0,0,0,0,0,0,18,18,1,0,1,0,0,1,0,0,0,0,0,1,0,0,20.2680492401123,4.16835069656372,10.1095542907715,13.6905097961426,45,138,331,6,495,66.8686868686869
"430",21,"KY",6,3,2002,0,1,3.81967664048412,16.5629,5.692307472229,11.7595996856689,80.8489837646484,12.5963344573975,2,0,4089875,39.2085486517759,7.51614658149699,1.78971239952321,12.4360279959656,34.4582413887955,3.10522937742596,2.45362022066689,85.5652067605978,2,7,1,0,0,0,0,1,1,0,4,0,0,0,0,0,0,0,0,0,0,18,18,1,0,1,0,0,1,0,0,0,0,0,1,0,0,20.1854820251465,4.14902639389038,10.1237325668335,13.506085395813,39,127,364,13,540,67.4074074074074
"431",21,"KY",6,3,2003,0,1,3.9398421731432,16.5154,6.12307691574097,12.9109563827515,82.7759399414062,12.6215057373047,2,1,4117170,39.430715786481,7.52745210909435,1.94347087926901,12.4778427900718,34.3268070057831,2.79318075279865,2.44925519228013,84.3732466718644,1,4,0,0,0,0,0,1,1,0,6,0,0,0,0,0,0,0,0,0,0,18,18,1,0,1,0,0,1,0,0,0,0,0,1,0,0,20.1459255218506,4.10580587387085,10.0750761032104,13.3670215606689,34,115,400,6,567,70.5467372134039
"432",21,"KY",6,3,2004,0,1,4.11374445533285,16.8964,5.40000009536743,11.6769428253174,81.7736663818359,11.0083513259888,2,0,4146101,39.652882921186,7.60097257640371,2.10334962896466,12.5122132818279,34.1450919791872,3.66609496488388,2.45145981730788,84.404842043163,1,4,0,1,0,1,0,1,1,0,8,0,0,0,0,0,0,0,0,0,0,18,18,1,0,1,0,0,1,0,0,0,0,0,1,0,0,19.9971008300781,4.08477735519409,10.0632133483887,13.3186340332031,16,152,377,3,560,67.3214285714286
"433",21,"KY",6,3,2005,0,0,4.43967139259366,16.991,5.88461542129517,13.8891906738281,78.8991928100586,10.1045293807983,2,1,4182742,39.8750500558911,7.64410044893995,2.27692743181387,12.6201185729361,33.9035493941534,3.63397981515475,2.44313419283331,83.0505443558316,0,2,0,0,0,1,0,1,1,0,0,0,0,0,0,0,0,0,0,0,0,18,18,1,0,1,0,0,1,0,0,0,0,0,1,0,0,19.8560657501221,4.14780521392822,9.89967823028564,13.257212638855,16,152,373,2,566,65.9010600706714
"434",21,"KY",6,3,2006,0,1,4.69729256863619,17.2895,5.69999980926514,13.725040435791,79.8628921508789,10.074779510498,2,0,4219239,40.0972171905961,7.67252103993161,2.42176373511906,12.7578693693341,33.5682335131999,2.63080617144466,2.41607550555918,83.0822809516124,1,4,0,0,0,1,0,1,1,0,8,0,0,0,0,0,0,0,0,0,0,18,18,1,0,1,0,0,1,0,0,0,0,0,1,0,0,19.7741584777832,4.19450044631958,9.59957504272461,13.1556663513184,23,111,383,10,622,61.5755627009646
"435",21,"KY",6,3,2007,0,1,4.97595304500793,17.3734,5.40000009536743,12.7461910247803,81.2814102172852,9.61220932006836,2,1,4256672,40.3193843253011,7.74365513715879,2.60576807421385,12.8749877838837,33.452518775231,3.57086475067846,2.42043549514738,80.6865081453304,1,7,0,1,0,1,0,1,1,0,32,0,0,0,0,0,0,0,0,0,0,18,18,1,0,1,0,0,1,0,0,0,0,0,1,0,0,19.678071975708,4.19710493087769,9.57734107971191,13.1105003356934,30,152,422,7,649,65.0231124807396
"436",21,"KY",6,3,2008,1,1,5.12089154982962,17.335,6.40769243240356,13.6336479187012,83.0100479125977,9.99036979675293,2,0,4289878,40.5415514600062,7.76716727142357,2.75909944292122,13.0694159600809,33.3238614244974,3.72970979594291,2.37489271256665,81.085755818697,1,7,0,0,0,0,0,1,1,6,21,0.139864117347859,0.45,0,0,0,0,0,0,0,0,18,18,1,0,1,0,0,1,0,0,0,0,0,1,0,0,19.6868076324463,4.13673782348633,9.50031661987305,13.0290184020996,17,160,394,5,612,64.3790849673203
"437",21,"KY",6,3,2009,0,1,4.97142277385099,17.121,10.3461542129517,14.2184104919434,82.6784439086914,9.42914867401123,2,1,4317074,40.7637185947113,7.85101205121802,2.93541412540068,13.2158494387634,33.1878258283272,3.08079036866174,2.42826507027677,80.5749449743044,1,2,0,0,0,0,0,1,1,0,4,0,0,0,0,0,0,6,1,0,0,18,18,1,0,1,0,0,1,0,0,0,0,0,1,0,0,19.6151828765869,4.05154037475586,9.52110195159912,13.0711450576782,15,133,403,5,592,68.0743243243243
"438",21,"KY",6,3,2010,1,1,4.79558089289762,17.155,10.2076921463013,13.9954204559326,82.5055923461914,9.78187370300293,2,0,4349838,40.9858857294163,7.92332955848011,3.08071243112962,13.3503132760346,33.1056237036874,2.88060447526102,2.32330491388415,78.0449754680519,1,13,0,0,0,0,0,1,1,5,8,0.114946809513366,0.0361111111111111,0,0,0,0,0,0,0,0,18,18,1,0,1,0,0,1,0,0,0,0,0,1,0,0,19.5379695892334,3.99695348739624,9.57070159912109,13.0343475341797,16,125,404,6,631,64.0253565768621
"439",21,"KY",6,3,2011,0,1,4.76403180018114,17.4577,9.36923122406006,14.5613479614258,85.130744934082,9.29716110229492,2,1,4370038,41.2080528641213,8.00169243379577,3.14319921245536,13.5034981389178,33.045845367935,3.04345179607134,2.07389500960861,75.1300103111232,2,8,0,1,0,0,0,1,1,0,12,0,0,0,0,0,0,5,1,0,0,18,18,1,0,1,0,0,1,0,0,0,0,0,1,0,0,19.4525089263916,3.93538904190063,9.65794849395752,12.9891777038574,15,133,453,7,675,67.1111111111111
"440",21,"KY",6,3,2012,0,1,4.93331188911055,17.7413,8.16923046112061,13.1782989501953,86.9628601074219,8.95782661437988,2,0,4383465,41.4302199988263,8.08143785795027,3.2285874302635,14.0186815681202,32.9745532358534,3.6272674699125,2.21947705753325,76.75731413391,2,10,1,0,0,0,0,1,1,0,4,0,0,0,0,0,0,0,0,0,0,18,18,1,0,1,0,0,1,0,0,0,0,0,1,0,0,19.3531837463379,3.86005139350891,9.76131916046143,12.913140296936,17,159,469,1,724,64.7790055248619
"441",21,"KY",6,3,2013,0,1,4.85432369385917,17.6593,8.03076934814453,14.7648305892944,87.0779190063477,8.37829971313477,2,1,4399583,41.6523871335313,8.16475106845353,3.30608605406467,14.4134569117119,32.8614552788298,3.13666090627225,2.07292372936253,75.0612046641693,1,21,0,0,0,0,0,1,1,0,6,0,0,0,0,0,0,0,0,0,0,18,18,1,0,1,0,0,1,0,0,0,0,0,1,0,0,19.2242317199707,3.84816026687622,9.78906440734863,12.8304204940796,21,138,453,6,701,64.6219686162625
"442",21,"KY",6,3,2014,0,1,4.77788726614987,18.069,6.48461532592773,15.7346611022949,87.3196258544922,7.95447540283203,2,0,4413457,41.8745542682364,8.23026031521322,3.37617427789599,14.8299620909414,32.6915839442868,3.12680060098014,2.11059040566159,74.086141543919,4,15,0,0,0,0,0,1,1,0,12,0,0,0,0,0,0,0,0,0,0,18,18,1,0,1,0,0,1,0,0,0,0,0,1,0,0,19.0770645141602,3.86671948432922,9.74780082702637,12.8212871551514,14,138,469,8,727,64.5116918844567
"443",22,"LA",7,3,1989,0,0,3.93824648922572,12.8484,7.96923065185547,10.1789360046387,70.8633270263672,12.9376430511475,1,0,4252908,52.7519720822416,30.7345016154817,2.2079935366623,10.8844634703894,40.7633980153805,11.1619888925286,2.72190228427231,67.843931728596,NA,NA,NA,NA,1,0,0,0,1,0,0,0,0,0,0,0,0,0,0,0,0,18,0,1,0,0,0,0,1,0,0,0,0,0,0,1,0,24.8477172851562,4.6444616317749,11.270414352417,16.8344249725342,39,475,407,11,542,75.0922509225092
"444",22,"LA",7,3,1990,0,0,4.24916790683685,13.2247,6.192307472229,10.6351518630981,69.7622451782227,12.3410692214966,1,1,4219179,52.7969728716274,30.8482290037943,2.21938912760042,11.1068527787041,39.6892855221359,13.2387406760426,2.63961306216209,64.515395056716,2,11,2,0,1,0,0,0,1,0,0,0,0,0,0,0,0,0,0,0,0,18,0,1,0,0,0,0,1,0,0,0,0,0,0,1,0,24.0817317962646,4.48571729660034,11.1230945587158,16.7783393859863,46,559,436,6,558,78.1362007168459
"445",22,"LA",7,3,1991,0,1,4.55110293684198,13.2705,7.27692317962646,12.2583274841309,71.0724411010742,12.4360847473145,1,0,4240950,53.1910898989743,31.0096086961648,2.29964984260602,11.1796413539419,39.6703568775864,14.376915747515,2.91679930204317,65.7920984685035,4,18,0,0,1,1,0,0,1,0,23,0,0,0,0,0,0,0,0,0,0,18,0,1,0,0,0,0,1,0,0,0,0,0,0.463013708591461,0.536986291408539,0,24.2275905609131,4.51094341278076,10.913462638855,16.3942222595215,50,612,430,6,558,77.0609318996416
"446",22,"LA",7,3,1992,0,0,4.79787508291677,13.6826,8.03076934814453,11.4785718917847,73.2325744628906,12.1528244018555,1,1,4270849,53.5852069263212,31.2257352109616,2.34920504096492,11.2460777704854,39.5656460811422,14.1334660218205,2.36299620988707,64.3621443886216,4,31,2,0,1,0,0,0,1,0,0,0,0,0,0,0,0,0,0,0,0,18,0,1,0,0,0,0,1,0,0,0,0,0,1,0,0,24.1931571960449,4.62196254730225,10.7210035324097,15.9661426544189,55,607,407,10,529,76.937618147448
"447",22,"LA",7,3,1993,0,1,5.07007528328964,13.8711,7.62307691574097,11.1353588104248,73.6685943603516,10.7705163955688,1,0,4284749,53.9793239536681,31.4738389576612,2.37365129205935,11.3479926128695,39.3602052302247,17.1099589222069,3.71106918981719,64.0504262910149,5,37,3,0,1,0,0,0,1,0,4,0,0,0,0,0,0,0,0,0,0,18,0,1,0,0,0,0,1,0,0,0,0,0,1,0,0,24.014347076416,4.69367265701294,10.6106948852539,15.551794052124,58,739,406,20,530,76.6037735849057
"448",22,"LA",7,3,1994,0,0,5.40229885057471,14.3101,7.8461537361145,12.7453937530518,73.7057189941406,10.6354207992554,1,1,4306500,54.3734409810149,31.6624404969233,2.4269592476489,11.38409381168,39.2393591083246,17.0119713702315,3.9147799837455,62.0745384883316,10,51,7,0,1,0,0,0,1,0,0,0,0,0,0,0,0,0,0,0,0,18,0,1,0,0,0,0,1,0,0,0,0,0,1,0,0,23.8909378051758,4.80685234069824,10.4910173416138,15.1657705307007,42,740,418,23,552,75.7246376811594
"449",22,"LA",7,3,1995,0,1,5.69064815024476,14.4883,6.99230766296387,11.3059053421021,75.8078842163086,12.020245552063,1,0,4327978,54.7675580083619,31.8302449781399,2.5007982942612,11.4352475913695,39.0208314367587,13.8097932662535,3.97714590970656,61.6012835555079,7,36,5,1,1,0,0,0,1,0,5,0,0,0,0,0,0,0,0,0,0,18,0,1,0,0,0,0,1,0,0,0,0,0,1,0,0,23.6136150360107,4.93571376800537,10.4027404785156,14.8403472900391,52,605,416,14,544,76.4705882352941
"450",22,"LA",7,3,1996,1,1,5.98949516256131,14.6192,6.6076922416687,14.4555807113647,74.6405639648438,10.561637878418,1,1,4338763,55.1616750357088,31.9967004420384,2.54987423834858,11.4801384634284,38.6798725811942,14.0619594011468,4.05069371154866,61.618253866367,3,13,0,2,1,1,0,0,1,4,9,0.0921921755117761,0.305555555555556,0,0,0,0,0,0,0,0,18,0,1,0,0,0,0,1,0,0,0,0,0,1,0,0,23.2718029022217,5.02239561080933,10.3086309432983,14.5884962081909,37,619,388,6,531,73.0696798493409
"451",22,"LA",7,3,1997,1,1,6.43978131125916,14.9628,6.01538467407227,12.4003677368164,75.6531753540039,10.8418607711792,1,0,4351390,55.5557920630557,32.125849441213,2.60868366200226,11.5105288195266,38.4644446946838,12.1147602305873,4.18992551805285,61.3013312987344,9,28,2,0,1,1,0,0,1,4,5,0.0919246493649156,0.294444444444444,4,1,0,0,0,0,0,0,18,0,1,0,0,0,0,1,0,0,0,0,0,1,0,0,22.9704742431641,5.06945037841797,10.3182468414307,14.2867641448975,38,536,386,8,528,73.1060606060606
"452",22,"LA",7,3,1998,0,1,7.04737691157749,15.346,5.68461561203003,11.7192087173462,78.6479568481445,12.6570911407471,1,1,4362758,55.9499090904026,32.2444426209292,2.66764739185625,11.49426578325,38.3362084259544,9.96953552991682,4.01168251826024,62.1641172854419,0,2,0,0,1,1,0,0,1,0,14,0,0,4,1,0,0,0,0,0,0,18,0,1,0,0,0,0,1,0,0,0,0,0,1,0,0,22.7425403594971,5.02521896362305,10.44810962677,13.9570045471191,35,443,345,7,480,71.875
"453",22,"LA",7,3,1999,0,1,7.5815952982993,15.2622,5.06923055648804,12.3242111206055,78.251335144043,10.7165679931641,1,0,4372035,56.3440261177494,32.369251389799,2.73318946440273,11.4696703022734,38.2206226619869,7.66676732100956,4.62965186692238,62.1086061753851,13,37,1,1,1,1,0,0,1,0,11,0,0,0,0,0,0,0,0,0,0,18,6.4739727973938,1,0,0,0,0,1,0,0,0,0,0,1,0,0,22.5757827758789,4.93417024612427,10.5615100860596,13.6428556442261,28,342,389,15,518,75.0965250965251
"454",22,"LA",7,3,2000,1,1,7.74527967512581,15.5377,5.30000019073486,10.634955406189,80.7991409301758,11.0115070343018,1,1,4471885,56.7381431450963,32.6484021838665,2.43738378782102,11.5771984297449,37.8763094310341,9.55476153821368,4.64099591112025,62.282683924117,1,1,1,0,1,1,0,0,1,4,5,0.089447738481647,0.483333333333333,0,0,0,0,0,0,0,0,18,17,1,0,0,0,0,1,0,0,0,0,0,1,0,0,22.3492546081543,4.88020133972168,10.6468524932861,13.374382019043,30,427,326,4,468,69.6581196581197
"455",22,"LA",7,3,2001,0,1,7.9296541328197,16.0988,5.7384614944458,12.0589542388916,80.9706420898438,11.8867568969727,1,0,4477875,57.1975250474426,32.698947603495,2.59520419842001,11.588085866622,37.7447338302208,8.93280853083215,4.6673924573598,60.4990090165536,4,13,0,0,1,1,0,0,1,0,4,0,0,4,1,0,0,0,0,0,0,18,17,1,0,0,0,0,1,0,0,0,0,0,1,0,0,22.0735511779785,4.81837940216064,10.85280418396,13.1136531829834,24,400,352,3,493,71.3995943204868
"456",22,"LA",7,3,2002,0,0,7.98729539518112,16.2048,6.1538462638855,10.9310531616211,78.8475112915039,11.6249237060547,1,1,4497267,57.6569069497887,32.7469549839936,2.75845307828065,11.5969098565862,37.5680607800249,10.3840843783569,5.01171044547722,60.6839665067696,0,0,0,0,1,1,0,0,1,0,0,0,0,0,0,0,0,0,0,0,0,18,17,1,0,0,0,0,1,0,0,0,0,0,1,0,0,21.831169128418,4.73649883270264,11.000391960144,13.0029859542847,47,467,349,6,499,69.939879759519
"457",22,"LA",7,3,2003,0,1,7.97139243563762,16.2617,6.4153847694397,12.5257205963135,79.793083190918,9.9382905960083,1,0,4521042,58.1162888521349,32.793081771857,2.90348994767136,11.6287130267757,37.3734639050024,10.4621899110869,4.71948723325287,59.4537719401855,9,14,5,1,1,1,0,0,1,0,6,0,0,0,0,0,0,0,0,0,0,18,17,1,0,0,0,0,1,0,0,0,0,0,1,0,0,21.6655578613281,4.61311817169189,11.0947875976562,12.9336996078491,50,473,316,2,461,68.5466377440347
"458",22,"LA",7,3,2004,0,0,8.01649650128135,16.5686,5.92307710647583,12.6715822219849,78.6736526489258,10.3731346130371,1,1,4552238,58.5756707544811,32.8325320424811,3.0696549697094,11.6261276321669,37.1049141103782,10.5442641619353,4.70955165349439,59.9511712700434,3,12,2,0,1,0,0,0,1,0,0,0,0,0,0,0,0,0,0,0,0,18,17,1,0,0,0,0,1,0,0,0,0,0,1,0,0,21.4244956970215,4.55681371688843,11.1236057281494,13.0011434555054,41,480,371,7,537,69.0875232774674
"459",22,"LA",7,3,2005,0,1,7.97770760481298,17.0893,7.1307692527771,13.038311958313,80.2148971557617,10.1776304244995,1,0,4576628,59.0350526568272,32.8736353489949,3.25132390047869,11.6885401216791,36.7045125800043,9.98551772178119,3.69289354520402,58.7316688181779,0,0,0,0,1,0,0,0,1,0,4,0,0,0,0,0,0,0,0,0,0,18,17,1,0,0,0,0,1,0,0,0,0,0,1,0,0,21.1958446502686,4.54262399673462,10.96604347229,13.1001033782959,38,457,348,7,505,68.9108910891089
"460",22,"LA",7,3,2006,1,0,8.4201303145841,18.7011,4.46923065185547,13.3811922073364,79.7370529174805,10.2222929000854,1,1,4302665,59.4944345591733,31.447649305721,3.3802306245083,11.9869894588586,35.7555375563749,10.2959444902171,4.53277213076082,64.4038055484217,8,13,4,0,1,0,0,0,1,4,0,0.092965638737852,0.0305555555555556,0,0,0,0,0,0,0,0,18,17,1,0,0,0,0,1,0,0,0,0,0,1,0,0,20.5203742980957,4.55196952819824,10.6831932067871,13.0212783813477,47,443,331,7,492,67.2764227642276
"461",22,"LA",7,3,2007,0,1,8.42356706457954,19.6231,4.2615385055542,11.2535638809204,82.5206069946289,9.86034870147705,1,0,4375581,59.9538164615195,31.8448452902597,3.63039788316112,11.9983151951707,35.7259298822259,11.1528046218319,4.80621887699028,64.0296682886227,1,3,1,0,1,0,0,0,1,0,6,0,0,4,1,0,0,0,0,0,0,18,17,1,0,0,0,0,1,0,0,0,0,0,1,0,0,20.5779991149902,4.48477602005005,10.6631555557251,13.1606750488281,36,488,335,7,522,64.176245210728
"462",22,"LA",7,3,2008,0,0,8.47058314279105,19.9515,4.90000009536743,11.7030582427979,83.2989730834961,10.4349412918091,1,1,4435586,60.4131983638657,32.1223847311268,3.85216293856099,12.1260866095258,35.5728870999232,9.69432223836941,5.09988984544545,60.7520629743173,7,15,1,1,1,1,0,0,1,0,0,0,0,0,0,0,0,0,0,0,0,18,17,1,0,0,0,0,1,0,0,0,0,0,1,0,0,20.6006832122803,4.39551830291748,10.5766859054565,13.3638935089111,33,430,351,8,532,65.9774436090226
"463",22,"LA",7,3,2009,0,1,8.63647373970534,19.2799,6.81538438796997,13.9827280044556,84.6048278808594,10.1857442855835,1,0,4491648,60.8725802662118,32.231109828731,4.08438061041293,12.225846727081,35.3413713630276,9.99633096805449,3.50071955772135,65.2820523781026,10,15,4,1,1,1,0,0,1,0,13,0,0,0,0,0,0,0,0,0,0,18,17,1,0,0,0,0,1,0,0,0,0,0,1,0,0,20.5136070251465,4.29305696487427,10.5347080230713,13.658839225769,23,449,328,7,490,66.9387755102041
"464",22,"LA",7,3,2010,1,0,8.71439756545973,19.3795,7.9538459777832,14.2463598251343,88.7146072387695,9.54283905029297,2,1,4545581,61.331962168558,32.2866097865157,4.27894695969558,12.3288530113092,35.067178431096,9.52933048512233,4.06834681859151,67.0235554046886,14,21,6,2,0,1,0,1,1,4,0,0.0879975519081059,0,0,0,0,0,0,0,0,0,18,17,1,0,0,0,0,1,0,0,0,0,0,1,0,0,20.4334049224854,4.17550563812256,10.4582672119141,13.9258327484131,43,432,385,3,557,69.1202872531418
"465",22,"LA",7,3,2011,0,0,8.64865431868901,19.444,7.83076906204224,13.1395120620728,85.4166564941406,9.97868061065674,2,0,4575972,61.7913440709042,32.3445816539087,4.41490900731036,12.4898491511749,34.7557852189655,9.41876392600304,4.50024606793923,68.8041797458551,4,7,0,1,0,1,0,1,1,0,0,0,0,0,0,0,0,4,1,0,0,18,17,1,0,0,0,0,1,0,0,0,0,0,1,0,0,20.3599796295166,4.04379653930664,10.3520078659058,14.0807456970215,51,431,377,4,573,65.7940663176265
"466",22,"LA",7,3,2012,0,0,8.67344634142528,20.0965,7.12307691574097,14.2805490493774,84.8251571655273,8.59864234924316,0,1,4604744,62.2507259732504,32.3758063423287,4.56587814653757,12.9260606018489,34.5390102033902,9.29476209752377,4.20522834711332,70.6762417194094,7,15,3,0,0,1,1,0,1,0,0,0,0,0,0,0,0,0,0,0,0,18,17,1,0,0,0,0,1,0,0,0,0,0,1,0,0,20.2533740997314,3.96625733375549,10.3193788528442,14.2013759613037,33,428,375,6,567,66.1375661375661
"467",22,"LA",7,3,2013,0,1,8.5831847862434,20.0927,6.7153844833374,13.4895877838135,86.693229675293,8.507399559021,0,0,4629284,62.7101078755966,32.4522971586967,4.71191657284366,13.2529134095035,34.3043762275116,9.63431925973866,2.37336918624997,74.6389722471121,8,17,0,0,0,1,1,0,1,0,5,0,0,0,0,0,0,0,0,0,0,18,17,1,0,0,0,0,1,0,0,0,0,0,1,0,0,20.1291179656982,3.93734765052795,10.2379112243652,14.2957096099854,19,446,408,7,583,69.9828473413379
"468",22,"LA",7,3,2014,0,0,8.31455783155644,20.2922,6.37692308425903,11.8686723709106,85.9196395874023,8.45783233642578,0,1,4649676,63.1694897779427,32.4899197277402,4.83618643535593,13.6115720751295,33.9827119136903,9.05439432769079,3.08021462140588,77.0275176162812,17,29,3,3,0,1,1,0,1,0,0,0,0,0,0,0,0,0,0,0,0,18,17,1,0,0,0,0,1,0,0,0,0,0,1,0,0,20.002103805542,3.9456512928009,10.0349569320679,14.4016056060791,19,421,444,7,679,65.3902798232695
"469",23,"ME",1,1,1989,0,0,1.11972444614216,15.6271,4.01538467407227,10.0215940475464,76.9483489990234,15.9160118103027,1,1,1219943,21.7654135941278,0.414937419207291,0.547156711420124,13.2182296892316,35.6900808561704,2.21289165108764,2.16485524323677,180.551878243492,5,8,0,0,1,1,0,0,1,0,0,0,0,4,1,0,0,0,0,0,0,16,0,0,0,0,0,0,1,0,0,0,0,0,1,0,0,21.048583984375,4.22019243240356,10.4211750030518,16.7681446075439,7,27,103,1,170,60.5882352941176
"470",23,"ME",1,1,1990,0,0,1.20929492177348,15.2742,5.30000019073486,8.74751853942871,81.0309677124023,16.3551635742188,1,0,1231296,21.7221205152094,0.423375045480534,0.557867482717397,13.2777171370653,35.1122719476064,0.977353099756802,2.12621497998857,174.221308280056,2,4,2,0,1,1,0,0,1,0,0,0,0,0,0,0,0,0,0,0,0,16,0,0,0,0,0,0,1,0,0,0,0,0,1,0,0,20.951774597168,4.05928611755371,10.1000308990479,16.6718215942383,3,12,98,0,155,63.2258064516129
"471",23,"ME",1,1,1991,0,0,1.25542418524913,14.8228,7.53076934814453,8.93068790435791,81.1784820556641,16.4076709747314,1,1,1235439,22.0124258078731,0.432882562392801,0.565224183468387,13.411265145426,34.8676057660475,0.646473004903498,1.98471960169624,168.780490173938,4,10,4,0,1,1,0,0,1,0,0,0,0,0,0,0,0,0,0,0,0,16,0,0,0,0,0,0,1,0,0,0,0,0,1,0,0,21.0574741363525,3.99108862876892,9.83136940002441,16.1616744995117,1,8,113,1,177,63.8418079096045
"472",23,"ME",1,1,1992,0,0,1.25349181224651,15.0437,7.3230767250061,10.8950548171997,81.651237487793,16.2974090576172,1,0,1235748,22.3027311005368,0.433421700864578,0.575764638097735,13.6149117781295,34.5888482117713,1.13016880685657,2.09023198904631,170.905394951074,3,4,1,1,1,1,0,0,1,0,0,0,0,0,0,0,0,0,0,0,0,16,0,0,0,0,0,0,1,0,0,0,0,0,1,0,0,21.0722904205322,4.01265048980713,9.53744316101074,15.5292501449585,5,14,104,0,157,66.2420382165605
"473",23,"ME",1,1,1993,0,0,1.2065356436795,15.033,7.25384616851807,11.5988626480103,85.2073822021484,14.388650894165,1,1,1238256,22.5930363932006,0.42624465377111,0.579524750940032,13.7514375056531,34.3132599397863,0.804878205829894,2.13283844374669,172.932737656833,5,10,2,1,1,1,0,0,1,0,0,0,0,0,0,0,0,0,0,0,0,16,0,0,0,0,0,0,1,0,0,0,0,0,1,0,0,20.9815330505371,4.04990100860596,9.32808589935303,14.9687433242798,2,10,100,0,181,55.2486187845304
"474",23,"ME",1,1,1994,0,0,1.18850727203243,15.266,7.00769233703613,11.3223667144775,84.3083114624023,14.662896156311,1,0,1237687,22.8833416858644,0.406968805521913,0.602010039695012,13.8616629244712,34.0275853265002,1.60921500882654,2.09746082814153,167.086670539482,1,4,0,0,1,1,0,0,1,0,0,0,0,0,0,0,0,0,0,0,0,16,0,0,0,0,0,0,1,0,0,0,0,0,1,0,0,20.9202499389648,4.15253686904907,9.0226469039917,14.4128494262695,1,20,97,0,168,57.7380952380952
"475",23,"ME",1,1,1995,0,0,1.1596540594357,15.4998,5.98461532592773,11.8688497543335,86.1569747924805,15.9359474182129,2,1,1237438,23.1736469785282,0.428708347408113,0.625647507188239,13.9621540634763,33.5347710349933,0.884552971052602,2.14798640416732,164.589256188997,4,10,3,0,0,0,0,1,1,0,0,0,0,0,0,0,0,0,0,0,0,16,0,0,0,0,0,0,1,0,0,0,0,0,1,0,0,20.6338653564453,4.22966194152832,8.75526714324951,14.0305433273315,5,11,93,0,161,57.7639751552795
"476",23,"ME",1,1,1996,0,0,1.13658698474992,15.842,5.2153844833374,12.6289892196655,84.7389984130859,16.67063331604,2,0,1241436,23.4639522711919,0.451412718819174,0.681468879587832,13.9682593383791,33.0503545893626,1.04066935853141,2.14992959765948,162.90408849107,0,0,0,0,0,0,0,1,1,0,0,0,0,0,0,0,0,0,0,0,0,16,0,0,0,0,0,0,1,0,0,0,0,0,1,0,0,20.3711585998535,4.26656866073608,8.5100793838501,13.715594291687,1,13,108,0,171,63.1578947368421
"477",23,"ME",1,1,1997,0,1,1.22308195773421,16.2609,5.0615382194519,12.9645614624023,85.8196029663086,18.061351776123,1,1,1245215,23.7542575638557,0.482326345249616,0.68365703914585,14.0126002336946,32.5616058271062,0.796902916505294,2.14742032500412,158.062663877322,4,6,2,0,1,0,0,0,1,0,4,0,0,0,0,0,0,0,0,0,0,16,0,0,0,0,0,0,1,0,0,0,0,0,1,0,0,20.0099773406982,4.30491876602173,8.34548664093018,13.3349914550781,1,10,82,0,137,59.8540145985402
"478",23,"ME",1,1,1998,0,0,1.32659588282351,17.0332,4.50769233703613,13.4097366333008,86.7249298095703,17.6135444641113,1,0,1247554,24.0445628565194,0.503545337516452,0.721091030929322,14.0260862455653,32.2659379874539,0.873449131513648,2.2107259485361,161.227489952339,0,1,0,0,1,0,0,0,1,0,0,0,0,0,0,0,0,0,0,0,0,16,0,0,0,0,0,0,1,0,0,0,0,0,1,0,0,19.8458938598633,4.33721160888672,8.25611686706543,12.9216508865356,4,11,106,0,196,54.0816326530612
"479",23,"ME",1,1,1999,0,0,1.35909468173402,17.3699,3.96153855323792,13.8197183609009,88.8690872192383,17.0330562591553,1,1,1253040,24.3348681491832,0.499425397433442,0.732458660537573,13.9945253144353,32.0076773287365,1.18407840809341,2.23775777309583,165.201430121943,5,20,0,1,1,0,0,0,1,0,0,0,0,0,0,0,0,0,0,0,0,16,0,0,0,0,0,0,1,0,0,0,0,0,1,0,0,19.5243473052979,4.3404369354248,8.19200706481934,12.5777540206909,4,15,91,1,175,52
"480",23,"ME",1,1,2000,0,0,1.32882092787251,17.8836,3.3692307472229,12.2494916915894,89.3230133056641,14.5391387939453,1,0,1277072,24.6251734418471,0.566217096608492,0.737703120889034,14.3854849217585,31.7795707681321,0.862797204223314,2.2559417166769,163.394076449879,2,4,0,0,1,0,0,0,1,0,0,0,0,0,0,0,0,0,0,0,0,16,0,0,0,0,0,0,1,0,0,0,0,0,1,0,0,19.256706237793,4.34470415115356,8.17816066741943,12.2744054794312,1,11,98,0,154,63.6363636363636
"481",23,"ME",1,1,2001,0,0,1.31524501980257,18.1341,3.83076930046082,13.0259561538696,85.4184494018555,15.1191253662109,2,1,1285692,24.7834572202488,0.63693326239877,0.815903031208096,14.402049635527,31.6767157297393,0.54445388164506,2.23614987104221,154.720570712115,5,19,0,1,0,0,0,1,1,0,0,0,0,0,0,0,0,0,0,0,0,16,0,0,0,0,0,0,1,0,0,0,0,0,1,0,0,18.9660511016846,4.37453126907349,8.33613300323486,11.8898620605469,3,7,86,1,161,53.416149068323
"482",23,"ME",1,1,2002,0,0,1.39047501466095,18.3184,4.3461537361145,14.4135866165161,87.3909072875977,14.3134326934814,2,0,1295960,24.9417409986505,0.707429241643261,0.884672366431063,14.4038396246798,31.5316830766382,0.61730300317911,2.25855736288157,152.711503441464,1,0,1,0,0,0,0,1,1,0,0,0,0,0,0,0,0,0,0,0,0,16,0,0,0,0,0,0,1,0,0,0,0,0,1,0,0,18.647798538208,4.39265108108521,8.49123382568359,11.6508226394653,0,8,79,0,166,47.5903614457831
"483",23,"ME",1,1,2003,0,0,1.49711483927064,18.6769,4.9769229888916,14.0330686569214,86.6228485107422,14.3006982803345,1,1,1306513,25.1000247770522,0.80006857949366,0.958275960514744,14.4078168376434,31.4052749570804,0.459237680757865,2.23495671302161,153.94871692819,4,10,1,0,1,0,0,0,1,0,0,0,0,0,0,0,0,0,0,0,0,16.6027393341064,0,0.301369875669479,0,0,0,0,1,0,0,0,0,0,1,0,0,18.348611831665,4.36727380752563,8.6893892288208,11.4519338607788,4,6,71,0,137,51.8248175182482
"484",23,"ME",1,1,2004,0,0,1.53613338935881,19.0721,4.6538462638855,13.0415735244751,87.071159362793,14.4210424423218,1,0,1313688,25.2583085554539,0.871668158649542,1.02490088970897,14.4482555979806,31.198732119042,0.837337328193605,2.20143595739628,150.650687225582,2,1,1,0,1,0,0,0,1,0,0,0,0,0,0,0,0,0,0,0,0,18,0,1,0,0,0,0,1,0,0,0,0,0,1,0,0,18.0961532592773,4.34380149841309,8.75877666473389,11.2777919769287,0,11,97,0,171,56.7251461988304
"485",23,"ME",1,1,2005,0,0,1.53398539718696,18.764,4.88461542129517,13.5154695510864,87.2203369140625,12.6228179931641,1,1,1318787,25.4165923338556,0.952162858748228,1.08486055746682,14.5118203318656,30.9901447314843,0.606618051285007,2.18837462001066,152.515910454076,3,16,2,1,1,0,0,0,1,0,0,0,0,0,0,0,0,0,0,0,0,18,0,1,0,0,0,0,1,0,0,0,0,0,1,0,0,17.7808856964111,4.36363124847412,8.84562873840332,11.0481824874878,1,8,100,0,175,57.1428571428571
"486",23,"ME",1,1,2006,1,0,1.56464964615951,19.219,4.5846152305603,11.8255710601807,89.3371734619141,12.9301290512085,1,0,1323619,25.5748761122573,1.02302853011327,1.13967841199016,14.6905567236493,30.6954644803376,1.1332566244516,2.21589445301103,155.331707991499,4,4,1,0,1,0,0,0,1,4,0,0.302201766520426,0.122222222222222,0,0,0,0,0,0,0,0,18,0,1,0,0,0,0,1,0,0,0,0,0,1,0,0,17.5066986083984,4.32322311401367,8.8655424118042,10.8616600036621,0,15,87,1,158,55.0632911392405
"487",23,"ME",1,1,2007,0,0,1.60809018567639,19.457,4.66923093795776,12.23548412323,89.1764373779297,13.2013511657715,1,1,1327040,25.733159890659,1.0900198938992,1.19016759102966,14.9207258258982,30.339025198939,1.13033518205932,2.26971304557511,150.03466361225,5,17,2,1,1,0,0,0,1,0,0,0,0,4,1,0,0,0,0,0,0,18,0,1,0,0,0,0,1,0,0,0,0,0,1,0,0,17.2991008758545,4.26656341552734,8.77336025238037,10.823184967041,1,15,90,0,191,47.1204188481675
"488",23,"ME",1,1,2008,0,0,1.63170636200131,19.3431,5.5,13.1965208053589,91.1923141479492,12.689510345459,1,0,1330509,25.8914436690607,1.15797788665841,1.2400517395974,15.2827226272051,30.0223448319403,0.901910471857011,2.22546408930718,146.987355966777,3,1,0,1,1,0,0,0,1,0,0,0,0,0,0,0,0,0,0,0,0,18,0,1,0,0,0,0,1,0,0,0,0,0,1,0,0,17.0703086853027,4.13991928100586,8.8121166229248,10.8185663223267,3,12,103,1,181,56.9060773480663
"489",23,"ME",1,1,2009,0,0,1.65464541700825,19.5086,8.09230804443359,14.2977237701416,90.2440185546875,13.2747249603271,1,1,1329590,26.0497274474624,1.21466015839469,1.28738934558774,15.6191006250047,29.7099105739363,1.12816732977835,2.15028693055754,147.088952233395,7,12,2,1,1,0,0,0,1,0,0,0,0,0,0,0,0,0,0,0,0,18,0,1,0,0,0,0,1,0,0,0,0,0,1,0,0,16.8894176483154,4.01522254943848,8.80527114868164,10.8440952301025,0,15,106,0,197,53.8071065989848
"490",23,"ME",1,1,2010,0,0,1.6423565254667,19.3868,8.14615345001221,14.5453128814697,89.4425430297852,13.1978349685669,1,0,1327361,26.2080112258641,1.24012985163795,1.28239416405936,15.9746293585543,29.3119957569945,0.978649629129431,2.13883035587154,147.781952309884,3,3,0,0,1,0,0,0,1,0,0,0,0,0,0,0,0,0,0,0,0,18,0,1,0,0,0,0,1,0,0,0,0,0,1,0,0,16.6910877227783,3.87995433807373,8.74095249176025,10.908712387085,1,13,95,0,186,51.0752688172043
"491",23,"ME",1,1,2011,0,0,1.61830819395601,19.596,7.88461542129517,13.5485534667969,90.1444320678711,13.3021383285522,0,1,1327930,26.3662950042657,1.29924017079214,1.34133576318029,16.2603450483083,28.9958808069702,1.12957761327781,2.13490168909506,145.667316801337,4,19,0,1,0,1,1,0,1,0,0,0,0,0,0,0,0,0,0,0,0,18,0,1,0,0,0,0,1,0,0,0,0,0,1,0,0,16.4671325683594,3.77738285064697,8.75136470794678,11.031304359436,1,15,113,1,235,48.0851063829787
"492",23,"ME",1,1,2012,0,0,1.60019027662367,19.7234,7.48461532592773,13.9417276382446,91.979866027832,13.2425670623779,0,0,1328592,26.5245787826673,1.36701109144116,1.39960198465744,17.0321663836603,28.6445349663403,1.1290147765454,2.12706383901152,143.971964305069,3,1,0,0,0,1,1,0,1,0,0,0,0,0,0,0,0,0,0,0,0,18,0,1,0,0,0,0,1,0,0,0,0,0,1,0,0,16.2683506011963,3.68683528900146,8.68934917449951,11.1689672470093,0,15,112,1,209,53.5885167464115
"493",23,"ME",1,1,2013,0,0,1.61059439964717,19.9561,6.6538462638855,14.1067047119141,91.9927291870117,12.1075029373169,1,1,1328702,26.6828625610689,1.39933559217944,1.45856633014777,17.6815418355658,28.2764683126841,0.978398467075386,2.11183546047195,142.334398533305,7,33,1,0,1,1,0,0,1,0,0,0,0,0,0,0,0,0,0,0,0,18,0,1,0,0,0,0,1,0,0,0,0,0,1,0,0,16.0610885620117,3.64174962043762,8.57363033294678,11.3318862915039,2,13,137,2,245,55.9183673469388
"494",23,"ME",1,1,2014,0,0,1.659287461215,20.1886,5.69999980926514,15.5767993927002,91.462272644043,12.111665725708,1,0,1330089,26.8411463394705,1.43967809672887,1.51606396263709,18.307571899324,27.9379049071152,0.751829388860445,2.11639972964215,131.717501610794,0,1,0,0,1,1,0,0,1,0,0,0,0,0,0,0,0,0,0,0,0,18,0,1,0,0,0,0,1,0,0,0,0,0,1,0,0,15.8563823699951,3.61426949501038,8.46725273132324,11.477352142334,0,10,116,1,220,52.7272727272727
"495",24,"MD",5,3,1989,0,0,3.25661582721638,20.2455,3.80769228935242,10.6513252258301,80.6694107055664,15.1892957687378,1,1,4727300,74.8620074187897,24.8195429825421,2.52956072415921,10.7051639223929,35.4055530241588,7.87885739246997,3.03809785712775,34.8915871639202,NA,NA,NA,NA,1,0,0,0,1,0,0,0,0,0,0,0,0,0,0,7,0,21,0,1,1,0,0,0,1,0,0,0,0,0,0,1,0,20.5548496246338,3.86490988731384,10.9858198165894,18.7674026489258,6,373,294,5,525,56
"496",24,"MD",5,3,1990,0,0,3.58129173718184,20.0452,4.46923065185547,12.2905378341675,78.5671081542969,13.7205419540405,1,0,4797431,74.9029586729431,25.0553890196649,2.63328435573122,10.7960072797295,35.0917605693547,8.94626575969369,3.16794551083695,29.5818741322178,2,15,0,0,1,0,0,0,1,0,0,0,0,0,0,0,0,0,0,7,0,21,0,1,1,0,0,0,1,0,0,0,0,0,0,1,0,20.9301071166992,3.66327977180481,10.5094203948975,18.7609195709229,3,428,301,3,486,61.9341563786008
"497",24,"MD",5,3,1991,0,0,3.8237905710172,19.6564,6.1076922416687,11.9638738632202,78.2465667724609,15.4079627990723,1,1,4856176,75.4330540612849,25.3626927854345,2.75416294631826,10.8886292424327,34.7314841966189,8.75004390426959,3.42574074745232,32.4032736869504,2,24,0,0,1,0,0,0,1,0,0,0,0,0,0,0,0,0,0,7,0,21,0,1,1,0,0,0,1,0,0,0,0,0,0,1,0,21.2601337432861,3.5752637386322,9.95628070831299,18.5822868347168,10,426,258,6,429,60.1398601398601
"498",24,"MD",5,3,1992,0,0,4.00485870094002,19.8219,6.80000019073486,12.0396928787231,81.0311584472656,13.2578086853027,1,0,4902545,75.9631494496269,25.6579184892745,2.8496423796212,11.0218468162964,34.4489851699474,9.52387914705032,3.271770070443,32.3842004509902,2,31,1,0,1,0,0,0,1,0,0,0,0,0,0,0,0,0,0,7,0,21,0,1,1,0,0,0,1,0,0,0,0,0,0,1,0,21.4936408996582,3.60092926025391,9.4706916809082,18.2313404083252,5,469,253,17,461,54.880694143167
"499",24,"MD",5,3,1993,0,0,4.07081107066378,19.8318,6.1769232749939,11.2610292434692,82.6416931152344,14.3503074645996,1,1,4942504,76.493244837969,26.0098727284793,2.98696773942924,11.1698847385859,34.3021067863577,9.67341271565074,3.32341663254091,32.0744302887767,1,39,1,0,1,0,0,0,1,0,0,0,0,0,0,0,0,0,0,7,0,21,0,1,1,0,0,0,1,0,0,0,0,0,0,1,0,21.7356815338135,3.64175462722778,9.0949535369873,17.7667274475098,19,481,272,12,529,51.4177693761815
"500",24,"MD",5,3,1994,0,1,4.13827465779652,20.0169,5.2846155166626,9.39312553405762,82.5583724975586,13.9479713439941,1,0,4985411,77.023340226311,26.3664921507976,3.10869053724959,11.2633642441917,34.0556475684753,8.99709286413096,3.44725841059042,29.9455751993166,4,69,0,0,1,0,0,0,1,0,9,0,0,0,0,0,0,0,0,7,0,21,0,1,1,0,0,0,1,0,0,0.586301386356354,0.586301386356354,0,0,1,0,21.7801704406738,3.71767401695251,8.78779029846191,17.3174915313721,12,452,297,7,528,56.25
"501",24,"MD",5,3,1995,0,1,4.22501567585321,20.1148,5.03076934814453,11.3255386352539,82.0457229614258,13.5371417999268,1,1,5023650,77.5534356146528,26.7331123784499,3.2238312780548,11.3520647338091,33.8989380231505,9.05283125818379,3.44251689508624,30.056234013118,0,29,0,0,1,0,0,0,1,0,5,0,0,0,0,0,0,0,0,7,0,21,0,1,1,0,0,0,1,0,0,1,1,0,0,1,0,21.8301544189453,3.82441306114197,8.52834701538086,16.8197135925293,17,459,266,11,509,52.2593320235756
"502",24,"MD",5,3,1996,0,0,4.30104592673095,20.2758,5.0461540222168,12.1515588760376,84.5836791992188,13.9780197143555,1,0,5057142,78.0835310029948,27.1309565758683,3.33536214723652,11.4368945938239,33.5169943814115,8.52701822884835,3.42802317989093,28.4263325016383,4,43,3,0,1,0,0,0,1,0,0,0,0,0,0,0,0,0,0,7,0,21,5.27868843078613,1,1,0.25136610865593,0.25136610865593,0,0.748633861541748,0.25136610865593,0,1,1,0,0,1,0,21.6116600036621,3.89341831207275,8.35465908050537,16.3868789672852,12,436,269,38,501,53.6926147704591
"503",24,"MD",5,3,1997,0,0,4.34741289564285,20.7474,4.96153831481934,12.4641923904419,84.7062072753906,12.697696685791,1,1,5092914,78.6136263913369,27.4643946471509,3.50490897745377,11.4844664567279,33.5080859405833,8.08663128587715,3.48975066140917,27.6578398928393,0,22,0,0,1,0,0,0,1,0,0,0,0,0,0,0,0,0,0,7,0,21,21,1,1,1,1,0,0,1,0,1,1,0,0,1,0,21.6108798980713,4.0090913772583,8.26980590820312,15.7884273529053,7,417,270,5,519,52.0231213872832
"504",24,"MD",5,3,1998,0,0,4.36680031001514,21.789,4.40769243240356,11.5020942687988,84.6647262573242,12.9246826171875,1,0,5130072,79.1437217796787,27.806198431523,3.6735741720584,11.5256277104883,33.6220232386602,7.4722996664934,3.52509672378867,27.8571138962572,2,16,0,0,1,0,0,0,1,0,0,0,0,0,0,0,0,0,0,7,0,21,21,1,1,1,1,0,0,1,0,1,1,0,0,1,0,21.640941619873,4.08172655105591,8.29885673522949,15.1539144515991,9,389,261,6,497,52.5150905432596
"505",24,"MD",5,3,1999,0,0,4.41504561227651,22.4275,3.57692313194275,11.1569881439209,84.7139205932617,12.8524036407471,1,1,5171634,79.6738171680207,28.1222723804507,3.85092989952499,11.5429862206026,33.8656989261034,7.53638446522786,3.52925207004208,26.1882414726177,1,15,0,0,1,0,0,0,1,0,0,0,0,0,0,0,0,0,0,7,0,21,21,1,1,1,1,0,0,1,0,1,1,0,0,1,0,21.5482368469238,4.11846303939819,8.41125202178955,14.5386943817139,1,396,241,5,435,55.4022988505747
"506",24,"MD",5,3,2000,1,1,4.39010558019399,23.3085,3.58461546897888,11.259033203125,85.6974334716797,14.1542043685913,1,0,5311034,80.2039125563628,28.3324490108706,4.35235398605997,11.3244050028676,34.1022859202182,6.66479624415131,3.52172477148518,25.194717262213,2,41,1,0,1,0,0,0,1,4,5,0.0753149010155085,0.722222222222222,0,0,0,0,0,0,7,0,21,21,1,1,1,1,0,0,1,0,1,1,0,0,1,0,21.4002590179443,4.14958763122559,8.55243968963623,14.0550785064697,2,353,245,4,474,51.6877637130802
"507",24,"MD",5,3,2001,0,0,4.39932267734089,23.61,4.0230770111084,10.7748594284058,88.1178894042969,13.2742347717285,1,1,5374691,80.5369041056273,28.5341241012739,4.67656652261497,11.3225485893049,34.1762903206901,6.75387664146646,3.56169312803285,25.3811800529556,0,25,0,0,1,0,0,0,1,0,0,0,0,4,1,0,0,0,0,7,0,21,21,1,1,1,1,0,0,1,0,1,1,0,0,1,0,21.2318058013916,4.19387817382812,8.75060558319092,13.6468124389648,10,363,220,5,454,48.4581497797357
"508",24,"MD",5,3,2002,0,0,4.40354540824195,23.9076,4.4384617805481,10.9157333374023,87.5465240478516,12.1085405349731,1,0,5440389,80.8698956548917,28.7230563843872,5.0342907464889,11.3035850929042,34.1885846765737,6.70907907504408,3.58724348571398,23.6323174684751,1,27,0,0,1,0,0,0,1,0,0,0,0,0,0,0,0,0,0,7,0,21,21,1,1,1,1,0,0,1,0,1,1,0,0,1,0,21.0350036621094,4.24543190002441,8.90814971923828,13.3973321914673,6,365,233,3,477,48.8469601677149
"509",24,"MD",5,3,2003,0,0,4.36223190677167,24.2421,4.4307689666748,11.8442134857178,87.6368865966797,10.972936630249,1,1,5496269,81.2028872041561,28.9142143515901,5.41394535092806,11.3348891766396,34.1638846279176,7.16849921282965,3.50965354861634,22.5059945210105,1,26,0,0,1,1,0,0,1,0,0,0,0,0,0,0,0,0,0,7,0,21,21,1,1,1,1,0,0,1,0,1,1,0,0,1,0,20.8182315826416,4.28317832946777,9.06247520446777,13.2081232070923,4,394,239,3,491,48.6761710794297
"510",24,"MD",5,3,2004,0,1,4.24342452183052,25.141,4.2615385055542,11.9067487716675,87.3754653930664,11.2341709136963,1,0,5546935,81.5358787534205,29.1477004868454,5.8211426670765,11.3667277514519,34.100814233446,6.95879796680509,3.51239017583584,23.1783859014032,2,29,0,0,1,1,0,0,1,0,4,0,0,0,0,0,0,0,0,7,0,21,21,1,1,1,1,0,0,1,0,1,1,0,0,1,0,20.5808982849121,4.35990333557129,9.16001319885254,13.0574817657471,11,386,250,1,500,50
"511",24,"MD",5,3,2005,0,0,4.11470681797496,25.4729,4.1307692527771,11.4298152923584,86.9048004150391,11.0413036346436,1,1,5592379,81.868870302685,29.3763173061053,6.27191039806136,11.4174307571071,33.979474567085,7.54598356084235,3.53069775850313,22.1192090164132,2,25,0,0,1,1,0,0,1,0,0,0,0,0,0,0,0,0,0,7,0,21,21,1,1,1,1,0,0,1,0,1,1,0,0,1,0,20.2521324157715,4.47734308242798,9.24999904632568,12.951286315918,1,422,220,4,472,46.6101694915254
"512",24,"MD",5,3,2006,0,1,4.05891423111377,26.1298,3.86153841018677,10.8560409545898,87.2187118530273,10.6613960266113,1,0,5627367,82.2018618519494,29.5851683389408,6.74315359207956,11.4853003189591,33.8285915953234,7.3924448147775,3.57129719813902,21.4867805849521,1,17,0,0,1,1,0,0,1,0,9,0,0,0,0,0,0,0,0,7,0,21,21,1,1,1,1,0,0,1,0,1,1,0,0,1,0,19.9522972106934,4.53083992004395,9.34545421600342,12.8975238800049,3,416,238,3,495,48.0808080808081
"513",24,"MD",5,3,2007,0,1,4.10177365581964,26.4377,3.44615387916565,11.0249328613281,86.8394012451172,10.4368839263916,1,1,5653408,82.5348534012138,29.7339410139866,7.18479897435317,11.6487789312217,33.6981693166317,7.4999009447045,3.64381979860643,21.6455277949159,2,11,0,0,1,0,0,0,1,0,36,0,0,0,0,0,0,0,0,7,0,21,21,1,1,1,1,0,0,1,0,1,1,0,0,1,0,19.7118091583252,4.51363134384155,9.47272872924805,12.8462686538696,5,424,233,1,518,44.980694980695
"514",24,"MD",5,3,2008,0,0,4.11225047119903,26.2639,4.20769214630127,12.0855445861816,89.5126724243164,9.50167846679688,1,0,5684965,82.8678449504781,29.8266216238798,7.57040720567321,11.9307330827894,33.4714109937352,6.66670771060156,3.65824591708128,20.8810432430103,2,29,0,0,1,0,0,0,1,0,0,0,0,0,0,0,0,0,0,7,0,21,21,1,1,1,1,0,0,1,0,1,1,0,0,1,0,19.5047645568848,4.40416097640991,9.56248664855957,12.9401321411133,1,379,263,2,507,51.8737672583826
"515",24,"MD",5,3,2009,0,0,3.97686858202272,26.0974,7,12.0286445617676,89.7060012817383,9.8047046661377,1,1,5730388,83.2008364997425,29.9355122201149,7.90145449138872,12.1280269329058,33.2586205331995,5.51446080090912,3.59644059006127,21.6379763464533,6,32,0,0,1,0,0,0,1,0,0,0,0,0,0,0,0,0,0,7,0,21,21,1,1,1,1,0,0,1,0,1,1,0,0,1,0,19.3484630584717,4.27351522445679,9.63664245605469,13.0889387130737,2,316,252,2,551,45.7350272232305
"516",24,"MD",5,3,2010,0,1,3.87864689990724,26.0667,7.64615392684937,12.1854457855225,90.4119644165039,9.54776763916016,1,0,5788101,83.5338280490069,30.0099117137037,8.21227894952075,12.2988351447219,33.0384006775279,5.30003020670811,3.53604748776844,20.8410323178535,3,24,0,1,1,0,0,0,1,0,12,0,0,0,0,0,0,0,0,7,0,21,21,1,1,1,1,0,0,1,0,1,1,0,0,1,0,19.1870174407959,4.17290592193604,9.67847633361816,13.2506151199341,3,306,222,1,502,44.2231075697211
"517",24,"MD",5,3,2011,0,1,3.86749587128859,26.3578,7.23076915740967,11.2198286056519,89.4813613891602,9.13153743743896,1,1,5843833,83.8668195982713,30.0609206320578,8.48111162656428,12.4888921363769,32.8017244845977,4.72292757168112,3.49992889940558,20.8736286611886,4,31,2,0,1,0,0,0,1,0,5,0,0,0,0,0,0,0,0,7,0,21,21,1,1,1,1,0,0,1,0,1,1,0,0,1,0,19.0469512939453,4.04989337921143,9.7048807144165,13.4546794891357,3,276,242,1,558,43.3691756272401
"518",24,"MD",5,3,2012,0,0,3.74078022423975,26.5494,6.9538459777832,11.0205497741699,90.1874923706055,9.68562698364258,1,0,5891819,84.1998111475357,30.0895869340182,8.74088290899636,12.9489381802123,32.4974850720974,4.98996999059204,3.41439545240612,20.3619629184128,6,30,2,2,1,0,0,0,1,0,0,0,0,0,0,0,0,0,0,7,0,21,21,1,1,1,1,0,0,1,0,1,1,0,0,1,0,18.9264640808105,3.94535207748413,9.62566947937012,13.6270475387573,3,294,272,2,583,46.6552315608919
"519",24,"MD",5,3,2013,0,1,3.60817460008753,26.2476,6.6307692527771,11.1221303939819,90.2237319946289,8.25188732147217,1,1,5938737,84.5328026968,30.1704722738185,9.01402099469971,13.3837043128867,32.2106030288932,5.03474055173684,3.82673959126326,20.2603684924926,3,71,1,0,1,0,0,0,1,0,12,0,0,0,0,0,0,0,0,7,0,21,21,1,1,1,1,0,0,1,0,1,1,0,0,1,0,18.8110866546631,3.8640034198761,9.53551197052002,13.7879819869995,6,299,257,2,569,45.1669595782074
"520",24,"MD",5,3,2014,0,1,3.54276407212561,26.4614,5.83076906204224,10.2433481216431,91.7957458496094,7.81776142120361,1,0,5976407,84.8657942460644,30.2739421863337,9.32618879537488,13.7584337880603,32.0051663148109,4.16638291200716,3.47114913693127,19.9111272040207,4,39,1,1,1,0,0,0,1,0,4,0,0,0,0,0,0,0,0,7,0,21,21,1,1,1,1,0,0,1,0,1,1,0,0,1,0,18.7657566070557,3.83216881752014,9.40724086761475,13.8749418258667,1,249,277,2,606,45.7095709570957
"521",25,"MA",1,1,1989,0,0,1.18693730610448,20.5525,4.14615392684937,9.04686832427979,80.707893371582,13.6133489608765,1,1,6015482,78.5093892619403,5.35050789753445,4.58052841957049,13.4593604266593,34.6456366982579,1.72633391248516,0.92511290034614,18.5980109324573,0,2,NA,NA,1,0,0,0,1,0,0,0,0,0,0,0,0,0,0,0,0,18,18,1,0,1,0,1,0,0,1,0,0,0,0,1,0,18.7704849243164,3.74828863143921,12.1266555786133,18.4386920928955,8,104,176,2,491,35.8452138492872
"522",25,"MA",1,1,1990,0,1,1.3115867574598,20.0556,6.2846155166626,8.91017818450928,82.96240234375,12.9802112579346,1,0,6018664,78.6244655256236,5.4521069792233,4.8009824107144,13.5821670722938,34.2745333515877,2.14323594735016,2.30366739196606,19.3232252207467,0,47,0,0,1,0,0,0,1,0,4,0,0,0,0,0,0,0,0,0,0,18,18,1,0,1,0,1,0,0,1,0,0,0,0,1,0,18.9443359375,3.5342812538147,11.8202333450317,18.3109264373779,5,129,169,1,528,32.0075757575758
"523",25,"MA",1,1,1991,0,0,1.46866329301983,19.5696,8.62307739257812,8.98651599884033,83.6839981079102,13.0683393478394,1,1,5998652,79.6375000060334,5.61127733364096,4.95953090794398,13.8411263063768,33.9629470087613,2.2757879583574,2.63175793494939,18.757380824892,1,40,1,0,1,1,0,0,1,0,0,0,0,0,0,0,0,0,0,0,0,18,18,1,0,1,0,1,0,0,1,0,0,0,0,1,0,19.4188060760498,3.42935991287231,11.2316913604736,18.1292419433594,6,137,162,0,489,33.1288343558282
"524",25,"MA",1,1,1992,0,1,1.61509001290404,19.9449,8.46153831481934,9.37062454223633,83.5809783935547,13.4433031082153,1,0,5993474,80.6505344864431,5.76370232022363,5.10982445239606,14.0032975866751,33.5566818175903,1.80738394273677,2.76217098797792,18.682153288727,0,44,0,0,1,1,0,0,1,0,4,0,0,0,0,0,0,0,0,0,0,18,18,1,0,1,0,1,0,0,1,0,0,0,0,1,0,19.6561660766602,3.40329909324646,10.7091083526611,17.9022235870361,2,109,173,4,534,32.3970037453184
"525",25,"MA",1,1,1993,0,1,1.65998878035244,20.0322,6.98461532592773,9.64779567718506,84.5630111694336,12.011287689209,1,1,6010884,81.6635689668531,5.90044658988595,5.26781085777067,14.133628264994,33.2858694328488,2.14450994730939,2.81406195827436,16.7632581164434,0,46,0,0,1,1,0,0,1,0,6,0,0,0,0,0,0,0,0,0,0,18,18,1,0,1,0,1,0,0,1,0,0,0,0,1,0,19.9506359100342,3.40895390510559,10.2203769683838,17.6119270324707,8,130,141,3,467,30.1927194860814
"526",25,"MA",1,1,1994,0,0,1.7331105861505,20.3863,6.05384635925293,8.92061042785645,85.6166839599609,11.4347133636475,1,0,6031352,82.6766034472628,5.99197327564367,5.40893650378887,14.1486519108817,32.918390437169,2.34548386922172,2.77068889363446,16.7063703129912,2,51,0,0,1,1,0,0,1,0,0,0,0,0,0,0,0,0,0,0,0,18,18,1,0,1,0,1,0,0,1,0,0,0,0,1,0,20.0937423706055,3.4831600189209,9.72311019897461,17.380952835083,5,143,155,3,512,30.2734375
"527",25,"MA",1,1,1995,0,1,1.80442024401489,20.814,5.30000019073486,8.88826656341553,85.8219528198242,11.3993625640869,1,1,6062335,83.6896379276725,6.05860613113594,5.57981371864141,14.1456221076532,32.4701125886313,2.00271457377024,3.02705145789535,16.3958276802585,0,75,0,0,1,1,0,0,1,0,5,0,0,0,0,0,0,0,0,0,0,18,18,1,0,1,0,1,0,0,1,0,0,0,0,1,0,20.1057567596436,3.56113266944885,9.26034545898438,17.1859550476074,3,123,149,1,489,30.4703476482618
"528",25,"MA",1,1,1996,0,0,1.80925044610923,21.3655,4.43846130371094,9.32147026062012,84.8800048828125,12.4446067810059,1,0,6085393,84.7026724080822,6.14364594036901,5.74487136656581,14.1431457261676,32.0659323070835,1.48845878182592,3.07835500517386,10.1871810086875,2,12,1,0,1,1,0,0,1,0,0,0,0,0,0,0,0,0,0,0,0,18,18,1,0,1,0,1,0,0,1,0,0,0,0,1,0,20.1338043212891,3.63111424446106,8.83141708374023,16.9355545043945,3,92,137,1,490,27.9591836734694
"529",25,"MA",1,1,1997,0,1,1.81833760773487,22.0377,3.92307686805725,10.0070571899414,85.8567199707031,11.6068725585938,1,1,6115476,85.7157068884919,6.28798150789898,5.9171027733573,14.0806210342417,31.8433593721895,1.15608514245939,3.10409197910351,13.6445633994803,0,46,0,0,1,1,0,0,1,0,4,0,0,0,0,0,0,0,0,0,0,18,18,1,0,1,0,1,0,0,1,0,0,0,0,1,0,20.0461025238037,3.69609475135803,8.68912601470947,16.4753532409668,3,72,142,1,492,28.8617886178862
"530",25,"MA",1,1,1998,0,1,1.80407971021451,22.9075,3.29999995231628,10.5117330551147,85.6468353271484,11.1394910812378,1,0,6144407,86.7287413689016,6.42270279296277,6.12334111330841,14.0117508491869,31.920688196599,1.01991690545737,3.1233282560872,12.2176151417053,1,9,0,0,1,1,0,0,1,0,4,0,0,0,0,0,0,0,0,0,0,18.5917816162109,18.5917816162109,1,0.197260275483131,1,0.197260275483131,1,0,0,1,0.197260275483131,0.197260275483131,0,0,1,0,20.0439968109131,3.73933458328247,8.79496574401855,15.8003444671631,2,64,153,1,506,30.2371541501976
"531",25,"MA",1,1,1999,0,0,1.75104519406675,23.7163,3.18461537361145,10.4809188842773,85.1249847412109,9.6364860534668,1,1,6175169,87.7417758493114,6.56109978528523,6.33095223790636,13.922388196987,32.0847251305997,1.12388986195941,3.16768658477201,12.022504971119,0,43,0,0,1,1,0,0,1,0,0,0,0,0,0,0,0,0,0,0,0,21,21,1,1,1,1,1,0,0,1,1,1,0,0,1,0,19.9162616729736,3.76169109344482,8.97256660461426,15.1131839752197,0,71,118,4,431,27.3781902552204
"532",25,"MA",1,1,2000,1,1,1.61104110229922,25.3529,2.69230771064758,11.012092590332,85.0565185546875,10.3076934814453,1,0,6361104,88.7548103297209,6.41956176160616,6.81659976004165,13.5337828150585,32.7577257029597,1.05526817435613,3.11282444053737,10.8261081724179,0,1,0,0,1,1,0,0,1,7,5,0.110043791140657,0.711111111111111,0,0,0,0,0,0,0,0,21,21,1,1,1,1,1,0,0,1,1,1,0,0,1,0,19.7995510101318,3.80223298072815,9.1559419631958,14.5285625457764,2,67,105,1,387,27.1317829457364
"533",25,"MA",1,1,2001,0,0,1.52853382985022,25.5099,3.72307682037354,10.9189624786377,85.6838836669922,11.1117124557495,1,1,6397634,88.9096210252508,6.5642392171856,7.11452077439879,13.4010010575785,32.8211179320355,1.25046228027424,3.13287693544207,9.69483405896617,0,35,0,0,1,1,0,0,1,0,0,0,0,7,1,0,0,0,0,0,0,21,21,1,1,1,1,1,0,0,1,1,1,0,0,1,0,19.6516704559326,3.87308812141418,9.29635906219482,14.1829929351807,4,80,107,3,426,25.1173708920188
"534",25,"MA",1,1,2002,0,0,1.46465611357965,25.053,5.26923084259033,10.6136341094971,86.5020599365234,10.9932594299316,1,0,6417206,89.0644317207808,6.70858937674745,7.38350927179212,13.323742451154,32.8094656771187,1.46481194463759,3.0775075632604,10.6725574962063,0,5,0,0,1,1,0,0,1,0,0,0,0,0,0,0,0,0,0,0,0,21,21,1,1,1,1,1,0,0,1,1,1,0,0,1,0,19.4645137786865,3.95147037506104,9.39348030090332,13.8752908706665,5,94,99,2,436,22.7064220183486
"535",25,"MA",1,1,2003,0,1,1.41018424881648,25.075,5.70769214630127,10.8912858963013,87.0996246337891,9.78807926177979,1,1,6422565,89.2192424163107,6.84830749085451,7.64347266240202,13.291091643292,32.7961492020711,1.21446805131595,3.02667236532445,8.82233188764925,1,33,0,0,1,1,0,0,1,0,4,0,0,0,0,0,0,0,0,0,0,21,21,1,1,1,1,1,0,0,1,1,1,0,0,1,0,19.2361621856689,4.01579427719116,9.54419326782227,13.5655298233032,1,78,122,2,433,28.175519630485
"536",25,"MA",1,1,2004,0,0,1.39357585857513,25.6726,5.14615392684937,11.4160823822021,86.9211349487305,9.38573360443115,1,0,6412281,89.3740531118407,6.96886178257004,7.89561468064172,13.2699424744486,32.7060682462294,1.65307789848885,3.03573720490415,10.6807546331797,2,1,1,0,1,1,0,0,1,0,0,0,0,0,0,0,0,0,0,0,0,21,21,1,1,1,1,1,0,0,1,1,1,0,0,1,0,18.9914169311523,4.08213567733765,9.6325159072876,13.2996826171875,3,106,95,1,425,22.3529411764706
"537",25,"MA",1,1,2005,0,0,1.41989508518277,25.9499,4.86153841018677,10.0140819549561,87.4669647216797,8.78337478637695,1,1,6403290,89.5288638073706,7.10188043958652,8.15185631136494,13.2746603699036,32.6034116836814,1.68663296524131,3.05764692837588,8.84888861819471,1,34,0,0,1,1,0,0,1,0,0,0,0,0,0,0,0,0,0,0,0,21,21,1,1,1,1,1,0,0,1,1,1,0,0,1,0,18.6638584136963,4.20157432556152,9.73797798156738,12.9936017990112,4,108,111,0,480,23.125
"538",25,"MA",1,1,2006,0,0,1.47938778961399,27.0264,4.90000009536743,10.680006980896,89.9049911499023,8.28786468505859,1,0,6410084,89.6836745029005,7.23884429595618,8.43895337408995,13.279576367486,32.5634890276009,1.63804405683295,3.18404563809148,10.8422916142753,2,2,0,0,1,1,0,0,1,0,0,0,0,0,0,0,0,0,0,0,0,21,21,1,1,1,1,1,0,0,1,1,1,0,0,1,0,18.38356590271,4.24019384384155,9.93972969055176,12.7673673629761,1,105,101,0,450,22.4444444444444
"539",25,"MA",1,1,2007,0,0,1.53353176111733,27.5197,4.6076922416687,10.6372098922729,89.7015151977539,7.2856330871582,1,1,6431559,89.8384851984305,7.36527488902768,8.72337484581887,13.37440891081,32.4751277256416,1.7880579187721,3.15864318433524,9.17600227254387,1,28,1,0,1,0,0,0,1,0,0,0,0,0,0,0,0,0,0,0,0,21,21,1,1,1,1,1,0,0,1,1,1,0,0,1,0,18.1670570373535,4.21875953674316,10.0893115997314,12.6679553985596,3,115,114,0,516,22.093023255814
"540",25,"MA",1,1,2008,0,0,1.57366701669679,27.1804,5.53076934814453,10.5272359848022,90.6085815429688,8.06009960174561,1,0,6468967,89.9932958939604,7.49659103223127,9.03927937799033,13.5597229047543,32.3290101804508,1.51492502589672,3.11842679055249,8.8411333679705,3,3,0,0,1,0,0,0,1,0,0,0,0,0,0,0,0,0,0,0,0,21,21,1,1,1,1,1,0,0,1,1,1,0,0,1,0,17.9783420562744,4.12297677993774,10.2276916503906,12.7245969772339,1,98,118,1,509,23.1827111984283
"541",25,"MA",1,1,2009,0,1,1.57465624301412,26.6508,8.09230804443359,10.65403175354,90.7763595581055,8.2235164642334,1,1,6517613,90.1481065894903,7.61870948766059,9.35021763335749,13.6811743808661,32.18825665163,1.68773445124772,2.57502248139004,9.07663587881023,0,31,0,0,1,0,0,0,1,0,17,0,0,0,0,0,0,0,0,0,0,21,21,1,1,1,1,1,0,0,1,1,1,0,0,1,0,17.8117198944092,4.0204291343689,10.356107711792,12.834867477417,1,110,89,3,530,16.7924528301887
"542",25,"MA",1,1,2010,0,1,1.54934291559524,26.8231,8.30000019073486,11.3103246688843,89.9546508789062,8.0795431137085,1,0,6564073,90.3029172850203,7.73103833549688,9.65041065204485,13.8081645344285,32.0101863583784,1.92436071133535,2.98198999310337,8.7069415589985,0,3,0,0,1,0,0,0,1,0,12,0,0,0,0,0,0,0,0,0,0,21,21,1,1,1,1,1,0,0,1,1,1,0,0,1,0,17.6154956817627,3.96001076698303,10.4346799850464,12.9593620300293,1,126,138,2,598,23.0769230769231
"543",25,"MA",1,1,2011,0,0,1.55135830811506,27.39,7.24615383148193,10.2719011306763,91.3474807739258,7.82850551605225,1,1,6612270,90.4577279805502,7.88106051325793,9.95361653411007,13.9346396925715,31.7568853056515,1.93579512028396,2.99004729086985,8.99388560963179,2,37,0,0,1,0,0,0,1,0,0,0,0,0,0,0,0,0,0,0,0,21,21,1,1,1,1,1,0,0,1,1,1,0,0,1,0,17.42014503479,3.88579106330872,10.4509496688843,13.2126035690308,3,128,116,0,585,19.8290598290598
"544",25,"MA",1,1,2012,0,1,1.5357966678531,28.0605,6.66923093795776,10.6745977401733,90.440299987793,6.99177837371826,1,0,6655829,90.6125386760801,8.02604754419021,10.2556120357058,14.3883804707122,31.4498614672943,1.09678298525999,2.89700952353193,8.61590644831771,1,1,0,0,1,0,0,0,1,0,27,0,0,0,0,0,0,0,0,0,0,21,21,1,1,1,1,1,0,0,1,1,1,0,0,1,0,17.2398204803467,3.81214714050293,10.3978929519653,13.4524793624878,2,73,151,0,604,25
"545",25,"MA",1,1,2013,0,1,1.47386878930801,27.9163,6.73076915740967,10.1439905166626,91.0480575561523,7.12957239151001,1,1,6708874,90.7673493716101,8.15680843014789,10.5480740881406,14.7355875218405,31.2168629191724,1.25207300062574,2.92910553991624,8.59175474155574,0,46,0,0,1,0,0,0,1,0,4,0,0,0,0,0,0,0,0,0,0,21,21,1,1,1,1,1,0,0,1,1,1,0,0,1,0,17.0669326782227,3.74936246871948,10.4005680084229,13.6478643417358,2,84,112,2,572,19.5804195804196
"546",25,"MA",1,1,2014,0,0,1.43000986745353,28.3996,5.76923084259033,10.9626502990723,90.9102401733398,5.96586751937866,1,0,6745408,90.92216006714,8.27336167063579,10.8400559313832,15.0656120430373,30.9711139785762,0.993268309344668,2.97343022097403,9.07343188136285,1,6,0,0,1,0,0,0,1,0,0,0,0,0,0,0,0,0,0,0,0,21,21,1,1,1,1,1,0,0,1,1,1,0,0,1,0,16.9083919525146,3.70515775680542,10.3575649261475,13.793116569519,27,67,130,0,596,21.8120805369128
"547",26,"MI",3,2,1989,0,0,3.20156225431049,16.6899,7.1307692527771,10.1888790130615,77.0129470825195,14.4227113723755,2,1,9253295,62.5205979179719,13.8595744220981,2.12728432018847,11.7844680108372,37.5688214678239,7.50401626827538,2.7275689362546,101.423655033153,0,16,NA,NA,0,0,0,1,1,0,0,0,0,0,0,0,0,0,0,0,0,18,0,1,0,0,0,1,0,1,0,0,0,0,0,1,0,22.0953979492188,4.41962623596191,11.0543012619019,17.1575679779053,27,696,593,6,1045,56.7464114832536
"548",26,"MI",3,2,1990,0,0,3.53935175289905,16.4641,7.61538457870483,11.5001497268677,78.4878692626953,13.4702768325806,2,0,9310462,62.5313317046244,13.9881243272353,2.17915072313275,11.918688889982,37.2209456415804,7.86213155400354,2.67752556210422,123.319659110364,4,5,0,2,0,0,0,1,1,0,0,0,0,0,0,0,0,0,0,0,0,18,0,1,0,0,0,1,0,1,0,0,0,0,0,1,0,22.1690711975098,4.24644470214844,10.8117017745972,16.9064979553223,33,731,631,8,1073,58.807082945014
"549",26,"MI",3,2,1991,1,0,3.76209869439369,15.9796,9.2153844833374,11.7119426727295,79.7930374145508,13.6788263320923,2,1,9395022,62.8973946578207,14.0709941924564,2.23698252116919,12.0467732805735,36.9788170799387,8.40983519062045,2.6511912372318,123.088801707968,1,16,0,0,0,1,0,1,1,4,0,0.0425757385134383,0.141666666666667,0,0,0,0,0,0,0,0,18,13.7589044570923,1,0,0.764383554458618,0,1,0,1,0,0,0,0,0,1,0,22.2800598144531,4.1543984413147,10.5772323608398,16.5662460327148,28,791,660,11,1142,57.7933450087566
"550",26,"MI",3,2,1992,0,0,3.98803715564928,16.3247,8.98461532592773,11.0252361297607,80.0097961425781,14.3425884246826,2,0,9470323,63.263457611017,14.1288106012857,2.26936293513959,12.1780640427998,36.6690872106474,7.76263793843743,2.62715432198036,123.725558251815,5,6,2,0,0,1,0,1,1,0,0,0,0,0,0,0,0,4,1,0,0,18,18,1,0,1,0,1,0,1,0,0,0,0,0,1,0,22.2453269958496,4.14720249176025,10.3470649719238,16.173282623291,35,736,600,10,1068,56.1797752808989
"551",26,"MI",3,2,1993,0,0,4.11522849671118,16.5881,7.22307682037354,10.4947710037231,81.4691848754883,13.0075950622559,2,1,9529240,63.6295205642134,14.2043122011829,2.31505345651909,12.306637255437,36.4713975091403,8.0901248289494,2.61353476247843,119.705244069831,2,11,1,1,0,1,0,1,1,0,0,0,0,0,0,0,0,0,0,0,0,18,18,1,0,1,0,1,0,1,0,0,0,0,0,1,0,22.2785396575928,4.15981388092041,10.1383485794067,15.772819519043,27,772,639,9,1084,58.9483394833948
"552",26,"MI",3,2,1994,1,0,4.17070053141114,17.2865,6,11.8114557266235,83.0113067626953,12.476996421814,2,0,9584481,63.9955835174097,14.2669801317359,2.36623141096529,12.3895180135471,36.1700440535069,7.71764541200041,2.61485207180232,117.567763971779,8,21,6,0,0,1,0,1,1,4,0,0.0417341325002366,0.263888888888889,0,0,0,0,0,0,0,0,18,18,1,0,1,0,1,0,1,0,0,0,0,0,1,0,22.1756343841553,4.23888444900513,9.89977073669434,15.4427127838135,29,741,602,19,1036,58.1081081081081
"553",26,"MI",3,2,1995,0,0,4.23100888200267,17.6303,5.26923084259033,11.1836090087891,83.6892242431641,12.1393327713013,0,1,9659871,64.361646470606,14.3043111031193,2.43644040381078,12.4528060467888,35.9047237794376,6.84014387447034,2.66659875685711,96.7331758364061,0,16,0,0,0,1,1,0,1,0,0,0,0,0,0,4,1,0,0,0,0,18,18,1,0,1,0,1,0,1,0,0,0,0,0,1,0,22.0883464813232,4.33520936965942,9.65621757507324,15.1595287322998,29,662,577,14,980,58.8775510204082
"554",26,"MI",3,2,1996,0,1,4.28475321957158,17.8692,4.90000009536743,11.2855224609375,84.1800308227539,11.6191844940186,0,0,9739184,64.7277094238025,14.292162464535,2.52467763213017,12.4650278709181,35.5575682726602,5.77785026270779,2.71501185314909,99.0361204799088,3,13,1,0,0,1,1,0,1,0,4,0,0,0,0,0,0,0,0,0,0,18,18,1,0,1,0,1,0,1,0,0,0,0,0,1,0,21.94704246521,4.38596773147583,9.43622779846191,14.9546175003052,25,564,633,10,1114,56.8222621184919
"555",26,"MI",3,2,1997,0,1,4.4515070844979,18.3007,4.27692317962646,11.6599178314209,86.0001449584961,11.0180368423462,2,1,9785450,65.0937723769988,14.2958882831142,2.60943543730743,12.4527231757354,35.4176251475405,5.55455449007763,2.74673111609584,97.3469794439704,2,13,0,0,0,1,0,1,1,0,4,0,0,0,0,0,0,0,0,0,0,18,18,1,0,1,0,1,0,1,0,0,0,0,0,1,0,21.9048614501953,4.42051935195923,9.33050537109375,14.6240139007568,26,545,557,7,1010,55.1485148514852
"556",26,"MI",3,2,1998,0,0,4.61547187637439,18.9734,3.90769243240356,11.4705543518066,85.4295043945312,10.9156284332275,2,0,9820231,65.4598353301951,14.3226875213017,2.69854140905647,12.4410922716584,35.3520299064248,5.16667028705776,2.79616640382492,97.4787660290272,1,33,0,0,0,1,0,1,1,0,0,0,0,0,0,0,0,0,0,0,0,18,18,1,0,1,0,1,0,1,0,0,0,0,0,1,0,21.8735961914062,4.38918113708496,9.34927272796631,14.2714385986328,18,509,551,12,969,56.8627450980392
"557",26,"MI",3,2,1999,0,0,4.6886714265076,19.3652,3.7153844833374,10.8824710845947,85.5024490356445,11.2621116638184,0,1,9863775,65.8258982833916,14.3474582500108,2.79658649959067,12.4045814102613,35.3721774878279,5.21364001391921,2.81322313211727,93.3185316980568,0,50,0,0,0,1,1,0,1,0,0,0,0,0,0,0,0,0,0,0,0,18,18,1,0,1,0,1,0,1,0,0,0,0,0,1,0,21.8406753540039,4.34820604324341,9.36949729919434,13.9222278594971,14,516,542,7,974,55.64681724846
"558",26,"MI",3,2,2000,0,0,4.73923506272325,19.8014,3.6076922416687,9.94069004058838,86.1723861694336,10.7377395629883,0,0,9952450,66.1919612365879,14.3669749659632,3.28612552688032,12.2713402227592,35.4986661575793,5.07121637954593,2.85155916382398,90.2205989479977,1,16,1,0,0,1,1,0,1,0,0,0,0,0,0,0,0,0,0,0,0,18,18,1,0,1,0,1,0,1,0,0,0,0,0,1,0,21.7306995391846,4.35447549819946,9.41349124908447,13.6292772293091,16,504,531,6,974,54.517453798768
"559",26,"MI",3,2,2001,0,1,4.83259134111091,19.3945,5.192307472229,11.232964515686,86.2869033813477,9.9975643157959,0,1,9991120,66.2101608497225,14.3792287551346,3.43922403093947,12.273488858106,35.5192310771966,4.9944350583318,2.86214158172457,88.8023564925654,4,34,2,0,0,1,1,0,1,0,5,0,0,0,0,0,0,0,0,0,0,18,18,1,0,1,0,1,0,1,0,0,0,0,0.504109561443329,0.495890408754349,0,21.5749092102051,4.3812403678894,9.56308174133301,13.2882404327393,14,499,542,8,1051,51.569933396765
"560",26,"MI",3,2,2002,0,1,4.96420123985219,19.1652,6.2615385055542,11.7578554153442,86.5228958129883,10.7440099716187,0,0,10015710,66.228360462857,14.3714125109453,3.56575819387742,12.282334452575,35.473171647342,4.88232985979027,2.80369539453519,86.9066696220238,3,11,1,0,0,1,1,0,1,0,4,0,0,0,0,0,0,0,0,0,0,18,18,1,0,1,0,1,0,1,0,0,0,0,1,0,0,21.3853435516357,4.41722059249878,9.6706075668335,13.0082540512085,11,489,578,6,1106,52.2603978300181
"561",26,"MI",3,2,2003,0,1,4.97691898300115,19.2147,7.16923093795776,12.384147644043,87.587516784668,9.77086067199707,0,1,10041152,66.2465600759915,14.3614895980063,3.68062349818029,12.3349790940322,35.3770264607089,4.75045094427412,2.77308818749084,86.0405260272925,1,15,1,0,0,0,1,0,1,0,6,0,0,0,0,0,0,0,0,0,0,18,18,1,0,1,0,1,0,1,0,0,0,0,1,0,0,21.1626319885254,4.42287874221802,9.79151630401611,12.78990650177,9,477,523,10,1029,50.8260447035957
"562",26,"MI",3,2,2004,0,1,4.88497874009914,19.3151,7.05384635925293,12.9145231246948,87.9025115966797,9.59668636322021,0,0,10055315,66.2647596891261,14.3547864984836,3.79053266854395,12.4018292813303,35.2123628150883,4.8531547743656,2.75038623852162,86.5643691918155,6,12,0,1,0,0,1,0,1,0,10,0,0,0,0,0,0,0,0,0,0,18,18,1,0,1,0,1,0,1,0,0,0,0,1,0,0,20.9491996765137,4.44348096847534,9.81968212127686,12.5763540267944,14,488,532,9,1098,48.4517304189435
"563",26,"MI",3,2,2005,0,1,4.89636147631855,19.1671,6.77692317962646,12.5477018356323,88.5500259399414,9.68875694274902,0,1,10051137,66.2829593022606,14.3450636480231,3.90687143156043,12.4887960436715,34.9602537503966,4.88501947590606,2.64984946479189,85.9550516523653,3,21,1,0,0,0,1,0,1,0,16,0,0,0,0,0,0,0,0,0,0,18,18,1,0,1,0,1,0,1,0,0,0,0,1,0,0,20.6060466766357,4.58353137969971,9.77067565917969,12.3705205917358,15,491,554,4,1108,50
"564",26,"MI",3,2,2006,0,0,5.03792267121001,19.0753,7,11.9755935668945,89.6730575561523,9.78524494171143,0,0,10036081,66.3011589153951,14.3434274793119,4.02206797653387,12.6487918939674,34.6658122827028,5.34073011168403,2.58029005545093,82.9840851224696,7,9,0,3,0,0,1,0,1,0,0,0,0,0,0,0,0,0,0,0,0,18,18,1,0,1,0,1,0,1,0,0,0,0,1,0,0,20.2863140106201,4.6591591835022,9.72033786773682,12.1467332839966,11,536,598,6,1139,52.5021949078139
"565",26,"MI",3,2,2007,0,1,5.08984646371406,19.0954,7.03076934814453,13.1131458282471,90.0813293457031,9.83127117156982,2,1,10001284,66.3193585285297,14.3390788622741,4.12340055536869,12.9107222632614,34.3700368872637,5.05935037941128,2.63146212026376,78.9142674080648,1,24,0,0,0,0,0,1,1,0,6,0,0,0,0,0,0,0,0,0,0,18,18,1,0,1,0,1,0,1,0,0,0,0,1,0,0,19.995813369751,4.70164632797241,9.67257785797119,11.9775924682617,12,506,558,8,1131,49.3368700265252
"566",26,"MI",3,2,2008,0,1,4.97492230988,18.7801,7.98461532592773,12.652458190918,89.4979553222656,9.53760051727295,2,0,9946889,66.3375581416642,14.3213923468936,4.23173516865424,13.2807453667172,34.0733469530021,4.91610995156375,2.66364689502416,81.8992752407311,6,11,1,1,0,0,0,1,1,0,5,0,0,0,0,0,0,0,0,0,0,18,18,1,0,1,0,1,0,1,0,0,0,0,1,0,0,19.7325210571289,4.58542346954346,9.75540161132812,11.8684749603271,11,489,570,6,1180,48.3050847457627
"567",26,"MI",3,2,2009,0,0,4.75761925532977,18.1043,13.6615381240845,12.9447479248047,90.8530426025391,8.04727554321289,2,1,9901591,66.3557577547987,14.3082258194668,4.3369090886505,13.5697687371656,33.7863884702974,4.99919659375953,2.56716319629845,81.0272813732662,2,30,0,0,0,0,0,1,1,0,0,0,0,0,0,0,0,0,0,0,0,18,18,1,0,1,0,1,0,1,0,0,0,0,1,0,0,19.4904537200928,4.47138261795044,9.82455253601074,11.7974472045898,12,495,575,6,1169,49.1873396065013
"568",26,"MI",3,2,2010,0,0,4.538147023368,18.2766,12.5923080444336,12.7159404754639,90.8478012084961,7.96477699279785,2,0,9876498,66.3739573679333,14.3247636966058,4.43233016399133,13.8350962051529,33.5053072455439,4.45180115827772,2.50169645151551,80.0677527601383,5,9,0,0,0,0,0,1,1,0,0,0,0,0,0,0,0,0,0,0,0,18,18,1,0,1,0,1,0,1,0,0,0,0,1,0,0,19.247034072876,4.37629795074463,9.88197422027588,11.7838125228882,16,440,601,8,1263,47.5851148060174
"569",26,"MI",3,2,2011,1,1,4.41000042933509,18.7682,10.4153842926025,11.7300996780396,89.834098815918,8.48965835571289,0,1,9875736,66.3921569810678,14.3199959982729,4.52672084389457,14.051489428231,33.303360883685,5.17429789536699,2.40640292531109,80.5545024694868,0,19,0,0,0,1,1,0,1,7,7,0.070880793087219,0.00555555555555556,0,0,0,0,0,0,0,0,18,18,1,0,1,0,1,0,1,0,0,0,0,1,0,0,19.0136413574219,4.26998043060303,10.019739151001,11.8401203155518,12,511,619,4,1221,50.6961506961507
"570",26,"MI",3,2,2012,0,1,4.37925736543885,19.0911,9.13076877593994,11.7059621810913,90.6913452148438,8.0879430770874,0,0,9884781,66.4103565942024,14.3045556598573,4.62660730672738,14.5928372110621,33.0927412554714,5.85748940720083,2.34350159098113,79.6052031906423,13,17,0,2,0,1,1,0,1,0,16,0,0,0,0,7,1,0,0,0,0,18,18,1,0,1,0,1,0,1,0,0,0,0,1,0,0,18.7785739898682,4.17808961868286,10.1360769271851,11.8880729675293,5,579,623,7,1261,49.4052339413164
"571",26,"MI",3,2,2013,0,1,4.41464416787994,19.0447,8.92307662963867,12.8575487136841,92.1737899780273,8.30397033691406,0,1,9898193,66.4285562073369,14.2589864634888,4.72003324243122,15.0241160179439,32.8536733927092,4.98070708461635,2.29021600205209,76.9098965841543,2,29,0,0,0,1,1,0,1,0,6,0,0,0,0,0,0,0,0,0,0,18,18,1,0,1,0,1,0,1,0,0,0,0,1,0,0,18.573823928833,4.11037635803223,10.169472694397,11.98646068573,10,493,674,6,1295,52.046332046332
"572",26,"MI",3,2,2014,0,1,4.39702732940076,19.4616,7.3230767250061,13.7371997833252,91.2968139648438,8.43393039703369,0,0,9909877,66.4467558204714,14.2328507205488,4.80616459719934,15.4396669100938,32.5680026099214,4.14737740942698,2.33897958572039,76.0227397373348,11,27,5,0,0,1,1,0,1,0,4,0,0,0,0,0,0,0,0,0,0,18,18,1,0,1,0,1,0,1,0,0,0,0,1,0,0,18.3662223815918,4.07391548156738,10.1278657913208,12.1196556091309,4,411,671,3,1354,49.5568685376662
"573",27,"MN",4,2,1989,0,0,0.680260034066021,17.2387,4.33846139907837,8.48683738708496,85.4926834106445,14.226993560791,1,1,4338047,53.8115579529959,2.13506117611857,1.18995889626881,12.4894508932019,36.9850243600516,1.10646523774365,2.03294247388283,127.10258786961,1,21,0,0,1,0,0,0,1,0,0,0,0,0,0,0,0,0,0,7,0,18,18,1,0,1,0,1,1,0,0,0,0,0,0,1,0,22.5759773254395,3.99920606613159,10.4110479354858,18.0380477905273,19,49,267,3,515,51.8446601941748
"574",27,"MN",4,2,1990,0,0,0.715476981995463,17.1977,4.7846155166626,9.29832935333252,84.8864593505859,15.2160053253174,1,0,4387283,54.1915737221032,2.20298075141266,1.23766805104663,12.4898485007692,36.889778936075,1.48600503321336,2.07736770114898,123.14614762713,0,5,0,0,1,0,0,0,1,0,0,0,0,0,0,0,0,0,0,7,0,18,18,1,0,1,0,1,1,0,0,0,0,0,0,1,0,22.8835468292236,3.92097043991089,10.0680274963379,17.7396659851074,20,66,285,5,546,52.1978021978022
"575",27,"MN",4,2,1991,0,1,0.750774320717509,16.8137,5.1538462638855,9.87889671325684,87.2977523803711,15.8927698135376,1,1,4427429,54.2846870598603,2.26052185139502,1.28218882787279,12.5137184582745,36.6174590264463,1.46312365645857,2.09783149543448,117.736049522194,5,28,3,0,1,1,0,0,1,0,9,0,0,0,0,0,0,0,0,7,0,18,18,1,0,1,0,1,1,0,0,0,0,0,0,1,0,22.8917655944824,3.93203210830688,9.72226333618164,17.4688282012939,14,65,265,6,511,51.8590998043053
"576",27,"MN",4,2,1992,0,0,0.81560942707631,17.3425,5.12307691574097,11.4569549560547,86.3459701538086,15.1778516769409,1,0,4471503,54.3778003976175,2.36900210063596,1.34232270446872,12.5301045308479,36.52422910149,1.5791295126406,2.07760120031229,121.901964507236,1,15,1,0,1,1,0,0,1,0,0,0,0,0,0,0,0,0,0,7,0,18,18,1,0,1,0,1,1,0,0,0,0,0,0,1,0,22.941951751709,4.04166603088379,9.42727661132812,17.0292892456055,7,71,276,5,513,53.8011695906433
"577",27,"MN",4,2,1993,0,0,0.887053987773207,17.1148,4.96153831481934,9.2028112411499,86.0278930664062,13.326208114624,1,1,4521709,54.4709137353746,2.46833663997396,1.41864503000967,12.5234065261608,36.3653432806047,1.77750937142441,2.06802339557897,124.776494904913,0,37,0,0,1,1,0,0,1,0,0,0,0,0,0,0,0,0,0,7,0,18,18,1,0,1,0,1,1,0,0,0,0,0,0,1,0,22.8061561584473,4.11955451965332,9.28367614746094,16.5943069458008,17,81,237,4,498,47.5903614457831
"578",27,"MN",4,2,1994,0,1,0.960791304827741,17.6882,4.0846152305603,10.0500059127808,87.7007446289062,13.2330760955811,1,0,4566028,54.5640270731317,2.5754769791162,1.46573783603605,12.5081580752461,36.1879077395058,1.99489307373125,1.92837188033012,123.433759057106,2,48,1,0,1,1,0,0,1,0,4,0,0,0,0,0,0,0,0,6.16164398193359,0,18,18,1,0,1,0,1,1,0,0,0,0,0,0,1,0,22.6061763763428,4.26700353622437,9.12790870666504,16.1539402008057,13,92,247,2,494,50
"579",27,"MN",4,2,1995,0,0,1.02270247500513,18.0067,3.75384616851807,9.4479923248291,88.3719482421875,12.2423763275146,1,1,4605445,54.6571404108889,2.67318359029366,1.53885238017173,12.4976196654178,35.9682506250753,2.23122770515441,2.11293371216028,125.109951372777,0,23,0,0,1,1,0,0,1,0,0,0,0,0,0,0,0,0,0,5,0,18,18,1,0,1,0,1,1,0,0,0,0,0,0,1,0,22.3127002716064,4.42300510406494,9.00784969329834,15.7308731079102,13,104,270,6,520,51.9230769230769
"580",27,"MN",4,2,1996,1,1,1.07622592826638,18.6533,3.9769229888916,10.7759809494019,87.8566589355469,12.8015432357788,1,0,4647723,54.750253748646,2.75956635109278,1.62580687360241,12.4524202496577,35.7655996280329,2.01528348568523,2.27810478378337,123.263585200753,0,11,0,0,1,1,0,0,1,4,5,0.0860636488017896,0.075,0,0,0,0,0,0,5,0,18,18,1,0,1,0,1,1,0,0,0,0,0,0,1,0,22.0385761260986,4.54253911972046,8.93521022796631,15.3500652313232,13,95,263,6,491,53.5641547861507
"581",27,"MN",4,2,1997,0,0,1.11610618880028,19.0544,3.26923084259033,10.1259832382202,87.9190444946289,12.1734924316406,1,1,4687726,54.8433670864032,2.8617500254921,1.73384707211983,12.39362112888,35.8284805895225,1.63712186420326,2.31220852071985,118.528685336984,1,36,0,0,1,1,0,0,1,0,0,0,0,4,1,0,0,0,0,5,0,18,18,1,0,1,0,1,1,0,0,0,0,0,0,1,0,21.8949108123779,4.64606094360352,9.01851367950439,14.8168849945068,10,78,257,0,472,54.4491525423729
"582",27,"MN",4,2,1998,0,0,1.14907484770156,20.2272,2.70000004768372,8.62094593048096,89.4487152099609,13.4144649505615,1,0,4726411,54.9364804241603,2.98729839618264,1.84666547196171,12.3457100958846,36.0106008554906,1.14223932489087,2.41663283197335,113.973160607488,0,28,0,0,1,1,0,0,1,0,0,0,0,0,0,0,0,0,0,5,0,18,18,1,0,1,0,1,1,0,0,0,0,0,0,1,0,21.8433208465576,4.66469526290894,9.21770286560059,14.2836103439331,5,55,244,2,459,53.1590413943355
"583",27,"MN",4,2,1999,0,0,1.2053167956163,20.5796,2.7615385055542,9.90089225769043,91.1057357788086,11.9066343307495,2,1,4775508,55.0295937619175,3.11162707716122,1.93883038202428,12.2582560850071,36.1396316370949,1.10803756083177,2.42717633391044,116.411908429428,1,42,0,0,0,0,0,1,1,0,0,0,0,0,0,0,0,0,0,5,0,18,18,1,0,1,0,1,1,0,0,0,0,0,0,1,0,21.7059020996094,4.62234306335449,9.4379358291626,13.8691215515137,8,54,228,4,437,52.1739130434783
"584",27,"MN",4,2,2000,0,0,1.23558584524531,21.326,3.1538462638855,9.49927234649658,90.8241119384766,11.8394184112549,2,0,4933692,55.1227070996746,3.67232085018684,2.94507642552474,12.0676767013425,35.7360167598626,1.56520639685625,2.42435077017374,117.200263007906,1,18,1,0,0,0,0,1,1,0,0,0,0,0,0,0,0,0,0,5,0,18,18,1,0,1,0,1,1,0,0,0,0,0,0,1,0,21.5243682861328,4.6166033744812,9.595046043396,13.6165981292725,7,77,223,5,440,50.6818181818182
"585",27,"MN",4,2,2001,0,0,1.28883462216796,21.3752,3.76923084259033,10.2399921417236,92.5750885009766,11.0170526504517,2,1,4982796,55.4099754103381,3.85442229623689,3.17191392142082,12.0187741982614,35.6768569293224,1.36469564477454,2.46387771042603,116.468344278995,0,27,0,0,0,0,0,1,1,0,0,0,0,0,0,0,0,0,0,5,0,18,18,1,0,1,0,1,1,0,0,0,0,0,0,1,0,21.3059692382812,4.60841655731201,9.76247024536133,13.3794555664062,4,68,242,6,480,50.4166666666667
"586",27,"MN",4,2,2002,0,0,1.36821855632719,21.3949,4.5,11.3595352172852,92.1883773803711,10.1420478820801,2,0,5018935,55.6972437210015,4.02003612320144,3.36682981548874,12.0113530061657,35.571251669926,1.09585001598945,2.5071055911264,116.579314137362,2,15,1,0,0,0,0,1,1,0,0,0,0,0,0,0,0,0,0,5,0,18,18,1,0,1,0,1,1,0,0,0,0,0,0,1,0,21.0775985717773,4.60105562210083,9.89259719848633,13.2118072509766,6,55,238,4,497,47.887323943662
"587",27,"MN",4,2,2003,0,0,1.48350513260719,21.746,4.87692308425903,10.2080039978027,91.5656127929688,9.88493919372559,2,1,5053572,55.9845120316651,4.19050129294685,3.55627662967897,12.0423731966221,35.46705181998,1.48409877211604,2.45093965219057,113.469047240249,1,36,0,0,0,1,0,1,1,0,0,0,0,0,0,0,0,0,0,5,0,18,18,1,0,1,0,1,1,0,0,0,0,0,0.419178068637848,0.580821931362152,0,20.8585929870605,4.54298448562622,10.0654745101929,13.0647392272949,8,75,244,3,497,49.0945674044266
"588",27,"MN",4,2,2004,0,1,1.63354340152442,22.1787,4.68461561203003,9.48293304443359,92.3127975463867,9.98982810974121,2,0,5087713,56.2717803423286,4.36728644088218,3.74026600950172,12.072595289868,35.2979619723046,1.67069172337355,2.4710513348532,115.003342366207,1,10,0,0,0,1,0,1,1,0,6,0,0,0,0,0,0,0,0,5,0,18,18,1,0,1,0,1,1,0,0,0,0,0,1,0,0,20.6925392150879,4.50436162948608,10.1010608673096,12.9442834854126,1,85,268,6,524,51.1450381679389
"589",27,"MN",4,2,2005,1,1,1.76166175547377,21.9556,4.06923055648804,9.84589385986328,92.7393112182617,11.3751649856567,2,1,5119598,56.559048652992,4.53809068602652,3.9351136554081,12.1058528423521,35.079746495721,1.71888495932688,2.49921966529403,112.00566919512,2,15,0,0,0,1,0,1,1,9,7,0.175795052658431,0.772222222222222,0,0,0,0,0,0,5,0,18,18,1,0,1,0,1,1,0,0,0,0,0,1,0,0,20.4727210998535,4.54012203216553,10.0669040679932,12.8588418960571,9,88,255,7,547,46.617915904936
"590",27,"MN",4,2,2006,0,0,1.78055622531376,22.3076,3.99230766296387,9.05822372436523,93.0272674560547,11.4500513076782,2,0,5163555,56.8463169636556,4.74117153782617,4.1235931446455,12.2087592753442,34.8608662055502,1.51058718266776,2.55231134363825,110.695247750823,0,5,0,0,0,1,0,1,1,0,0,0,0,0,0,0,0,9,1,5,0,18,18,1,0,1,0,1,1,0,0,0,0,0,1,0,0,20.3232269287109,4.51200771331787,10.0256319046021,12.8103218078613,5,78,243,3,554,43.8628158844765
"591",27,"MN",4,2,2007,0,1,1.78368310204154,22.7898,4.56923055648804,8.52209568023682,91.6967926025391,10.4775266647339,1,1,5207203,57.133585274319,4.93234083633767,4.29330294977937,12.3350674056686,34.5217192415967,1.34429174357136,2.59525123180333,109.760844737568,1,17,0,0,1,1,0,0,1,0,6,0,0,0,0,0,0,0,0,5,0,18,18,1,0,1,0,1,1,0,0,0,0,0,1,0,0,20.2299976348877,4.44878005981445,9.842942237854,13.0262641906738,2,70,265,2,572,46.3286713286713
"592",27,"MN",4,2,2008,0,0,1.84657266279628,22.7267,5.4384617805481,9.54384231567383,93.1701965332031,9.72637176513672,1,0,5247018,57.4208535849825,5.09132997066143,4.46022864796728,12.5561795290201,34.2369132333832,1.35314954132042,2.61043510809378,110.204310333984,0,13,0,0,1,1,0,0,1,0,0,0,0,0,0,0,0,0,0,5,0,18,18,1,0,1,0,1,1,0,0,0,0,0,1,0,0,20.151273727417,4.32317924499512,9.76245975494385,13.2239303588867,3,71,289,7,596,48.489932885906
"593",27,"MN",4,2,2009,0,0,1.88366173388904,21.8321,7.76923084259033,9.58551502227783,91.9030303955078,9.19269752502441,1,1,5281203,57.7081218956461,5.21909496756705,4.59921726167315,12.7336328484249,33.9374381177925,0.871013668666022,2.59581008342228,109.49096257046,2,22,0,0,1,1,0,0,1,0,0,0,0,0,0,0,0,0,0,5,0,18,18,1,0,1,0,1,1,0,0,0,0,0,1,0,0,20.0863513946533,4.22824096679688,9.62284564971924,13.3960390090942,4,46,281,1,584,48.1164383561644
"594",27,"MN",4,2,2010,0,0,1.86256524439319,22.1787,7.40769243240356,9.47538948059082,90.9221267700195,8.69673633575439,1,0,5310418,57.9953902063095,5.32029682032563,4.74120869581265,12.9237660764181,33.6207432258628,1.22550752508755,2.54386754489006,109.04226371634,2,8,0,0,1,1,0,0,1,0,0,0,0,0,0,0,0,0,0,5,0,18,18,1,0,1,0,1,1,0,0,0,0,0,1,0,0,20.0129623413086,4.14289426803589,9.46488571166992,13.5131731033325,4,65,280,6,606,46.2046204620462
"595",27,"MN",4,2,2011,0,1,1.83207442881836,22.8372,6.4769229888916,10.3317422866821,92.9272613525391,9.26949024200439,0,1,5348036,58.2826585169729,5.45708742424322,4.82874460830107,13.1047547174327,33.3821425285843,1.1032087293354,2.5072755680777,108.792835351146,0,16,0,0,0,0,1,0,1,0,7,0,0,0,0,0,0,0,0,5,0,18,18,1,0,1,0,1,1,0,0,0,0,0,1,0,0,19.8875617980957,4.05268383026123,9.44189643859863,13.6351928710938,4,59,322,4,683,47.1449487554905
"596",27,"MN",4,2,2012,1,1,1.83417694817414,23.4412,5.59230756759644,10.5222301483154,93.2718887329102,8.51310348510742,0,0,5380615,58.5699268276363,5.6006608909948,4.9102937117783,13.5662187315019,33.1415646724399,1.13369940053321,2.50454641337468,107.185331044871,4,19,1,0,0,0,1,0,1,6,10,0.11151141644589,0.219444444444444,0,0,0,0,0,0,5,0,18,18,1,0,1,0,1,1,0,0,0,0,0,1,0,0,19.7610683441162,3.98119926452637,9.3992977142334,13.6822462081909,5,61,310,1,656,47.2560975609756
"597",27,"MN",4,2,2013,0,0,1.8651582608824,23.1628,4.94615364074707,9.63320350646973,93.0895156860352,9.12711143493652,1,1,5422060,58.8571951382997,5.74084388590314,4.99592405838371,13.9448844166239,32.9474037542927,1.40168127980878,2.46179496353784,106.95381460183,0,38,0,0,1,0,0,0,1,0,0,0,0,6,1,0,0,0,0,5,0,18,18,1,0,1,0,1,1,0,0,0,0,0,1,0,0,19.6701259613037,3.92970561981201,9.34757232666016,13.7131643295288,4,76,339,4,678,50
"598",27,"MN",4,2,2014,0,0,1.91729307463773,23.3749,4.09230756759644,10.8010139465332,93.3047332763672,8.91758918762207,1,0,5457173,59.1444634489632,5.87159322235157,5.07605311394746,14.2957168482656,32.7883136561733,1.08114586068648,2.49194958635176,105.983629252728,2,14,1,0,1,0,0,0,1,0,0,0,0,0,0,0,0,0,0,5,0,18,18,1,0,1,0,1,1,0,0,0,0,0,1,0,0,19.5789833068848,3.90984487533569,9.299485206604,13.6964874267578,3,59,308,5,686,44.8979591836735
"599",28,"MS",6,3,1989,0,0,2.97054510493246,11.6207,7.83076906204224,10.1635246276855,67.6582946777344,12.755145072937,1,0,2574275,23.9301276653147,35.5010220341393,0.642859862066179,12.352031039443,40.918387443756,7.60485779691926,1.85799885404628,117.386837070632,NA,NA,NA,NA,1,0,0,0,1,0,0,0,0,0,0,0,0,0,0,0,0,18,0,1,0,0,0,0,1,0,0,0,0,0,0,0,1,24.3026275634766,4.98775196075439,11.6261625289917,15.7050094604492,68,196,242,6,314,77.0700636942675
"600",28,"MS",6,3,1990,0,0,3.15935355661035,11.548,7.59999990463257,11.9719800949097,68.1880264282227,11.4939670562744,1,1,2577426,23.9937883178093,35.5815841075554,0.624072233305631,12.4211519554781,40.000100875835,9.66966633437706,1.99307370997266,113.301797995364,0,14,0,0,1,0,0,0,1,0,0,0,0,0,0,0,0,0,0,0,0,18,0,1,0,0,0,0,1,0,0,0,0,0,0.504109561443329,0,0.495890408754349,23.6211071014404,4.82749032974243,11.5695581436157,15.6644878387451,53,250,234,7,289,80.9688581314879
"601",28,"MS",6,3,1991,0,0,3.33393793680993,11.5656,8.51538467407227,11.0791349411011,68.9374465942383,11.549976348877,1,0,2591230,23.9846019098628,35.750203571277,0.630897295878791,12.4689433203537,39.9832897890191,10.572759036441,1.98245620805563,112.79006494985,1,5,0,0,1,0,0,0,1,0,0,0,0,0,0,0,0,0,0,0,0,18,0,1,0,0,0,0,1,0,0,0,0,0,1,0,0,23.6451377868652,4.78837203979492,11.5900325775146,15.2411575317383,48,275,273,14,325,84
"602",28,"MS",6,3,1992,0,1,3.41124200394377,11.9951,8.0461540222168,11.7919178009033,68.6322631835938,13.0554218292236,1,1,2610193,23.9754155019163,35.943549001932,0.653476581999875,12.5001867677984,40.078530591416,11.3156737702682,1.70485477510667,115.241286755424,0,7,0,0,1,1,0,0,1,0,4,0,0,0,0,0,0,0,0,0,0,18,0,1,0,0,0,0,1,0,0,0,0,0,1,0,0,23.7360572814941,4.85769510269165,11.5553636550903,14.7525625228882,46,297,257,6,333,77.1771771771772
"603",28,"MS",6,3,1993,0,1,3.56886203916111,12.261,6.61538457870483,10.0614976882935,71.6670837402344,12.8469352722168,1,0,2635574,23.9662290939698,36.0575722783728,0.648359712153785,12.4900306346929,39.9654496515749,13.0629343566844,2.0564780195889,100.622482996114,0,9,0,0,1,1,0,0,1,0,4,0,0,0,0,0,0,0,0,0,0,18,0,1,0,0,0,0,1,0,0,0,0,0,1,0,0,23.5852508544922,4.88147354125977,11.5894689559937,14.4416780471802,50,347,265,4,327,81.0397553516819
"604",28,"MS",6,3,1994,0,0,3.91146820852654,12.7725,6.26923084259033,10.3918199539185,73.8052978515625,11.5644521713257,1,1,2663450,23.9570426860233,36.1349377686835,0.676190654977567,12.4200191480974,39.7769809833111,12.6741723040716,2.29514351686722,94.8067356248475,0,22,0,0,1,1,0,0,1,0,0,0,0,0,0,0,0,0,0,0,0,18,9.07397270202637,1,0,0.504109561443329,0,0,1,0,0,0,0,0,1,0,0,23.448787689209,4.95572328567505,11.4830760955811,14.2052488327026,44,341,242,16,315,76.8253968253968
"605",28,"MS",6,3,1995,0,0,4.38793394351394,12.9519,6.2153844833374,13.8724298477173,76.3699111938477,11.5158128738403,1,0,2690788,23.9478562780768,36.2262653170744,0.712096233519698,12.3764116682548,39.4065232935482,10.4254616203517,1.93995216271219,91.567600271742,1,10,1,0,1,1,0,0,1,0,0,0,0,0,0,0,0,0,0,0,0,18,18,1,0,1,0,0,1,0,0,0,0,0,1,0,0,23.1683807373047,5.03537178039551,11.3297700881958,14.0728607177734,49,284,255,15,319,79.9373040752351
"606",28,"MS",6,3,1996,1,1,4.89718350138841,13.2226,6.0230770111084,13.20485496521,75.2060928344727,11.7906112670898,1,1,2709925,23.9386698701303,36.3179054770888,0.752899065472292,12.3452125058812,38.948531785935,9.52767808666769,2.48899877302877,89.0773729900274,0,17,0,0,1,1,0,0,1,5,4,0.18450695129939,0.286111111111111,0,0,0,0,0,0,0,0,18,18,1,0,1,0,0,1,0,0,0,0,0,1,0,0,22.9271297454834,5.08077430725098,11.0872478485107,14.0486917495728,39,262,246,12,310,79.3548387096774
"607",28,"MS",6,3,1997,0,1,5.15296362213406,13.5119,5.70769214630127,12.801703453064,77.4921951293945,10.4200925827026,1,0,2731826,23.9294834621838,36.3660057412148,0.795182416449657,12.2873125887227,38.6761089469095,10.0771731513876,2.62901077887098,88.8980484115753,1,16,0,0,1,1,0,0,1,0,4,0,0,5,1,0,0,0,0,0,0,18,18,1,0,1,0,0,1,0,0,0,0,0,1,0,0,22.8101577758789,5.09156608581543,10.9236068725586,13.9186687469482,41,280,271,9,339,79.9410029498525
"608",28,"MS",6,3,1998,0,1,5.62890378670718,13.9717,5.26923084259033,13.4462909698486,77.296501159668,11.3425693511963,1,1,2751335,23.9202970542373,36.4205013202682,0.828652272442287,12.204039130095,38.4017576921749,8.08666338212762,2.89750248515721,89.8781864076894,1,10,0,0,1,1,0,0,1,0,10,0,0,0,0,0,0,0,0,0,0,18,18,1,0,1,0,0,1,0,0,0,0,0,1,0,0,22.5993404388428,4.98592805862427,10.9612903594971,13.7397432327271,18,227,241,6,329,73.2522796352584
"609",28,"MS",6,3,1999,0,0,6.30711556917004,14.032,5.11538457870483,14.5069208145142,78.0396270751953,10.4250450134277,1,0,2768619,23.9111106462908,36.4880830479022,0.86595519282357,12.1176658832436,38.1178125267507,7.56609371773803,2.73927181746568,90.3103677320715,0,15,0,0,1,1,0,0,1,0,0,0,0,0,0,0,0,0,0,0,0,18,18,1,0,1,0,0,1,0,0,0,0,0,1,0,0,22.5753498077393,4.84862852096558,10.9567289352417,13.523473739624,41,214,244,10,304,80.2631578947368
"610",28,"MS",6,3,2000,0,1,6.7561850655449,14.2262,5.37692308425903,13.9293508529663,80.3322372436523,11.9209356307983,1,1,2848353,23.9019242383443,36.4330895784336,1.40544377750932,12.0777867069145,38.1570332048029,7.52287269682331,2.67452805182504,88.4858723620282,3,26,1,0,1,0,0,0,1,0,8,0,0,0,0,0,0,0,0,0,0,18,18,1,0,1,0,0,1,0,0,0,0,0,1,0,0,22.424222946167,4.76176929473877,10.9710416793823,13.3446245193481,26,214,220,8,294,74.8299319727891
"611",28,"MS",6,3,2001,0,0,7.30811210959434,14.6119,5.53076934814453,12.9081878662109,81.7499008178711,11.3252611160278,1,0,2852994,24.2735787074903,36.4580156845756,1.54812803672212,12.0772073127388,38.0183414335957,7.8514010194203,2.89345158104083,87.524193881936,2,24,2,0,1,0,0,0,1,0,0,0,0,0,0,0,0,0,0,0,0,18,18,1,0,1,0,0,1,0,0,0,0,0,1,0,0,22.2652759552002,4.66846418380737,11.0846014022827,13.1252288818359,22,224,239,12,328,72.8658536585366
"612",28,"MS",6,3,2002,0,0,7.7245414930872,14.6438,6.62307691574097,13.8111133575439,79.1316299438477,9.34725761413574,1,1,2858681,24.6452331766362,36.4612560827878,1.67643748987732,12.0824953886075,37.7937937111556,7.27608292075961,2.93177168071569,87.3098467440054,1,17,0,0,1,0,0,0,1,0,0,0,0,0,0,0,0,0,0,0,0,18,18,1,0,1,0,0,1,0,0,0,0,0,1,0,0,22.0981636047363,4.5976448059082,11.0979852676392,13.0187664031982,21,208,254,4,343,74.0524781341108
"613",28,"MS",6,3,2003,1,1,7.54694747293879,14.825,6.3230767250061,12.7767772674561,81.1588973999023,9.53239917755127,1,0,2868312,25.0168876457822,36.4756344498088,1.80653290158114,12.1300263011834,37.5784782129699,7.00760586714416,2.7305258284315,82.0855611244523,0,7,0,0,1,0,0,0,1,6,4,0.20918226469087,0.186111111111111,0,0,0,0,0,0,0,0,18,18,1,0,1,0,0,1,0,0,0,0,0,1,0,0,21.9646949768066,4.51244497299194,11.1013374328613,12.939248085022,23,201,247,3,336,73.5119047619048
"614",28,"MS",6,3,2004,0,0,7.04116635110297,15.1969,6.1538462638855,13.1116943359375,82.9956436157227,10.5751438140869,1,1,2889010,25.3885421149281,36.4975891395322,1.92917296928706,12.1605671146863,37.3475688903811,6.99201456554321,3.06990976147538,86.393262743985,2,10,1,0,1,1,0,0,1,0,0,0,0,6,1,0,0,0,0,0,0,18,18,1,0,1,0,0,1,0,0,0,0,0,1,0,0,21.8213844299316,4.49939584732056,11.0267877578735,12.9196510314941,18,202,245,2,350,70
"615",28,"MS",6,3,2005,0,0,6.89208287980872,15.6038,7.4769229888916,11.4854860305786,79.8236999511719,11.2015399932861,1,0,2905943,25.760196584074,36.5256648186148,2.08479657033878,12.2576045022218,36.9659349822072,6.02214152170225,2.92572841242929,81.0225802777274,0,9,0,0,1,1,0,0,1,0,0,0,0,0,0,0,0,0,0,0,0,18,18,1,0,1,0,0,1,0,0,0,0,0,1,0,0,21.5935764312744,4.5896635055542,10.7826957702637,12.9202814102173,20,175,251,7,363,69.1460055096419
"616",28,"MS",6,3,2006,0,1,6.84583497706351,15.7889,6.53846168518066,12.8392190933228,81.1343307495117,11.0292625427246,1,1,2904978,26.1318510532201,36.8607955034427,2.21805466340881,12.3304548261639,36.5946316977271,7.64205443208176,3.16697751239424,80.8257411932207,2,14,0,0,1,1,0,0,1,0,4,0,0,0,0,0,0,0,0,0,0,18,18,1,0,1,0,0,1,0,0,0,0,0,1,0,0,21.4119701385498,4.64640331268311,10.5362586975098,12.8677396774292,20,222,219,8,325,67.3846153846154
"617",28,"MS",6,3,2007,0,0,7.17776222104598,16.1632,6.09230756759644,12.5922603607178,78.9793472290039,11.3704242706299,2,0,2928350,26.503505522366,36.9534379428689,2.39267847081121,12.3945566616012,36.3841412399474,7.47861423668619,2.95422336810832,80.6143391329588,2,7,1,0,0,1,0,1,1,0,0,0,0,0,0,0,0,0,0,0,0,18,18,1,0,1,0,0,1,0,0,0,0,0,1,0,0,21.3619613647461,4.63120889663696,10.3909711837769,12.9061412811279,28,219,279,9,396,70.4545454545455
"618",28,"MS",6,3,2008,0,1,7.60633501661914,16.1832,6.56923055648804,12.6805124282837,79.1879501342773,9.57098197937012,1,1,2947806,26.875159991512,37.0509456863851,2.54334918919359,12.5624277852749,36.1478672612784,8.31126607381897,2.7980131664024,76.3788390416466,0,8,0,0,1,1,0,0,1,0,10,0,0,0,0,0,0,0,0,0,0,18,18,1,0,1,0,0,1,0,0,0,0,0,1,0,0,21.2479381561279,4.55335235595703,10.3465766906738,12.9576034545898,22,245,286,8,409,69.9266503667482
"619",28,"MS",6,3,2009,0,1,7.45274901023194,16.0328,9.4769229888916,13.2219552993774,79.2192230224609,8.90334701538086,1,0,2958774,27.2468144606579,37.0763363474196,2.69351427314151,12.7068846758826,35.9370806962614,6.65816314459976,2.97285294517256,78.3652283006407,0,7,0,0,1,1,0,0,1,0,10,0,0,0,0,0,0,0,0,0,0,18,18,1,0,1,0,0,1,0,0,0,0,0,1,0,0,21.1610279083252,4.47590780258179,10.3001441955566,13.0313768386841,16,197,269,3,381,70.6036745406824
"620",28,"MS",6,3,2010,0,1,7.16100754979028,16.0636,10.3846158981323,12.6097011566162,81.9033508300781,8.29314231872559,1,1,2970811,27.6184689298038,37.200212332592,2.76133352138524,12.850867995305,35.6692499118927,6.90864446666444,3.47548194752207,80.1249221172266,2,11,1,0,1,1,0,0,1,0,4,0,0,0,0,0,0,0,0,0,0,18,18,1,0,1,0,0,1,0,0,0,0,0,1,0,0,21.0094146728516,4.37473154067993,10.2851037979126,13.0606756210327,9,205,256,4,388,65.979381443299
"621",28,"MS",6,3,2011,0,0,7.12649204422145,16.2153,10.0307693481445,12.4757452011108,83.1562347412109,7.88321924209595,1,0,2978464,27.9901233989497,37.2554779913405,2.82336801787767,13.0485041954511,35.4729820471223,7.41993188435382,2.08698174629608,78.0758135737078,2,13,0,0,1,1,0,0,1,0,0,0,0,0,0,0,0,0,0,0,0,18,18,1,0,1,0,0,1,0,0,0,0,0,1,0,0,20.8700866699219,4.23778820037842,10.3651075363159,13.0987987518311,29,221,268,9,389,68.8946015424165
"622",28,"MS",6,3,2012,0,0,7.31781562600778,16.5484,9.00769233703613,13.7594699859619,83.3601837158203,9.10843276977539,0,1,2986137,28.3617778680956,37.3006998674207,2.84883111525024,13.5288166617942,35.3238984011785,7.23342565997474,1.89609518920264,75.9978527441976,2,15,1,0,0,1,1,0,1,0,0,0,0,0,0,0,0,0,0,0,0,18,18,1,0,1,0,0,1,0,0,0,0,0,1,0,0,20.7203159332275,4.14348030090332,10.4601030349731,13.0567684173584,12,216,296,6,410,72.1951219512195
"623",28,"MS",6,3,2013,0,0,7.40055998818263,16.5373,8.69999980926514,13.9342842102051,84.0019607543945,9.28306102752686,0,0,2992206,28.7334323372414,37.4027389825433,2.91691146933065,13.9095369770664,35.135381721713,7.18533416482689,1.54701915576668,73.6132472162679,1,25,1,0,0,1,1,0,1,0,0,0,0,0,0,0,0,0,0,0,0,18,18,1,0,1,0,0,1,0,0,0,0,0,1,0,0,20.503267288208,4.09463787078857,10.5374765396118,13.0417823791504,17,215,279,12,388,71.9072164948454
"624",28,"MS",6,3,2014,0,0,6.80710161622322,16.4754,7.7846155166626,12.8291873931885,85.997673034668,8.78365993499756,0,1,2994079,29.1050868063874,37.5052896065869,2.9704293039696,14.3076719084567,34.8143452460673,8.6504063520034,1.39007688173893,73.3835012369413,3,18,0,1,0,1,1,0,1,0,0,0,0,0,0,0,0,0,0,0,0,18,18,1,0,1,0,0,1,0,0,0,0,0,1,0,0,20.331995010376,4.09184265136719,10.3905076980591,13.0834894180298,17,259,251,13,380,66.0526315789474
"625",29,"MO",4,2,1989,0,1,2.56053050549872,15.7774,5.53846168518066,8.36949825286865,75.9280853271484,14.8049201965332,1,1,5095819,54.2723309329532,10.7266347712439,1.18899411674667,13.9301062302252,36.1290697334423,5.72635700933553,2.54365392491374,108.817444261658,0,2,NA,NA,1,1,0,0,1,0,12,0,0,0,0,0,0,0,0,0,0,21,0,1,1,0,0,1,0,1,0,0,0,0,0,0,1,21.6588935852051,4.11026048660278,10.3598375320435,16.8123054504395,43,293,409,18,665,61.5037593984962
"626",29,"MO",4,2,1990,0,0,2.81524743629508,15.5445,5.83076906204224,9.08284664154053,78.6985778808594,15.4483098983765,1,0,5126370,54.3814403273121,10.7595433025708,1.21233933563126,14.0016815017254,35.7935342162193,6.42601971557538,2.63149167929744,108.820666475498,1,4,0,1,1,1,0,0,1,0,0,0,0,0,0,0,0,0,0,0,0,21,0,1,1,0,0,1,0,1,0,0,0,0,0,0,1,21.6485862731934,4.01828479766846,10.1221704483032,16.6247406005859,35,329,484,13,708,68.361581920904
"627",29,"MO",4,2,1991,0,1,2.98966413779599,15.4734,6.5846152305603,11.44091796875,80.8540420532227,15.5138683319092,1,1,5157770,54.4670272137544,10.828012881536,1.22851542430159,14.0489591431956,35.6883885865403,7.73173956408452,2.57049073533717,106.116403019134,0,4,0,0,1,1,0,0,1,0,5,0,0,0,0,0,0,0,0,0,0,21,0,1,1,0,0,1,0,1,0,0,0,0,0,0,1,21.7638282775879,4.00212717056274,9.90761566162109,16.3286914825439,56,400,469,14,714,65.6862745098039
"628",29,"MO",4,2,1992,0,0,3.08952062177036,15.8858,6.17692279815674,10.9615993499756,80.9658813476562,13.9424905776978,1,0,5193686,54.5526141001968,10.9050296841203,1.26678817317797,14.0847174819579,35.6335173131375,7.79953620546623,2.68191030416548,105.834276465693,0,15,0,0,1,1,0,0,1,0,0,0,0,0,0,0,0,0,0,0,0,21,0,1,1,0,0,1,0,1,0,0,0,0,0,0,1,21.8002681732178,4.07097721099854,9.74355316162109,15.9254341125488,43,407,397,13,626,63.4185303514377
"629",29,"MO",4,2,1993,0,1,3.09025409158921,15.9725,6.2384614944458,11.7168655395508,80.2597351074219,14.2329368591309,1,1,5237757,54.6382009866391,10.9831937602298,1.30254229052627,14.0808937871688,35.5934801862706,8.55267986181448,2.70841125313756,86.9383593015102,0,11,0,0,1,0,0,0,1,0,4,0,0,0,0,0,0,0,0,0,0,21,0,1,1,0,0,1,0,1,0,0,0,0,0,0,1,21.7878360748291,4.12484884262085,9.65384387969971,15.511266708374,53,451,437,19,672,65.0297619047619
"630",29,"MO",4,2,1994,0,0,3.2261570557937,16.3322,5.07692289352417,12.0343999862671,79.6872940063477,15.6219110488892,1,0,5281206,54.7237878730815,11.0526459297365,1.34654849668807,14.0149617341191,35.4599688025803,8.14799461706678,2.79841384714022,83.6655491188944,0,26,0,0,1,0,0,0,1,0,0,0,0,0,0,0,0,0,0,0,0,21,0,1,1,0,0,1,0,1,0,0,0,0,0,0,1,21.6590232849121,4.23450326919556,9.53598022460938,15.1535062789917,42,434,504,15,728,69.2307692307692
"631",29,"MO",4,2,1995,0,0,3.47743778417574,16.5233,4.72307682037354,11.8258457183838,82.2146377563477,14.6940145492554,1,1,5324610,54.8093747595238,11.0909719209482,1.38813922522025,13.9679901438791,35.3519224882198,6.28263414864452,2.8450910019701,84.6786900824661,0,14,0,0,1,0,0,0,1,0,0,0,0,0,0,0,0,0,0,0,0,21,0,1,1,0,0,1,0,1,0,0,0,0,0,0,1,21.5472621917725,4.36367082595825,9.39843368530273,14.8121128082275,36,338,453,13,721,62.8294036061026
"632",29,"MO",4,2,1996,0,1,3.83167458039363,16.8325,4.79230785369873,11.5508699417114,83.8544769287109,14.8840293884277,1,0,5367888,54.8949616459662,11.1425387414939,1.45166963245135,13.8935834726805,35.2356643804789,5.83362716166251,2.92181953125699,84.974202144307,0,6,0,0,1,0,0,0,1,0,5,0,0,0,0,0,0,0,0,0,0,21,0,1,1,0,0,1,0,1,0,0,0,0,0,0,1,21.474889755249,4.46119165420532,9.25063228607178,14.522274017334,26,317,492,19,760,64.7368421052632
"633",29,"MO",4,2,1997,0,0,4.2227710055255,17.3211,4.33846139907837,11.5330905914307,80.1184997558594,14.4813146591187,1,1,5407113,54.9805485324085,11.2131187197308,1.52526866000396,13.7904830174624,35.2038324333151,5.38000331189356,3.01269827355189,95.3150045134992,1,15,0,0,1,0,0,0,1,0,0,0,0,0,0,0,0,0,0,0,0,21,0,1,1,0,0,1,0,1,0,0,0,0,0,0,1,21.3800354003906,4.52375984191895,9.23665714263916,14.1448955535889,32,295,452,15,710,63.6619718309859
"634",29,"MO",4,2,1998,0,1,4.48013282423262,17.7824,4.16923046112061,11.2628574371338,82.8638381958008,13.7511444091797,1,0,5437562,55.0661354188509,11.2561107349213,1.60590352808851,13.7225285890993,35.1547623732842,5.08620299561066,3.03481597083399,91.9765144746855,5,11,1,1,1,0,0,0,1,0,10,0,0,0,0,0,0,0,0,0,0,21,0,1,1,0,0,1,0,1,0,0,0,0,0,0,1,21.3652515411377,4.51413631439209,9.35354900360107,13.7109241485596,17,281,425,5,698,60.8882521489971
"635",29,"MO",4,2,1999,0,0,4.68259277316069,17.9952,3.29230761528015,13.0305233001709,85.0329513549805,12.0990886688232,1,1,5468338,55.1517223052932,11.2858422431093,1.67283002623466,13.6363918982331,35.1108325783812,4.38695219732367,3.01426137155384,92.4708750629533,0,7,0,0,1,0,0,0,1,0,0,0,0,0,0,0,0,0,0,0,0,21,0,1,1,0,0,1,0,1,0,0,0,0,0,0,1,21.2289295196533,4.44637393951416,9.50346851348877,13.3733539581299,25,244,426,11,700,60.8571428571429
"636",29,"MO",4,2,2000,0,1,4.7882353046082,18.4761,3.58461546897888,13.2646055221558,86.5962524414062,11.7440900802612,1,0,5607285,55.2373091917356,11.3625756493562,2.13755855106348,13.4865804038853,35.089209840413,4.87917256382288,2.85681929846619,89.8133410375966,0,14,0,0,1,0,0,0,1,0,8,0,0,0,0,0,0,0,0,0,0,21,0,1,1,0,0,1,0,1,0,0,0,0,0,0,1,21.0502414703369,4.42346000671387,9.61550903320312,13.132345199585,29,273,434,3,699,62.0886981402003
"637",29,"MO",4,2,2001,0,1,4.99012434007157,18.4644,4.62307691574097,13.847677230835,88.166145324707,11.771559715271,2,1,5641142,55.3741264809473,11.4146922733021,2.28400561446601,13.4402573096015,35.0850412912846,4.87489944411965,3.03449195216146,91.9889979723964,0,9,0,0,0,0,0,1,1,0,5,0,0,0,0,0,0,0,0,0,0,21,0,1,1,0,0,1,0,1,0,0,0,0,0,0,1,20.8607769012451,4.42798662185669,9.79627895355225,12.9036102294922,26,275,427,15,725,58.8965517241379
"638",29,"MO",4,2,2002,0,0,5.18571057257272,18.5293,5.3923077583313,12.5203132629395,88.0964660644531,12.6940031051636,2,0,5674825,55.5109437701589,11.4581859352491,2.42876212041781,13.3830030000925,35.033080315252,4.45828725995956,3.31957373134854,94.9918279418308,0,20,0,0,0,0,0,1,1,0,0,0,0,0,0,0,0,0,0,0,0,21,0,1,1,0,0,1,0,1,0,0,0,0,0,0,1,20.6938533782959,4.40847063064575,9.93075561523438,12.7938041687012,12,253,423,5,693,61.038961038961
"639",29,"MO",4,2,2003,0,1,5.28969491205998,18.743,5.61538457870483,11.4976043701172,88.3148422241211,13.3628559112549,0,1,5709403,55.6477610593706,11.4952999464217,2.57226543650886,13.37039967226,34.9710994301856,3.83577757604429,3.3362507428535,95.0146626538712,2,9,0,0,0,0,1,0,1,0,6,0,0,0,0,0,0,0,0,0,0,21,0,1,1,0,0,1,0,1,0,0,0,0,0,0,1,20.5303592681885,4.37464284896851,10.0660963058472,12.6986484527588,17,219,411,7,679,60.5301914580265
"640",29,"MO",4,2,2004,0,1,5.33983698987133,19.0775,5.86153841018677,12.1042652130127,87.9158020019531,13.4342594146729,0,0,5747741,55.7845783485823,11.5385331384974,2.71494488008419,13.3539072132861,34.8763453328882,4.47132186366783,3.31834715586523,93.7867590067124,0,10,0,0,0,0,1,0,1,0,5,0,0,0,0,0,0,0,0,0,0,21,0,1,1,0,0,1,0,1,0,0,0,0,0.846994519233704,0,0.153005465865135,20.3638610839844,4.35812950134277,10.154354095459,12.6468296051025,16,257,389,1,715,54.4055944055944
"641",29,"MO",4,2,2005,0,1,5.34549159801737,19.0298,5.3923077583313,14.0039186477661,85.4584732055664,11.7154407501221,0,1,5790300,55.921395637794,11.5694696302437,2.86634543978723,13.366077750721,34.6772360672159,5.06018686423847,3.21019636288275,93.6872010085833,0,8,0,0,0,1,1,0,1,0,4,0,0,0,0,0,0,0,0,0,0,21,0,1,1,0,0,1,0,1,0,0,0,0,1,0,0,20.1635150909424,4.41168832778931,10.102032661438,12.5975341796875,23,293,427,7,727,58.7345254470426
"642",29,"MO",4,2,2006,1,0,5.21932995407606,19.401,4.8461537361145,12.6451644897461,87.1361618041992,11.6835918426514,0,0,5842704,56.0582129270057,11.6064068965328,3.03087406105118,13.4289192127481,34.4363671341215,5.04903209199028,3.31661504673179,84.2931628917022,0,14,0,0,0,1,1,0,1,4,0,0.0684614520947835,0.0444444444444444,0,0,0,0,0,0,0,0,21,0,1,1,0,0,1,0,1,0,0,0,0,1,0,0,20.0131988525391,4.43308448791504,9.99008369445801,12.59752368927,20,295,444,4,799,55.5694618272841
"643",29,"MO",4,2,2007,0,1,5.09748264661462,19.6368,5.1076922416687,12.4942607879639,87.1093063354492,11.3134202957153,0,1,5887612,56.1950302162173,11.6179191155939,3.18490756524037,13.525772418427,34.2205124930107,4.50097594746393,3.38864041991898,81.520147727126,3,19,0,2,0,1,1,0,1,0,8,0,0,0,0,4,1,0,0,0,0,19.9643840789795,0,1,0.65479451417923,0,0,0.65479451417923,0.34520548582077,0.65479451417923,0,0,0,0,1,0,0,19.9038925170898,4.40725374221802,9.9093656539917,12.6677675247192,20,265,452,15,808,55.9405940594059
"644",29,"MO",4,2,2008,1,1,5.0677626083827,19.7336,6.13846158981323,12.869891166687,87.3281707763672,10.3963584899902,0,0,5923916,56.331847505429,11.6360697889707,3.32578989978926,13.7128041653528,34.0259213668796,6.07706118722818,3.4299946184247,82.2837460895799,1,18,0,0,0,1,1,0,1,6,21,0.10128435312047,0.916666666666667,0,0,0,0,0,0,0,0,18,0,1,0,0,0,0,1,0,0,0,0,0,1,0,0,19.8059349060059,4.31569242477417,9.90429306030273,12.7433948516846,26,360,421,6,779,54.0436456996149
"645",29,"MO",4,2,2009,1,1,5.09537856176591,19.2836,9.27692317962646,12.5194816589355,88.9513549804688,11.6008157730103,0,1,5961088,56.4686647946407,11.6650517489425,3.45440295462842,13.872903738378,33.8030071020592,5.35137209851624,3.43662096583711,81.1783016791566,1,20,0,0,0,0,1,0,1,4,4,0.0671018444955015,0.0694444444444444,0,0,6,1,0,0,0,0,18,0,1,0,0,0,0,1,0,0,0,0,0,1,0,0,19.7110328674316,4.22089052200317,9.87108421325684,12.8815574645996,20,319,471,7,860,54.7674418604651
"646",29,"MO",4,2,2010,0,1,5.1021624943609,19.0706,9.59230804443359,14.2202138900757,87.9521102905273,10.913046836853,0,0,5996085,56.6054820838524,11.6932465100145,3.57032964009016,14.0279032068425,33.5860148747057,5.59365642626801,3.3980505613246,80.1994968383537,0,16,0,0,0,0,1,0,1,0,5,0,0,0,0,4,1,0,0,0,0,18,0,1,0,0,0,0,1,0,0,0,0,0,1,0,0,19.6306095123291,4.11897087097168,9.83643531799316,12.9857568740845,13,335,489,3,856,57.1261682242991
"647",29,"MO",4,2,2011,0,0,5.11234923161697,19.199,8.48461532592773,14.9156303405762,88.113525390625,10.4579000473022,0,1,6010544,56.7422993730642,11.7079585475125,3.66048397615923,14.1732428878318,33.3704736210233,5.04114103482147,3.3537729696347,80.7602439978811,1,19,0,0,0,0,1,0,1,0,0,0,0,0,0,0,0,0,0,0,0,18,0,1,0,0,0,0,1,0,0,0,0,0,1,0,0,19.5034255981445,4.03171491622925,9.8353328704834,13.1121740341187,23,303,513,10,933,54.983922829582
"648",29,"MO",4,2,2012,0,1,5.15162695316617,19.7581,6.96153831481934,14.2455768585205,89.4330139160156,10.7636222839355,0,0,6025281,56.8791166622758,11.7261419010997,3.7614179322093,14.6561629241856,33.1750004688578,5.16158499495708,3.23420600632568,81.5492256709687,1,22,0,0,0,0,1,0,1,0,4,0,0,0,0,0,0,0,0,0,0,18,0,1,0,0,0,0,1,0,0,0,0,0,1,0,0,19.3514137268066,3.96393132209778,9.85965633392334,13.1418437957764,17,311,546,5,914,59.7374179431072
"649",29,"MO",4,2,2013,0,1,5.19312341261261,19.8288,6.69999980926514,13.1883430480957,88.2749176025391,10.7703227996826,0,1,6044917,57.0159339514875,11.7655544319302,3.8618065392792,15.0135891030431,32.9886415313891,4.84704752769972,3.3239496919478,80.49870659928,2,29,0,0,0,0,1,0,1,0,10,0,0,0,0,0,0,0,0,0,0,18,0,1,0,0,0,0,1,0,0,0,0,0,1,0,0,19.2032585144043,3.91732430458069,9.8680591583252,13.1936960220337,19,293,556,7,960,57.9166666666667
"650",29,"MO",4,2,2014,1,1,5.23435872714988,19.9688,6.1307692527771,13.7417259216309,90.9944763183594,9.96986389160156,0,0,6063589,57.1527512406992,11.7850170913629,3.96171310423579,15.3739806573302,32.7608121196869,5.3928457222282,3.3493365068114,80.3194279823385,2,26,0,0,0,0,1,0,1,4,4,0.0659675317703756,0.733333333333333,0,0,0,0,0,0,0,0,18,0,1,0,0,0,0,1,0,0,0,0,0,1,0,0,19.0597686767578,3.90720748901367,9.79383659362793,13.2355937957764,14,327,588,4,1017,57.8171091445428
"651",30,"MT",8,4,1989,0,0,1.6257275130621,13.5273,5.79230785369873,11.5966682434082,83.5602188110352,15.9544830322266,2,1,799642,26.1786922716869,0.301009701841574,1.49466886431678,13.1208715900365,37.1362434689524,2.25279910288533,2.36230713244177,320.440897301542,NA,NA,NA,NA,0,1,0,1,1,0,0,0,0,0,0,0,0,0,0,0,0,0,0,0,0,0,0,0,1,0,0,0,0,0,0,1,0,23.7267971038818,4.36599683761597,9.04362773895264,15.712986946106,6,18,102,2,161,63.3540372670807
"652",30,"MT",8,4,1990,0,0,1.72037848326632,13.4907,5.96153831481934,10.3043203353882,84.3353652954102,16.0715675354004,2,0,799824,26.1409272086751,0.303816839704735,1.52983656404409,13.3315579427474,36.737582268099,3.00460455648281,2.35801876412811,319.236482026046,0,0,0,0,0,1,0,1,0,0,0,0,0,0,0,0,0,0,0,0,0,0,0,0,0,0,0,0,1,0,0,0,0,0,0,1,0,23.59010887146,4.36238765716553,8.76876354217529,15.2472372055054,13,24,111,1,167,66.4670658682635
"653",30,"MT",8,4,1991,0,0,1.79615442224112,13.6475,6.9153847694397,11.0129194259644,84.578254699707,16.1626243591309,1,1,807837,26.1226701995994,0.311201393350391,1.55130304752073,13.4164441589083,36.6760868838639,2.4693370077068,2.45841673505918,321.023919429291,1,2,0,0,1,1,0,0,1,0,0,0,0,0,0,0,0,0,0,0,0,0,0,0,0,0,0,0,1,0,0,0,0,0,0.252054780721664,0.747945189476013,0,23.3998622894287,4.42088222503662,8.79977321624756,14.5816869735718,14,20,107,2,161,66.4596273291926
"654",30,"MT",8,4,1992,0,0,1.8396568243608,13.8227,6.7384614944458,12.6444454193115,84.0935516357422,17.3530693054199,1,0,822436,26.1044131905237,0.310905651017222,1.58614165722318,13.3595805631076,36.9030538546464,2.05842039240758,2.66282118000671,323.09748114139,0,0,0,0,1,1,0,0,0,0,0,0,0,0,0,0,0,0,0,0,0,0,0,0,0,0,0,0,1,0,0,0,0,0,1,0,0,23.3879890441895,4.56991672515869,8.8598518371582,13.8665733337402,10,17,93,1,153,60.7843137254902
"655",30,"MT",8,4,1993,0,0,1.83836661602427,14.1903,6.0461540222168,10.9344301223755,86.024787902832,16.1699962615967,2,1,839876,26.086156181448,0.331120308235978,1.59309231362725,13.2776743233525,36.9756964123275,2.60361808236427,2.45393367592359,319.435249965471,1,2,0,1,0,1,0,1,1,0,0,0,0,0,0,0,0,0,0,0,0,0,0,0,0,0,0,0,1,0,0,0,0,0,1,0,0,23.1724720001221,4.64450883865356,9.03356075286865,13.2868347167969,10,22,107,3,155,69.0322580645161
"656",30,"MT",8,4,1994,0,0,1.93233776609122,13.9376,5.25384616851807,11.1461591720581,84.9191284179688,17.0859031677246,2,0,854923,26.0678991723723,0.342954862601661,1.65699133138306,13.2299634002127,36.856652587426,2.08952936833527,2.41659190359834,318.194738005645,0,2,0,0,0,1,0,1,0,0,0,0,0,0,0,0,0,0,0,0,0,0,0,0,0,0,0,0,1,0,0,0,0,0,1,0,0,22.7916679382324,4.75823926925659,9.14831638336182,12.7751340866089,13,18,117,2,158,74.0506329113924
"657",30,"MT",8,4,1995,0,0,2.16574824817333,14.0455,5.6538462638855,11.1768474578857,84.7277374267578,17.1864891052246,0,1,868522,26.0496421632966,0.35059560955278,1.70657738088385,13.2123308333007,36.4807109088774,2.62291791635401,2.5399471746254,339.831345665395,6,6,1,2,0,1,1,0,1,0,0,0,0,0,0,0,0,0,0,0,0,0,0,0,0,0,0,0,1,0,0,0,0,0,1,0,0,22.1486892700195,4.84146404266357,9.29618644714355,12.3754072189331,3,23,133,2,201,66.1691542288557
"658",30,"MT",8,4,1996,0,0,2.41143618477487,14.1232,5.307692527771,11.4365386962891,85.5581588745117,16.6468524932861,0,0,876656,26.0313851542208,0.357837053530689,1.67808125422058,13.2179555036411,36.1231771641328,2.82058167163465,2.61219908379113,331.686545235531,0,0,0,0,0,1,1,0,0,0,0,0,0,0,0,0,0,0,0,0,0,0,0,0,0,0,0,0,1,0,0,0,0,0,1,0,0,21.6564331054688,4.89284133911133,9.35499286651611,12.0967578887939,5,25,124,2,174,71.264367816092
"659",30,"MT",8,4,1997,0,0,2.71421840752197,14.3343,5.33076906204224,10.0697069168091,88.5885772705078,15.0249195098877,0,1,878706,26.0131281451451,0.352222472590377,1.72435376565085,13.253465891891,35.8290486237718,2.69626567204422,2.62772759034307,323.995739189217,1,4,0,0,0,1,1,0,1,0,0,0,0,0,0,0,0,0,0,0,0,0,0,0,0,0,0,0,1,0,0,0,0,0,1,0,0,21.2040023803711,4.95872974395752,9.42356395721436,11.7877426147461,5,24,120,1,183,65.5737704918033
"660",30,"MT",8,4,1998,0,0,2.99818198976048,15.1063,5.53846168518066,11.7685098648071,89.1259536743164,14.9993019104004,0,0,879533,25.9948711360694,0.363147261103336,1.79299696543507,13.2939866952121,35.7379427491635,1.56831642352161,2.76055588590763,315.74824367022,0,1,0,0,0,1,1,0,0,0,0,0,0,0,0,0,0,0,0,0,0,0,0,0,0,0,0,0,1,0,0,0,0,0,1,0,0,21.0276203155518,4.94032573699951,9.50460052490234,11.5490159988403,3,14,101,0,158,63.9240506329114
"661",30,"MT",8,4,1999,0,0,3.21937880262217,15.1538,5.2615385055542,11.6645889282227,88.7693557739258,14.7241306304932,0,1,882779,25.9766141269937,0.358866715225441,1.82967651020244,13.280673871943,35.4797746661395,1.8941356446245,2.80931014444159,317.612901983396,2,2,0,1,0,1,1,0,1,0,0,0,0,0,0,0,0,0,0,0,0,0,0,0,0,0,0,0,1,0,0,0,0,0,1,0,0,20.8379440307617,4.91472482681274,9.51468944549561,11.4275436401367,9,17,96,1,162,59.2592592592593
"662",30,"MT",8,4,2000,0,0,3.35039882802429,15.5647,4.96153831481934,11.7084312438965,89.5510406494141,14.5137462615967,0,0,903773,25.958357117918,0.309480367304622,2.01278418363903,13.420184050641,34.9896489494597,1.88429330687933,2.69426061632733,314.033501775335,0,1,0,0,0,1,1,0,0,0,0,0,0,0,0,0,0,0,0,0,0,0,0,0,0,0,0,0,1,0,0,0,0,0,1,0,0,20.5767383575439,4.87954378128052,9.53336715698242,11.3735418319702,6,17,107,2,158,67.7215189873418
"663",30,"MT",8,4,2001,0,0,3.54590770716712,15.8743,4.5461540222168,13.6271696090698,90.1982574462891,14.3153266906738,0,1,906961,26.011935453821,0.347754754614586,2.15510920535723,13.5094011760153,34.8924595434644,2.20516648455667,2.88876809476923,308.422302612791,0,1,0,0,0,1,1,0,1,0,0,0,0,0,0,0,0,0,0,0,0,0,0,0,0,0,0,0,1,0,0,0,0,0,1,0,0,20.1870861053467,4.85456371307373,9.85080909729004,11.1708221435547,3,20,133,3,175,76
"664",30,"MT",8,4,2002,0,0,3.64716502845886,15.9687,4.4153847694397,13.7262048721313,89.6759567260742,15.1201648712158,0,0,911667,26.0655137897241,0.369871894013933,2.26201014186101,13.5790809582885,34.73669662278,0.987202564094127,2.96928593444756,249.394789983623,0,2,0,0,0,1,1,0,0,0,0,0,0,0,0,0,0,0,0,0,0,0,0,0,0,0,0,0,1,0,0,0,0,0,1,0,0,19.8731555938721,4.78189945220947,10.0816411972046,11.0598497390747,2,9,115,6,184,62.5
"665",30,"MT",8,4,2003,0,1,3.7743440296641,16.4456,4.7153844833374,13.2845611572266,90.1426620483398,14.9241104125977,0,1,919630,26.1190921256271,0.393527831845416,2.37204092950426,13.6245011580744,34.6342550808477,2.17478768635212,2.99033306873416,252.575492317562,2,2,2,0,0,1,1,0,1,0,4,0,0,0,0,0,0,0,0,0,0,0,0,0,0,0,0,0,1,0,0,0,0,0,1,0,0,19.5674343109131,4.68275260925293,10.3840675354004,11.0622749328613,5,20,120,0,180,66.6666666666667
"666",30,"MT",8,4,2004,0,0,3.64727653173249,16.9054,4.76923084259033,14.5418748855591,91.8943557739258,14.82958984375,0,0,930009,26.1726704615302,0.41537232435385,2.44793329957022,13.6854589579241,34.3496675838621,1.29031009377329,2.96878847409004,244.476128725636,0,1,0,0,0,1,1,0,0,0,0,0,0,0,0,0,0,0,0,0,0,0,0,0,0,0,0,0,1,0,0,0,0,0,1,0,0,19.3271255493164,4.54350423812866,10.4790382385254,11.1639776229858,7,12,105,1,175,60
"667",30,"MT",8,4,2005,0,0,3.54855111466628,17.1533,4.35384607315063,12.0696802139282,92.1285095214844,13.1552562713623,2,1,940102,26.2262487974332,0.414742230098436,2.56918930073545,13.7677613705747,34.0715156440471,1.80831441694625,2.97414535869512,247.07531735918,1,1,0,1,0,0,0,1,1,0,0,0,0,0,0,0,0,0,0,0,0,0,0,0,0,0,0,0,1,0,0,0,0,0,1,0,0,19.0409126281738,4.5400390625,10.4905633926392,11.2187824249268,4,17,135,2,206,65.5339805825243
"668",30,"MT",8,4,2006,0,0,3.71158779542601,17.7308,3.48461532592773,12.9194469451904,91.4320755004883,13.1454420089722,2,0,952692,26.2798271333363,0.431094204632767,2.65573763608805,13.9375579935593,33.7241207021787,1.15462290016081,2.88970622194791,244.432618306861,0,0,0,0,0,0,0,1,0,0,0,0,0,0,0,0,0,0,0,0,0,0,0,0,0,0,0,0,1,0,0,0,0,0,1,0,0,18.8454399108887,4.44960165023804,10.4290790557861,11.2887477874756,5,11,102,0,189,53.968253968254
"669",30,"MT",8,4,2007,0,0,3.62493858232456,18.2774,3.56153845787048,13.3084135055542,92.4583511352539,12.7120389938354,2,1,964706,26.3334054692393,0.434536532373594,2.74073137308154,14.0991141342544,33.1809898559768,1.55487785916124,2.8412801413073,240.421434094947,1,3,0,0,0,0,0,1,1,0,0,0,0,0,0,0,0,0,0,0,0,0,0,0,0,0,0,0,1,0,0,0,0,0,1,0,0,18.7420825958252,4.38776159286499,10.0511455535889,11.6481084823608,2,15,120,0,196,61.2244897959184
"670",30,"MT",8,4,2008,0,0,3.55791338723801,18.3079,5.06923055648804,14.5968971252441,92.2727737426758,13.1060924530029,2,0,976415,26.3869838051424,0.43854303754039,2.80341862834963,14.3720651567213,32.8659432720718,1.6386475013186,2.7252756256305,246.424932021733,0,0,0,0,0,0,0,1,0,0,0,0,0,0,0,0,0,0,0,0,0,0,0,0,0,0,0,0,1,0,0,0,0,0,1,0,0,18.7043418884277,4.21767377853394,9.94392776489258,11.9235162734985,4,16,132,1,203,65.0246305418719
"671",30,"MT",8,4,2009,0,0,3.61896863967024,17.8353,6.83846139907837,14.6985788345337,92.2699813842773,12.7380046844482,2,1,983982,26.4405621410454,0.442487769085207,2.86692236240094,14.626995209262,32.452016398674,2.1341853814399,3.01326650284253,244.529879611619,2,3,0,2,0,0,0,1,1,0,0,0,0,0,0,0,0,0,0,0,0,0,0,0,0,0,0,0,1,0,0,0,0,0,1,0,0,18.6617240905762,4.06989145278931,9.72040176391602,12.2430086135864,7,21,136,1,219,62.1004566210046
"672",30,"MT",8,4,2010,0,0,3.69482371349973,18.0318,7.29999971389771,13.3380603790283,92.6333770751953,12.4912672042847,2,0,990575,26.4941404769485,0.432274184185953,2.91679075284557,14.8857986522979,32.1479948514752,1.71818700949551,2.96898266158544,246.070211745703,0,2,0,0,0,0,0,1,0,0,0,0,0,0,0,0,0,0,0,0,0,0,0,0,0,0,0,0,1,0,0,0,0,0,1,0,0,18.6023273468018,3.93953013420105,9.60613822937012,12.4409561157227,4,17,141,1,227,62.1145374449339
"673",30,"MT",8,4,2011,0,0,3.70566755641445,18.6304,6.96153831481934,13.8404397964478,93.2920455932617,12.9271240234375,0,1,997661,26.5477188128516,0.515405533542957,3.06687341692218,15.1388096758318,32.0939677906624,1.10257893212223,3.0290850298849,246.125687984195,1,9,0,0,0,0,1,0,1,0,0,0,0,0,0,0,0,0,0,0,0,0,0,0,0,0,0,0,1,0,0,0,0,0,1,0,0,18.498067855835,3.8507068157196,9.74519443511963,12.5390291213989,4,11,152,0,232,65.5172413793103
"674",30,"MT",8,4,2012,0,1,3.62428780207787,19.3667,6.01538467407227,14.6123523712158,94.0289154052734,13.5903520584106,0,0,1005163,26.6012971487546,0.582592077105902,3.22604393516276,15.7468987616934,32.0340084145557,0.994863519648057,2.39264676475358,242.318907480677,0,0,0,0,0,0,1,0,0,0,4,0,0,0,0,0,0,0,0,0,0,0,0,0,0,0,0,0,1,0,0,0,0,0,1,0,0,18.4071636199951,3.76197695732117,9.8648681640625,12.5221481323242,5,10,153,0,233,65.6652360515021
"675",30,"MT",8,4,2013,0,0,3.57190717179839,19.1964,5.44615411758423,13.3945150375366,94.3167343139648,12.255163192749,0,1,1014864,26.6548754846577,0.579683583219032,3.34911869964843,16.2338993205001,31.9641843636192,1.3794951835911,2.50476911192041,232.170024752085,3,9,0,1,0,0,1,0,1,0,0,0,0,0,0,0,0,0,0,0,0,0,0,0,0,0,0,0,1,0,0,0,0,0,1,0,0,18.3548736572266,3.71842932701111,9.89088153839111,12.5636539459229,4,14,147,0,243,60.4938271604938
"676",30,"MT",8,4,2014,0,0,3.58545847462678,19.4832,4.73076915740967,10.9383926391602,93.7712173461914,10.6392726898193,0,0,1023579,26.7084538205607,0.596729710164042,3.45474066974801,16.7212301151157,31.8499109497166,1.3677498268331,1.97444457144979,217.840537955546,0,0,0,0,0,0,1,0,0,0,0,0,0,0,0,0,0,0,0,0,0,0,0,0,0,0,0,0,1,0,0,0,0,0,1,0,0,18.2964878082275,3.68755125999451,9.86587238311768,12.6201295852661,2,14,149,2,251,59.3625498007968
"677",31,"NE",4,2,1989,0,0,1.44391953672661,15.8534,2.93846154212952,7.65289688110352,82.1742324829102,15.7693071365356,2,1,1574880,43.2624671208023,3.60446510210302,2.29236513258153,14.0728728075328,37.3205340593988,1.46053630893264,2.42367672457584,107.436122117241,0,3,NA,NA,0,1,0,1,1,0,0,0,0,0,0,0,0,0,0,0,0,0,18,0,0,1,0,0,1,0,0,0,0,0,0,0,1,23.0569553375244,4.17481565475464,10.0901803970337,16.5360088348389,11,23,98,1,174,56.3218390804598
"678",31,"NE",4,2,1990,0,0,1.5170839596524,16.0443,2.3461537361145,8.39458751678467,82.1596145629883,13.1486492156982,2,0,1580664,43.5809387443494,3.67231745646134,2.3534413385767,14.1200153859391,37.0947272791688,1.4574820793073,2.46352165925206,107.478882292505,1,1,1,0,0,1,0,1,1,0,0,0,0,0,0,0,0,0,0,0,0,0,18,0,0,1,0,0,1,0,0,0,0,0,0,0,1,23.0179061889648,4.17302083969116,9.88941955566406,16.2158107757568,8,23,124,5,220,56.3636363636364
"679",31,"NE",4,2,1991,0,1,1.54890134240212,15.8429,2.66923069953918,7.60024118423462,85.1757202148438,13.7587394714355,2,1,1590805,43.9276214004652,3.69793909372928,2.5383375083684,14.1184494642649,37.0474696773017,1.94152745601657,2.47861931537806,105.802408214709,2,5,1,0,0,0,0,1,1,0,5,0,0,0,0,0,0,0,0,0,0,6.78904104232788,18,0.323287665843964,0.323287665843964,1,0,0.323287665843964,0.676712334156036,0.323287665843964,0,0,0,0,0,0,1,23.0201530456543,4.20710563659668,9.76233768463135,15.8564434051514,11,31,120,6,191,62.82722513089
"680",31,"NE",4,2,1992,0,0,1.57263514989335,16.1976,2.87692308425903,6.66005754470825,87.3081893920898,12.5362310409546,2,0,1602406,44.2743040565812,3.73088967465174,2.76109799888418,14.0871913859534,36.8968912997081,2.35697064765212,2.36020084797486,106.048654336042,0,2,0,0,0,0,0,1,1,0,0,0,0,0,0,0,0,0,0,0,0,21,18,1,1,1,0,1,0,1,0,0,0,0,0,0,1,22.7947483062744,4.28110408782959,9.72000122070312,15.4667749404907,8,38,109,4,188,57.9787234042553
"681",31,"NE",4,2,1993,0,1,1.56064979105529,16.1022,2.77692317962646,7.24492359161377,87.4862518310547,13.2632570266724,2,1,1612149,44.620986712697,3.74642790461676,3.02236331753455,14.0913153808984,36.9039090059293,2.27497709651437,2.46999501907082,105.485907319981,1,4,0,0,0,0,0,1,1,0,4,0,0,0,0,0,0,0,0,0,0,21,18,1,1,1,0,1,0,1,0,0,0,0,0,0,1,22.6896076202393,4.33522605895996,9.74679946899414,15.0165786743164,9,37,105,7,171,61.4035087719298
"682",31,"NE",4,2,1994,0,0,1.61203687087239,16.5468,2.64615392684937,9.4424295425415,87.7737731933594,14.3333463668823,2,0,1621551,44.9676693688129,3.81363275037295,3.26668726423036,14.0664092587899,36.8954167954014,2.073483018479,2.52289320533243,104.976655066661,1,9,1,0,0,0,0,1,1,0,0,0,0,0,0,0,0,0,0,0,0,21,18,1,1,1,0,1,0,1,0,0,0,0,0,0,1,22.5507469177246,4.45217657089233,9.73142242431641,14.6114101409912,4,34,109,6,188,57.9787234042553
"683",31,"NE",4,2,1995,0,0,1.76865373160252,16.8222,2.64615392684937,8.74813079833984,89.1015319824219,14.701509475708,2,1,1635142,45.3143520249288,3.8543441487039,3.55394210411084,14.0100982055381,36.7474506801244,2.71462094842823,2.57592306967835,113.341226633528,1,4,0,0,0,0,0,1,1,0,0,0,0,0,0,0,0,0,0,0,0,21,18,1,1,1,0,1,0,1,0,0,0,0,0,0,1,22.2380676269531,4.58270168304443,9.7340841293335,14.2909564971924,12,45,112,0,187,59.8930481283422
"684",31,"NE",4,2,1996,0,1,1.93001334622437,17.6151,2.73076915740967,8.78802585601807,87.3982620239258,12.9385623931885,2,0,1647657,45.6610346810447,3.90536379841193,3.84194040385833,13.9211012971753,36.6334740786462,1.97082815990941,2.56788882637588,115.925826795261,1,5,0,0,0,0,0,1,1,0,5,0,0,0,0,0,0,0,0,0,0,21,18,1,1,1,0,1,0,1,0,0,0,0,0,0,1,22.000431060791,4.69672727584839,9.72815418243408,14.041069984436,8,33,115,3,189,60.8465608465608
"685",31,"NE",4,2,1997,0,0,2.01927245806568,17.5865,2.49230766296387,9.91943740844727,85.9993133544922,12.539041519165,2,1,1656042,46.0077173371606,3.97906574833247,4.09053635113119,13.8321974925757,36.6968349836538,2.13414272672302,2.60379869592679,114.347341432162,0,5,0,0,0,0,0,1,1,0,0,0,0,0,0,0,0,0,0,0,0,21,18,1,1,1,0,1,0,1,0,0,0,0,0,0,1,21.8891162872314,4.79916620254517,9.78061199188232,13.6923942565918,5,36,99,1,176,56.25
"686",31,"NE",4,2,1998,0,1,2.13093669690963,18.4152,2.56153845787048,10.2934446334839,87.6601486206055,13.0888137817383,2,0,1660772,46.3543999932764,4.03499095601323,4.33912662304037,13.7782308468592,36.8012586917409,2.00416867083534,2.61324251613105,108.795186816733,0,0,0,0,0,0,0,1,1,0,5,0,0,0,0,0,0,0,0,0,0,21,18,1,1,1,0,1,0,1,0,0,0,0,0,0,1,21.8008918762207,4.80529737472534,9.95214080810547,13.3543968200684,9,34,116,2,204,56.8627450980392
"687",31,"NE",4,2,1999,0,1,2.21004688996824,18.7624,2.79999995231628,9.11703109741211,89.285530090332,11.9807872772217,2,1,1666028,46.7010826493923,4.08558559640054,4.62165101666959,13.7024107638047,36.8505811426939,1.70111522767961,2.61340145543772,111.914085477555,1,2,0,0,0,1,0,1,1,0,13,0,0,0,0,0,0,0,0,0,0,21,18,1,1,1,0,1,0,1,0,0,0,0,0,0,1,21.707462310791,4.75056934356689,10.1116638183594,13.0954780578613,5,29,108,3,177,61.0169491525424
"688",31,"NE",4,2,2000,0,1,2.21201759811415,19.11,2.82307696342468,8.82686710357666,90.3672027587891,13.0911769866943,2,0,1713820,47.0477653055083,4.10188934660583,5.57263890023456,13.5621010374485,36.4984654164381,2.39589122186362,2.64380156609212,107.889393285176,0,0,0,0,0,1,0,1,1,0,4,0,0,0,0,0,0,0,0,0,0,21,18,1,1,1,0,1,0,1,0,0,0,0,0,0,1,21.5454368591309,4.7338695526123,10.2191591262817,12.9888200759888,7,41,115,3,193,59.5854922279793
"689",31,"NE",4,2,2001,0,1,2.27696129165804,19.3579,3.11538457870483,10.0767631530762,89.7192611694336,13.0909080505371,2,1,1719836,47.7209384568623,4.17167683430281,6.0014443237611,13.5059970834428,36.4717333513195,1.22104665793715,2.63513497798627,103.356947988064,1,5,0,0,0,1,0,1,1,0,4,0,0,0,0,0,0,0,0,0,0,21,18,1,1,1,0,1,0,1,0,0,0,0,0,0,1,21.3696537017822,4.69719219207764,10.4048871994019,12.8177919387817,5,21,107,4,187,57.2192513368984
"690",31,"NE",4,2,2002,0,0,2.31268790227577,19.3572,3.64615392684937,9.96905708312988,89.7843475341797,11.5128679275513,2,0,1728292,48.3941116082165,4.21630141202991,6.42217865962465,13.4351718343891,36.4507849368047,1.56223601104443,2.6899389686465,101.213799519989,1,2,0,0,0,1,0,1,1,0,0,0,0,0,0,0,0,0,0,0,0,21,18,1,1,1,0,1,0,1,0,0,0,0,0,0,1,21.2635364532471,4.64146089553833,10.5457878112793,12.7182216644287,5,27,105,2,201,52.2388059701493
"691",31,"NE",4,2,2003,0,0,2.32882771218703,20.0883,3.93846154212952,9.07637596130371,90.8020401000977,10.3797798156738,2,1,1738643,49.0672847595706,4.28006209440351,6.80875832473947,13.3436248844645,36.4319184559452,1.7829997302494,2.67680024018732,101.517102705961,0,3,0,0,0,1,0,1,1,0,0,0,0,0,0,0,0,0,0,0,0,21,18,1,1,1,0,1,0,1,0,0,0,0,0,0,1,21.185718536377,4.54952526092529,10.6966753005981,12.6949577331543,5,31,91,3,176,51.7045454545455
"692",31,"NE",4,2,2004,0,1,2.33512635977523,20.2592,3.86153841018677,8.84788417816162,91.2689666748047,10.2717485427856,2,0,1749370,49.7404579109248,4.33544647501672,7.12639407329496,13.2693483939933,36.3937303143417,1.37192246351544,2.74555983011027,99.994283656402,0,0,0,0,0,1,0,1,1,0,5,0,0,0,0,0,0,0,0,0,0,21,18,1,1,1,0,1,0,1,0,0,0,0,0,0,1,21.1569309234619,4.47286748886108,10.7639322280884,12.6133403778076,6,24,87,0,166,52.4096385542169
"693",31,"NE",4,2,2005,0,0,2.43656389991013,20.1815,3.79999995231628,10.0593042373657,89.8098678588867,11.9488286972046,2,1,1761497,50.4136310622789,4.39024307166007,7.463367805906,13.2515695456762,36.2660850401675,1.58955706424706,2.61879526334703,100.200000340619,1,4,0,0,0,1,0,1,1,0,0,0,0,0,0,0,0,0,0,0,0,21,18,1,1,1,0,1,0,1,0,0,0,0,0,0,1,21.0099697113037,4.47505712509155,10.7810573577881,12.5644264221191,2,28,100,3,187,53.475935828877
"694",31,"NE",4,2,2006,0,1,2.49958678688301,20.288,3.12307691574097,9.37736129760742,91.0027389526367,12.6210794448853,2,0,1772693,51.0868042136331,4.46715815992955,7.81189974801051,13.2699796298626,36.0504610781449,1.7487517579186,2.69307770719465,93.6157586226154,2,1,1,0,0,1,0,1,1,0,4,0,0,0,0,0,0,0,0,0,0,21,18,1,1,1,0,1,0,1,0,0,0,0,0,0,1,20.9365081787109,4.45412731170654,10.6598262786865,12.5983457565308,3,31,105,1,202,51.980198019802
"695",31,"NE",4,2,2007,1,1,2.49854214327367,21.0706,2.99230766296387,10.0320320129395,91.5605316162109,11.0805625915527,2,1,1783440,51.7599773649872,4.52176692235231,8.13467231866505,13.3294083344548,35.7319562194411,2.41107073969407,2.59105997398286,95.761561925268,2,6,0,0,0,1,0,1,1,8,4,0.4485713004082,0.818055555555556,0,0,0,0,0,0,0,0,21,18,1,1,1,0,1,0,1,0,0,0,0,1,0,0,20.9066181182861,4.43463182449341,10.3907060623169,12.8011035919189,4,43,89,3,181,49.171270718232
"696",31,"NE",4,2,2008,0,1,2.51172080709071,21.3866,3.33076930046082,11.5044870376587,91.8729629516602,10.0995836257935,2,0,1796378,52.4331505163414,4.61500864517379,8.50060510649763,13.4018564021603,35.5386783850615,2.72771098287777,2.67761016890654,95.4247936681478,1,3,0,0,0,1,0,1,1,0,6,0,0,0,0,0,0,8,1,0,0,21,18,1,1,1,0,1,0,1,0,0,0,0,1,0,0,20.9500999450684,4.311119556427,10.277458190918,13.0176391601562,2,49,98,0,191,51.3089005235602
"697",31,"NE",4,2,2009,0,1,2.48085296767278,20.9018,4.62307691574097,10.6068506240845,89.390495300293,11.0229377746582,2,1,1812683,53.1063236676953,4.67174900410055,8.8747453360571,13.4679919213674,35.2994980368879,1.71017215916958,2.65628353109727,94.5664520492552,3,6,1,0,0,1,0,1,1,0,8,0,0,0,0,0,0,0,0,0,0,21,18,1,1,1,0,1,0,1,0,0,0,0,1,0,0,20.9731101989746,4.21292638778687,10.1134614944458,13.2704391479492,5,31,93,2,170,54.7058823529412
"698",31,"NE",4,2,2010,0,0,2.47559246173898,20.8002,4.63846158981323,9.15160751342773,90.9316635131836,10.7684135437012,2,0,1829865,53.7794968190497,4.72045752009028,9.24510824569026,13.5083735685419,35.1221538200906,2.24492578330115,2.6422714243947,97.2415997901485,3,6,0,0,0,1,0,1,1,0,0,0,0,0,0,0,0,0,0,0,0,21,18,1,1,1,0,1,0,1,0,0,0,0,1,0,0,20.9882698059082,4.13008594512939,10.0037984848022,13.4551458358765,3,41,106,2,193,54.9222797927461
"699",31,"NE",4,2,2011,0,0,2.4975138853304,22.0802,4.40769243240356,9.81145095825195,90.1191482543945,9.8508768081665,2,1,1842232,54.4526699704043,4.77046322070184,9.49364683709761,13.5389570911807,35.0513398963866,2.22556116710599,2.70649950711962,95.5058863378771,1,11,0,0,0,1,0,1,1,0,0,0,0,0,0,0,0,0,0,0,0,21,18,1,1,1,0,1,0,1,0,0,0,0,1,0,0,20.9563179016113,4.06577444076538,10.0292472839355,13.5690288543701,6,41,111,3,193,57.5129533678757
"700",31,"NE",4,2,2012,0,1,2.51147003455158,22.7173,3.98461532592773,10.3509168624878,90.762077331543,9.52175617218018,2,0,1855487,55.1258431217586,4.81226761491727,9.74833022273937,13.8730155479397,35.0016464680162,2.47913351050156,2.66399063965417,94.7858971795545,2,4,0,0,0,1,0,1,1,0,12,0,0,0,0,0,0,0,0,0,0,21,18,1,1,1,0,1,0,1,0,0,0,0,1,0,0,20.9369297027588,3.99873447418213,10.0659828186035,13.559944152832,6,46,115,0,232,49.5689655172414
"701",31,"NE",4,2,2013,0,1,2.60303942976047,22.9956,3.76923084259033,10.9609241485596,90.6787490844727,8.99705028533936,2,1,1868969,55.799016273113,4.86332304067109,9.98507733408098,14.1223316170573,34.9658020009963,2.72877720283215,2.6297921474353,95.0379594311088,0,14,0,0,0,1,0,1,1,0,4,0,0,0,0,0,0,0,0,0,0,21,18,1,1,1,0,1,0,1,0,0,0,0,1,0,0,20.9039859771729,3.95849251747131,10.1033239364624,13.5365543365479,4,51,111,1,220,50.4545454545455
"702",31,"NE",4,2,2014,0,1,2.78128708803547,22.5889,3.31538462638855,10.7872266769409,91.1289291381836,8.59588813781738,2,0,1881503,56.4721894244674,4.90506791644765,10.1687321253275,14.4027939365497,34.9841057920184,2.07281093891426,2.78766496784751,95.9429775025605,2,9,0,0,0,1,0,1,1,0,4,0,0,0,0,0,0,0,0,0,0,21,18,1,1,1,0,1,0,1,0,0,0,0,1,0,0,20.8412113189697,3.95859050750732,10.18430519104,13.4502048492432,5,39,133,1,251,52.9880478087649
"703",32,"NV",8,4,1989,0,1,4.39259764649612,17.9459,4.7384614944458,15.9579257965088,84.0313034057617,19.2994728088379,2,1,1137368,75.6628251038924,6.55601929720134,10.0508455054525,10.5676346023146,34.9431890617733,6.40758939464957,3.59514246927995,138.825780222408,NA,NA,NA,NA,0,0,0,1,1,0,5,0,0,0,0,0,0,0,0,0,0,18,14,1,0,0,0,0,1,0,0,0,0,0,0,1,0,20.9572601318359,3.7186861038208,10.2671813964844,18.8383769989014,8,73,166,0,257,64.591439688716
"704",32,"NV",8,4,1990,0,0,4.28104041508942,17.7966,4.7153844833374,17.9481868743896,83.1077499389648,17.6334018707275,2,0,1218629,75.808785413614,6.68406873626018,10.4499400555871,10.5944467101965,35.725967460154,5.73594216175191,3.6204620109976,44.0708369815588,0,0,0,0,0,0,0,1,0,0,0,0,0,0,0,0,0,0,0,0,0,18,14,1,0,0,0,0,1,0,0,0,0,0,0,1,0,22.2074317932129,3.71272110939026,9.75264072418213,18.2234706878662,2,69,211,0,294,71.7687074829932
"705",32,"NV",8,4,1991,0,0,4.33603155062153,17.6812,5.81538438796997,16.8740787506104,83.9066925048828,16.5700817108154,1,1,1285046,76.616762760159,6.81057331799795,10.8974309090881,10.7345573621489,34.7450597099248,7.32795127452357,3.10183448685884,41.1160378694615,4,5,3,0,1,0,0,0,1,0,0,0,0,0,0,0,0,0,0,0,0,18,14,1,0,0,0,0,1,0,0,0,0,0,0,1,0,21.5458450317383,3.53055262565613,9.41002368927002,18.5856647491455,12,95,219,4,319,68.6520376175549
"706",32,"NV",8,4,1992,0,1,4.46083021340744,18.2696,6.6538462638855,17.6740684509277,84.3619613647461,17.0256977081299,1,0,1330694,77.4247401067039,6.95749736603607,11.3300277900103,11.0253747292766,34.4191827722978,6.50783121348127,3.20885192238035,38.8135814845487,0,0,0,0,1,0,0,0,0,0,19,0,0,0,0,0,0,0,0,0,0,18,14,1,0,0,0,0,1,0,0,0,0,0,0,1,0,21.4392528533936,3.52776122093201,9.00547409057617,18.5225772857666,8,89,233,2,329,70.8206686930091
"707",32,"NV",8,4,1993,0,1,4.51384838541165,18.3561,6.8461537361145,16.8558025360107,84.9760208129883,16.9124698638916,2,1,1380197,78.2327174532488,7.02421465921169,11.8212834834448,11.3225141048705,34.4825412604143,7.36772454911651,3.43356781676819,37.3352499679394,0,3,0,0,0,0,0,1,1,0,20,0,0,0,0,0,0,0,0,0,0,18,14,1,0,0,0,0,1,0,0,0,0,0,0,1,0,21.6018829345703,3.55303764343262,8.69470596313477,18.2405948638916,7,104,221,46,323,68.4210526315789
"708",32,"NV",8,4,1994,0,0,4.60179567532828,18.6632,6.1769232749939,16.2148513793945,86.5564651489258,18.1059589385986,2,0,1456388,79.0406947997938,7.19437402670168,12.4989357231727,11.385358846681,34.44885566209,7.4012828890341,3.52996591567632,36.1449009467257,0,0,0,0,0,0,0,1,0,0,0,0,0,0,0,0,0,0,0,0,0,18,14,1,0,0,0,0,1,0,0,0,0,0,0,1,0,21.5045967102051,3.62349581718445,8.52759075164795,18.0098285675049,12,111,226,23,341,66.2756598240469
"709",32,"NV",8,4,1995,0,1,4.81918393054817,18.8818,5.56923055648804,16.7097587585449,85.3285217285156,17.289514541626,2,1,1525777,79.8486721463387,7.30690002536413,13.3603403380704,11.4345674367879,34.4347830646287,6.89017379041103,3.53655875006636,36.3270648331965,5,13,2,0,0,0,0,1,1,0,4,0,0,0,0,0,0,0,0,0,0,18,16.0164375305176,1,0,0.504109561443329,0,0,1,0,0,0,0,0,0.252054780721664,0.747945189476013,0,21.3642330169678,3.68815207481384,8.44409847259521,17.6812648773193,8,110,265,7,395,67.0886075949367
"710",32,"NV",8,4,1996,0,1,5.02293802099123,19.2521,5.03076934814453,19.9158172607422,85.3532791137695,16.5453186035156,2,0,1596476,80.6566494928836,7.37875170062062,14.0779441720389,11.5083471345639,34.6222555177779,7.61852657696002,3.54906681967032,34.9720258870162,0,0,0,0,0,0,0,1,0,0,4,0,0,0,0,0,0,0,0,0,0,18,18,1,0,1,0,0,1,0,0,0,0,0,1,0,0,21.393310546875,3.75990200042725,8.39526653289795,17.1784534454346,7,127,222,2,335,66.2686567164179
"711",32,"NV",8,4,1997,0,1,5.17671183905762,19.4487,4.40000009536743,19.3481884002686,85.3701553344727,17.4483947753906,2,1,1675581,81.4646268394283,7.44774499114039,15.1364213368378,11.4374058908522,34.8748881731173,6.17740486654822,3.5665240892562,33.0512222327658,4,4,1,1,0,0,0,1,1,0,4,0,0,0,0,0,0,0,0,0,0,18,18,1,0,1,0,0,1,0,0,0,0,0,1,0,0,21.3168277740479,3.83055639266968,8.51809215545654,16.6879615783691,3,109,272,2,411,66.1800486618005
"712",32,"NV",8,4,1998,0,0,5.35448441654069,19.9066,4.22307682037354,15.8441019058228,89.1050567626953,16.6191520690918,2,0,1743772,82.2726041859733,7.6043771777503,16.0337475312139,11.448572405108,35.3352387812168,6.31035286198773,3.77113521721876,33.010622948413,0,0,0,0,0,0,0,1,0,0,0,0,0,0,0,0,0,0,0,0,0,18,18,1,0,1,0,0,1,0,0,0,0,0,1,0,0,21.4739875793457,3.85659122467041,8.65107822418213,16.1444225311279,6,117,241,2,397,60.7052896725441
"713",32,"NV",8,4,1999,1,1,5.29058125093616,20.2564,3.98461532592773,15.4144678115845,86.3772964477539,14.2521381378174,2,1,1809253,83.0805815325182,7.73971357239701,16.8226334293767,11.4639577770494,35.7735485308025,5.16871192597578,3.74574479080593,32.8870533861212,4,7,0,1,0,1,0,1,1,4,4,0.22108571880218,0.177777777777778,0,0,0,0,0,0,0,0,18,18,1,0,1,0,0,1,0,0,0,0,0,1,0,0,21.6553001403809,3.86268186569214,8.83270835876465,15.6469316482544,2,100,259,6,404,64.1089108910891
"714",32,"NV",8,4,2000,0,0,4.84361292508549,20.5885,4.16923093795776,15.7541589736938,82.8200836181641,13.6343507766724,2,0,2018741,83.8885588790631,7.01912726793581,19.8272091367838,10.97703964996,34.5925505054883,4.4538815577776,3.5363625150527,29.892393328317,0,0,0,0,0,1,0,1,0,0,0,0,0,0,0,0,0,4,1,0,0,18,18,1,0,1,0,0,1,0,0,0,0,0,1,0,0,21.6810874938965,3.88028979301453,9.03117370605469,15.2661485671997,6,89,241,4,400,60.25
"715",32,"NV",8,4,2001,0,0,4.83606787841588,20.3765,5.18461561203003,16.530387878418,84.897819519043,14.2295541763306,2,1,2098399,84.1506116390586,7.17766258943128,20.6536507118046,11.0461833045098,34.5472905772448,5.19443632979238,3.58034863722295,29.2322861381463,2,3,0,2,0,1,0,1,1,0,0,0,0,0,0,0,0,0,0,0,0,18,18,1,0,1,0,0,1,0,0,0,0,0,1,0,0,21.5632495880127,3.91846346855164,9.06557846069336,15.0007696151733,2,109,219,4,387,56.5891472868217
"716",32,"NV",8,4,2002,0,0,4.76356742667533,20.1225,5.6307692527771,15.4545650482178,85.785758972168,12.880934715271,2,0,2173791,84.4126643990542,7.32655531281526,21.4087278859835,11.1159720506709,34.4247906077447,5.24429441468844,3.82373466446406,28.2708871276033,0,0,0,0,0,1,0,1,0,0,0,0,0,0,0,0,0,0,0,0,0,18,18,1,0,1,0,0,1,0,0,0,0,0,1,0,0,21.4764442443848,3.95451998710632,8.9938268661499,14.8159141540527,1,114,245,4,423,57.919621749409
"717",32,"NV",8,4,2003,0,1,4.67349978878093,20.5655,5.0846152305603,14.9710340499878,85.5934600830078,12.3956518173218,2,1,2248850,84.6747171590497,7.45047468706228,22.0281032527736,11.2396558240879,34.3063343486671,5.06925762056162,3.4933410409765,27.0382640016008,2,4,2,0,0,1,0,1,1,0,4,0,0,0,0,0,0,0,0,0,0,18,18,1,0,1,0,0,1,0,0,0,0,0,1,0,0,21.3289909362793,3.97118520736694,9.00615882873535,14.6527338027954,5,114,247,2,434,56.9124423963134
"718",32,"NV",8,4,2004,0,0,4.66878240848479,21.4565,4.30000019073486,14.0164775848389,86.3232498168945,11.0767984390259,2,0,2346222,84.9367699190452,7.62536537463207,22.6603876359526,11.2402833150486,34.2282614347662,5.24247066134407,3.42891678622057,26.1931735360081,0,0,0,0,0,1,0,1,0,0,0,0,0,0,0,0,0,0,0,0,0,18,18,1,0,1,0,0,1,0,0,0,0,0,1,0,0,21.1989326477051,4.00388383865356,9.02544593811035,14.6155815124512,8,123,249,2,440,56.5909090909091
"719",32,"NV",8,4,2005,0,0,4.74602027923523,22.4424,4.09230756759644,15.5703458786011,86.5717315673828,11.7455053329468,2,1,2432143,85.1988226790409,7.83202303482978,23.4577901052693,11.1729861278716,34.2090493856652,4.72834039774799,3.51048437530195,25.0005859030493,2,6,0,0,0,1,0,1,1,0,0,0,0,0,0,0,0,0,0,0,0,18,18,1,0,1,0,0,1,0,0,0,0,0,1,0,0,21.0375385284424,4.10880422592163,9.06270694732666,14.5988130569458,5,115,262,1,480,54.5833333333333
"720",32,"NV",8,4,2006,0,1,4.85559279141287,22.4507,4.0461540222168,15.9999113082886,85.6467437744141,11.1566696166992,2,0,2522658,85.4608754390364,8.04873272556169,24.3167722299257,11.1158547849134,34.2502630162313,5.19293538799156,3.59937811625674,23.2778283857741,0,0,0,0,0,1,0,1,0,0,12,0,0,0,0,0,0,0,0,0,0,18,18,1,0,1,0,0,1,0,0,0,0,0,1,0,0,20.9558334350586,4.19236373901367,9.10206604003906,14.5874710083008,4,131,255,3,486,52.4691358024691
"721",32,"NV",8,4,2007,0,1,5.01946889590138,22.374,4.49230766296387,14.300498008728,86.2369155883789,10.9251918792725,2,1,2601072,85.7229281990319,8.21791938093217,25.1200274348422,11.1783141720029,34.2798277018091,5.03638499818536,3.66656517005296,23.215428100414,5,8,1,0,0,1,0,1,1,0,10,0,0,0,0,0,0,0,0,0,0,18,18,1,0,1,0,0,1,0,0,0,0,0,1,0,0,20.9036502838135,4.24186658859253,9.13431072235107,14.5696086883545,3,131,270,6,471,57.3248407643312
"722",32,"NV",8,4,2008,0,1,4.91364658976572,21.0579,6.70769214630127,15.7258720397949,86.6850051879883,10.1001882553101,2,0,2653630,85.9849809590274,8.37969121542943,25.6960842317882,11.418999634463,34.1912022399506,3.7684228773416,3.33166266585771,24.129588525906,0,1,0,0,0,1,0,1,0,0,4,0,0,0,0,0,0,0,0,0,0,18,18,1,0,1,0,0,1,0,0,0,0,0,1,0,0,20.7851505279541,4.18521022796631,9.22084045410156,14.5646533966064,5,100,291,4,528,55.1136363636364
"723",32,"NV",8,4,2009,0,0,4.69779283448773,19.5075,11.3000001907349,14.6674795150757,86.9015960693359,9.87900257110596,1,1,2684665,86.247033719023,8.49491463553181,26.1994327038942,11.7416139443841,33.9967183987574,3.61311374044806,3.76769541078682,23.8506480324361,4,4,0,0,1,1,0,0,1,0,0,0,0,0,0,0,0,0,0,0,0,18,18,1,0,1,0,0,1,0,0,0,0,0,1,0,0,20.653787612915,4.15530443191528,9.18762683868408,14.4702224731445,8,97,295,2,505,58.4158415841584
"724",32,"NV",8,4,2010,0,1,4.6484307523637,19.0972,13.5230770111084,14.4507513046265,86.11669921875,11.0319290161133,1,0,2703493,86.5090864790185,8.57845757322101,26.5955192042295,12.1075956179654,33.7454544916521,3.33265322521219,3.65194213560013,24.0603545117372,0,1,0,0,1,1,0,0,0,0,5,0,0,0,0,0,0,0,0,0,0,18,18,1,0,1,0,0,1,0,0,0,0,0,1,0,0,20.4198799133301,4.11878252029419,9.2067928314209,14.3176622390747,2,90,289,4,547,52.8336380255942
"725",32,"NV",8,4,2011,1,1,4.67706373828159,18.9107,13.0769233703613,14.4122438430786,87.5048370361328,10.4702253341675,1,1,2718586,86.7711392390141,8.66159834561055,26.9465450053815,12.4874475186733,33.436720412744,3.089841557339,3.06225368629133,23.4346090210131,7,13,1,2,1,1,0,0,1,4,19,0.147135312254238,0.227777777777778,0,0,0,0,0,0,0,0,18,18,1,0,1,0,0,1,0,0,0,0,0,1,0,0,20.1771068572998,4.06100797653198,9.19860553741455,14.2695503234863,4,84,272,4,516,52.7131782945737
"726",32,"NV",8,4,2012,0,1,4.65657319040594,19.4097,11.1846151351929,15.4430952072144,87.5785064697266,10.0486936569214,1,0,2755245,87.0331919990097,8.90182179806152,27.2221889523436,13.1058762469399,33.0899792940374,2.79466980250395,3.42873319795517,23.4588938551744,0,1,0,0,1,1,0,0,0,0,11,0,0,4,1,0,0,0,0,0,0,18,18,1,0,1,0,0,1,0,0,0,0,0,1,0,0,19.8518829345703,4.03815269470215,9.19994449615479,14.2262125015259,2,77,274,1,524,52.2900763358779
"727",32,"NV",8,4,2013,0,1,4.62046488367878,19.1325,9.55384635925293,15.1899471282959,88.9234313964844,10.4134578704834,1,1,2791494,87.2952447590053,8.98866341822694,27.5318521193311,13.6527250282465,32.7409265432775,3.1524337863524,3.15673255969742,23.0464403649085,2,12,0,1,1,1,0,0,1,0,13,0,0,0,0,0,0,0,0,0,0,18,18,1,0,1,0,0,1,0,0,0,0,0,1,0,0,19.6444625854492,3.97281885147095,9.12364482879639,14.2544813156128,5,88,292,6,541,53.9741219963031
"728",32,"NV",8,4,2014,0,1,4.46057006113559,19.2317,7.7615385055542,16.0254249572754,89.0803451538086,9.44000434875488,1,0,2839099,87.5572975190008,9.10471949023264,27.826926782053,14.1540326702239,32.3408940653355,3.73357885723605,3.16050972509236,23.0569627899555,0,0,0,0,1,1,0,0,0,0,6,0,0,0,0,0,0,0,0,0,0,18,18,1,0,1,0,0,1,0,0,0,0,0,1,0,0,19.4448661804199,3.91553807258606,8.98048973083496,14.3324699401855,2,106,309,4,573,53.9267015706806
"729",33,"NH",1,1,1989,0,0,0.988662074035579,19.0142,3.46923089027405,8.72576904296875,82.1569290161133,16.1057567596436,0,1,1104523,30.7252680344201,0.647247139944447,0.988027421767205,11.1486134738706,35.9526238928479,1.35677969244518,2.21724672098272,85.0520994130498,2,12,0,0,0,1,1,0,1,0,0,0,0,0,0,0,0,0,0,0,0,18,0,1,0,0,0,0,1,0,0,0,0,0,1,0,0,21.0887279510498,3.89010953903198,10.973464012146,18.5746917724609,0,16,69,0,126,54.7619047619048
"730",33,"NH",1,1,1990,0,0,1.12786925351065,17.9887,5.66153860092163,9.27221775054932,82.1718978881836,16.2691287994385,0,0,1111831,30.6020633724348,0.663949826907147,1.02578539364346,11.2630426746511,35.5469491316576,0.721322472621304,2.26922976603459,81.0177086265808,1,1,0,0,0,1,1,0,1,0,0,0,0,0,0,0,0,0,0,0,0,18,0,1,0,0,0,0,1,0,0,0,0,0,1,0,0,21.2259426116943,3.71634244918823,10.618275642395,18.435359954834,2,8,87,0,149,58.3892617449664
"731",33,"NH",1,1,1991,0,0,1.29803848950594,17.8705,7.30000019073486,10.7321014404297,85.2306671142578,16.1776924133301,0,1,1107055,32.0072580026726,0.605299646359034,1.04195365180592,11.5624788289651,35.2947233877269,1.35115659004108,2.19772278703407,86.7337214501538,3,15,1,0,0,1,1,0,1,0,0,0,0,0,0,0,0,0,0,0,0,18,0,1,0,0,0,0,1,0,0,0,0,0,1,0,0,21.6708450317383,3.65753126144409,10.0290203094482,17.7800559997559,0,15,68,0,130,52.3076923076923
"732",33,"NH",1,1,1992,0,0,1.48728483796234,18.0664,7.2846155166626,13.3646335601807,85.81298828125,16.3475723266602,0,0,1112766,33.412452632911,0.613785827388687,1.079831698668,11.7309479261588,35.1037864205053,1.3417223779614,2.24845115684699,76.3826357023849,1,0,0,0,0,1,1,0,1,0,0,0,0,0,0,0,0,0,0,0,0,18,0,1,0,0,0,0,1,0,0,0,0,0,1,0,0,21.9280281066895,3.68640089035034,9.60489654541016,17.0864849090576,0,15,80,0,137,58.3941605839416
"733",33,"NH",1,1,1993,0,0,1.58261828868704,17.9434,6.14615392684937,11.3269853591919,86.2701721191406,15.4352378845215,0,1,1122191,34.817647263149,0.622443060049492,1.18420126342129,11.8513693301764,34.8159983460926,1.23941297860153,2.22065584200907,74.8865389225185,4,9,2,1,0,1,1,0,1,0,0,0,0,0,0,0,0,0,0,0,0,18,0,1,0,0,0,0,1,0,0,0,0,0,1,0,0,21.9896621704102,3.72258186340332,9.26134490966797,16.4621429443359,0,14,82,0,144,56.9444444444444
"734",33,"NH",1,1,1994,0,0,1.67511874985658,18.4915,4.73076915740967,12.0157804489136,84.7735214233398,14.9174880981445,0,0,1133054,36.2228418933869,0.657868027472654,1.26031062950221,11.9513280037845,34.4951785175287,1.22521885471792,2.20113074928468,72.2180937536958,7,8,2,0,0,1,1,0,1,0,0,0,0,0,0,0,0,0,0,0,0,18,0,1,0,0,0,0,1,0,0,0,0,0,1,0,0,22.0147743225098,3.85362696647644,8.82745742797852,15.8877429962158,6,14,73,0,137,53.2846715328467
"735",33,"NH",1,1,1995,0,0,1.76151619582334,18.858,3.97692322731018,14.1407537460327,86.8496856689453,18.2789478302002,0,1,1145604,37.6280365236248,0.664889438235202,1.2941644756827,12.0231772933754,34.0094832071117,0.604743783017931,2.17178012646604,71.1048494942406,1,12,0,0,0,1,1,0,1,0,0,0,0,0,0,0,0,0,0,0,0,18,0,1,0,0,0,0,1,0,0,0,0,0,1,0,0,21.7993698120117,3.96566581726074,8.47100067138672,15.4395322799683,1,7,82,0,137,59.8540145985402
"736",33,"NH",1,1,1996,0,0,1.75573413464189,19.1138,3.82307696342468,10.4344291687012,86.4415740966797,16.1967887878418,0,0,1160768,39.0332311538627,0.699192258918233,1.36220157688703,12.0806224844241,33.466808182169,0.851189153807327,2.35706015327783,71.7559408943045,4,1,1,1,0,1,1,0,1,0,0,0,0,0,0,0,0,0,0,0,0,18,0,1,0,0,0,0,1,0,0,0,0,0,1,0,0,21.4928855895996,4.05884313583374,8.18434047698975,15.0477685928345,1,10,83,0,137,60.5839416058394
"737",33,"NH",1,1,1997,1,0,1.80270175130557,19.8238,3.32307696342468,11.6166934967041,85.1041107177734,15.8185110092163,0,1,1173239,40.4384257841007,0.712983458613292,1.43994531378517,12.0611401428013,33.252133623243,0.840774184869428,2.34393844732403,69.4462083173164,0,15,0,0,0,0,1,0,1,4,0,0.34093650142895,0.433333333333333,0,0,0,0,0,0,0,0,18,0,1,0,0,0,0,1,0,0,0,0,0,1,0,0,21.3065986633301,4.15393972396851,8.07667541503906,14.5016288757324,3,10,70,0,136,51.4705882352941
"738",33,"NH",1,1,1998,0,0,1.82826610716776,20.8893,2.82307696342468,10.7451219558716,83.9974975585938,15.0191440582275,0,0,1185823,41.8436204143386,0.71427186013427,1.51194571196545,12.0702668104768,33.3805298092548,0.331643609144741,2.45989494216253,68.6055170122354,1,3,0,0,0,0,1,0,1,0,0,0,0,0,0,4,1,0,0,0,0,18,0,1,0,0,0,0,1,0,0,0,0,0,1,0,0,21.2630805969238,4.21845197677612,8.13564491271973,13.8328609466553,0,4,84,0,154,54.5454545454545
"739",33,"NH",1,1,1999,0,0,1.84242557449877,21.2758,2.70769238471985,9.66596508026123,86.484504699707,14.2924680709839,2,1,1201134,43.2488150445765,0.752955124074416,1.62779506699502,12.0373746809265,33.5150782510528,0.572824861253635,2.55508544425518,65.2117082690191,2,10,1,0,0,0,0,1,1,0,0,0,0,0,0,0,0,0,0,0,0,18,0,1,0,0,0,0,1,0,0,0,0,0,1,0,0,21.0338020324707,4.20510721206665,8.26668071746826,13.2892913818359,0,7,64,0,137,46.7153284671533
"740",33,"NH",1,1,2000,0,1,1.82033451570391,22.6151,2.66153836250305,10.4745683670044,88.0864105224609,13.0489406585693,2,0,1239882,44.6540096748142,0.804915306456582,1.66927175327975,11.9673485057449,33.4060015388561,0.647361274524877,1.9961576988778,61.5042399196052,3,2,3,0,0,0,0,1,1,0,7,0,0,0,0,0,0,0,0,0,0,18,0,1,0,0,0,0,1,0,0,0,0,0,1,0,0,20.8007698059082,4.22999954223633,8.3752326965332,12.8717889785767,3,8,67,1,131,51.1450381679389
"741",33,"NH",1,1,2001,0,0,1.85103029270014,22.5382,3.43846154212952,13.0950899124146,89.339599609375,14.359302520752,0,1,1255517,44.9222372746378,0.878602201324235,1.83581743616375,11.8896040435932,33.4200174111541,0.716836171871826,2.15369445415713,58.3671905677104,3,14,1,1,0,0,1,0,1,0,0,0,0,0,0,0,0,0,0,0,0,18,0,1,0,0,0,0,1,0,0,0,0,0,1,0,0,20.55344581604,4.28707838058472,8.57949352264404,12.5013046264648,3,9,79,0,167,47.3053892215569
"742",33,"NH",1,1,2002,0,0,1.90766762614758,22.3743,4.46923065185547,13.9507217407227,90.2477111816406,13.5945453643799,0,0,1269089,45.1904648744614,0.928540078749402,1.99261044733663,11.8689075391876,33.4007307604116,0.393983400691362,1.98804023988861,53.2555242382528,0,2,0,0,0,0,1,0,1,0,0,0,0,0,0,0,0,0,0,0,0,18,0,1,0,0,0,0,1,0,0,0,0,0,1,0,0,20.2785625457764,4.36454820632935,8.7576208114624,12.1618738174438,3,5,66,0,132,50
"743",33,"NH",1,1,2003,0,0,1.9080510063758,22.3072,4.307692527771,11.0691165924072,92.0804595947266,12.0766592025757,0,1,1279840,45.4586924742849,0.976137642205276,2.11159207400925,11.9031285160645,33.276034504313,0.625078134766846,2.08619827478435,49.9867170896362,2,10,1,0,0,1,1,0,1,0,0,0,0,0,0,0,0,0,0,0,0,18,0,1,0,0,0,0,1,0,0,0,0,0,1,0,0,19.9303035736084,4.40180015563965,8.94393062591553,11.8981275558472,3,8,75,1,158,47.4683544303797
"744",33,"NH",1,1,2004,0,0,1.89207058872772,22.9857,3.76923084259033,11.9540233612061,90.7636947631836,12.1428813934326,0,0,1290121,45.7269200741085,1.0250201337704,2.23079850649668,12.0817349690455,33.0746495871318,0.85263320262208,2.04942017066616,52.3873342112872,1,2,0,0,0,1,1,0,1,0,0,0,0,0,0,0,0,0,0,0,0,18,0,1,0,0,0,0,1,0,0,0,0,0,1,0,0,19.5384769439697,4.43159961700439,9.10457229614258,11.5652713775635,1,11,57,0,133,42.8571428571429
"745",33,"NH",1,1,2005,0,0,1.91452854542038,22.8502,3.56153845787048,10.9461278915405,91.91162109375,13.2047843933105,0,1,1298492,45.9951476739321,1.06954836841505,2.34341066406262,12.1447802527855,32.9233449262683,0.616099290561667,2.38584450270005,49.2686901421033,0,17,0,0,0,0,1,0,1,0,0,0,0,0,0,0,0,0,0,0,0,18,0,1,0,0,0,0,1,0,0,0,0,0,1,0,0,19.1710071563721,4.50283861160278,9.24949836730957,11.2921762466431,1,8,79,0,162,48.7654320987654
"746",33,"NH",1,1,2006,0,1,2.03609171278572,23.4774,3.42307686805725,11.8260231018066,91.5686721801758,13.0476388931274,0,0,1308389,46.2633752737556,1.12634698090553,2.47158910690934,12.3719322005917,32.602612831505,0.917158429182758,2.44346291508107,47.8351621727178,7,1,0,1,0,0,1,0,1,0,4,0,0,0,0,0,0,0,0,0,0,18,0,1,0,0,0,0,1,0,0,0,0,0,1,0,0,18.8009834289551,4.52304315567017,9.27858638763428,11.0525999069214,1,12,69,0,151,45.6953642384106
"747",33,"NH",1,1,2007,0,0,2.18888567205571,23.7694,3.5230770111084,10.8756036758423,90.9327774047852,12.011812210083,1,1,1312540,46.5316028735792,1.15204108065278,2.57074070123577,12.6532524723056,32.2157039023573,0.457128925594649,2.48068630289363,46.2743992564036,1,6,0,0,1,0,0,0,1,0,0,0,0,0,0,0,0,0,0,0,0,18,0,1,0,0,0,0,1,0,0,0,0,0,1,0,0,18.4438571929932,4.48253011703491,9.28931713104248,10.9385614395142,1,6,71,0,158,44.9367088607595
"748",33,"NH",1,1,2008,0,0,2.14453008041608,23.4179,3.85384607315063,10.7593765258789,92.9404830932617,10.5276498794556,1,0,1315906,46.7998304734027,1.19605807709669,2.67511509180747,13.0220547668299,31.8293251949607,0.455959620216034,2.56325299831447,46.4136496071908,1,0,0,1,1,0,0,0,1,0,0,0,0,0,0,0,0,0,0,0,0,18,0,1,0,0,0,0,1,0,0,0,0,0,1,0,0,18.1302471160889,4.36596536636353,9.33311367034912,10.9195489883423,1,6,85,1,179,47.4860335195531
"749",33,"NH",1,1,2009,0,0,2.06366983714028,23.2004,6.22307682037354,11.4129390716553,93.0682754516602,10.2569990158081,1,1,1316102,47.0680580732263,1.22391729516405,2.76042434400981,13.3172808794455,31.474308222311,0.379909763832894,2.54767487626339,46.4067374717157,0,12,0,0,1,0,0,0,1,0,0,0,0,0,0,0,0,0,0,0,0,18,0,1,0,0,0,0,1,0,0,0,0,0,1,0,0,17.8527965545654,4.24655532836914,9.37495708465576,10.9098682403564,1,5,82,1,166,49.3975903614458
"750",33,"NH",1,1,2010,0,0,2.08580671575073,23.4243,5.83076906204224,12.4098625183105,93.0190811157227,11.2692594528198,1,0,1316517,47.3362856730499,1.25437043349991,2.80550877808642,13.6302075856218,31.0830775447639,0.607685704953398,2.61371482479907,45.3985782181316,1,2,0,1,1,0,0,0,1,0,0,0,0,0,0,0,0,0,0,0,0,18,0,1,0,0,0,0,1,0,0,0,0,0,1,0,0,17.5386257171631,4.16249847412109,9.3819522857666,11.0148220062256,4,8,102,2,196,52.0408163265306
"751",33,"NH",1,1,2011,0,0,2.03852640411377,24.0715,5.38461542129517,12.3579339981079,93.020866394043,10.5801391601562,0,1,1318109,47.6045132728734,1.30656872838286,2.92373392488785,13.9559019777575,30.7977564829616,0.758662599223585,2.63483520710351,44.8779273944719,2,24,1,1,0,0,1,0,1,0,0,0,0,0,0,0,0,0,0,0,0,18,0,1,0,0,0,0,1,0,0,0,0,0,1,0,0,17.2083644866943,4.07940483093262,9.50998783111572,11.16978931427,1,10,75,1,198,37.8787878787879
"752",33,"NH",1,1,2012,0,0,2.04496036848642,24.7667,5.49230766296387,11.895679473877,93.016227722168,9.95117378234863,0,0,1321297,47.872740872697,1.40468040115129,3.05555828856041,14.6997987583412,30.4008107185591,0.983881746496057,2.59820464286228,44.9709641359967,2,0,0,1,0,0,1,0,1,0,0,0,0,0,0,0,0,0,0,0,0,18,0,1,0,0,0,0,1,0,0,0,0,0,1,0,0,16.8418598175049,4.01840019226074,9.54055023193359,11.3108558654785,4,13,98,1,202,48.5148514851485
"753",33,"NH",1,1,2013,0,0,2.19564862363679,24.8759,5.09230756759644,11.4035968780518,93.1871032714844,10.8436088562012,2,1,1322616,48.1409684725206,1.45779273802827,3.18444658162309,15.3444385974463,30.0760008951956,0.529254144816031,2.59485746429803,44.836142916765,1,17,0,0,0,0,0,1,1,0,0,0,0,0,0,0,0,0,0,0,0,18,0,1,0,0,0,0,1,0,0,0,0,0,1,0,0,16.5516681671143,3.91738796234131,9.60694599151611,11.4653081893921,2,7,81,0,185,43.7837837837838
"754",33,"NH",1,1,2014,0,0,2.24221499186396,25.5046,4.30000019073486,12.5835580825806,94.7341384887695,10.3909406661987,2,0,1326813,48.4091960723441,1.48370569175913,3.28184906237729,15.907516733707,29.8118122146829,0.527579998085638,2.56328510498465,42.5161646742985,1,0,0,0,0,0,0,1,1,0,0,0,0,0,0,0,0,0,0,0,0,18,0,1,0,0,0,0,1,0,0,0,0,0,1,0,0,16.2791595458984,3.85487627983093,9.67777633666992,11.6129398345947,1,7,110,1,247,44.5344129554656
"755",34,"NJ",2,1,1989,0,0,2.35397267025693,21.7801,4.09999990463257,8.11673545837402,79.4178009033203,12.894495010376,2,0,7726088,85.7282940217962,13.6882951143463,9.33294849011596,13.1418418070935,33.9572585653331,2.67431805858462,4.28172705255234,16.6109938173109,0,10,NA,NA,0,1,0,1,1,0,0,0,0,0,0,0,0,0,0,7,0,18,18,1,0,1,0,1,0,0,1,0,0,0,0,1,0,19.4954414367676,3.97146606445312,10.4906034469604,17.5105628967285,28,207,213,6,503,42.3459244532803
"756",34,"NJ",2,1,1990,0,0,2.61474627692255,21.5506,5.05384588241577,8.76882934570312,79.9125289916992,12.1435260772705,1,1,7757158,85.7616916949497,13.9165271611072,9.7067508487,13.2758543786268,33.5223544499158,2.77927370209857,4.31266193108352,16.2063219545096,1,44,1,0,1,0,0,0,1,0,0,0,0,0,0,0,0,0,0,7,0,18,18,1,0,1,0,1,0,0,1,0.591780841350555,0.591780841350555,0,0,1,0,19.6455535888672,3.77574896812439,10.0894985198975,17.61789894104,18,215,206,1,567,36.331569664903
"757",34,"NJ",2,1,1991,0,0,2.86539429713953,20.9142,6.69999980926514,8.15562343597412,81.2226943969727,12.595235824585,1,0,7784269,86.4004850596971,14.0589437492461,10.0147618228507,13.4180871704202,33.3293209677106,2.89098122589117,4.28890625439588,16.0739563342428,0,10,0,0,1,0,0,0,1,0,0,0,0,0,0,0,0,0,0,7,0,18,18,1,0,1,0,1,0,0,1,1,1,0,0,1,0,19.9616470336914,3.70670509338379,9.60775566101074,17.4516124725342,15,226,179,1,513,34.8927875243665
"758",34,"NJ",2,1,1992,0,1,2.94694402109413,21.647,8.36153793334961,8.59597969055176,82.3693923950195,12.6213979721069,0,1,7827770,87.0392784244441,14.2053100691512,10.3306433377578,13.5288083323859,33.2535830766617,2.70227581101577,4.30607950923443,15.4931736624862,1,33,0,0,0,0,1,0,1,0,4,0,0,0,0,0,0,0,0,7,0,18,18,1,0,1,0,1,0,0,1,1,1,0,0,1,0,20.2587070465088,3.72588920593262,9.19019412994385,17.1536140441895,15,213,176,6,513,34.307992202729
"759",34,"NJ",2,1,1993,0,1,2.95140593057098,21.4788,7.59999990463257,9.09169387817383,82.0916290283203,11.9542169570923,0,0,7874891,87.6780717891913,14.3000074540714,10.6770620698115,13.6189567576237,33.2596349587569,2.86760530431518,4.32501224461393,15.0777959974303,1,16,1,0,0,0,1,0,1,0,6,0,0,0,0,0,0,0,0,7,0,18,18,1,0,1,0,1,0,0,1,1,1,0,0,1,0,20.5290412902832,3.73367929458618,8.89508819580078,16.7812080383301,10,228,208,1,558,37.2759856630824
"760",34,"NJ",2,1,1994,0,0,3.05993486888663,21.5108,6.8230767250061,9.62237167358398,83.8263244628906,11.9068212509155,0,1,7918796,88.3168651539384,14.3938800797495,10.9892842295723,13.6707777293417,33.2933693455419,2.71908191820503,4.34270563353318,14.5460244208842,0,47,0,0,0,1,1,0,1,0,0,0,0,0,0,0,0,0,0,7,0,18,18,1,0,1,0,1,0,0,1,1,1,0,0,1,0,20.7616729736328,3.79730939865112,8.61790180206299,16.3696136474609,11,218,187,11,578,32.3529411764706
"761",34,"NJ",2,1,1995,0,0,3.2451102080805,22.0619,6.40769243240356,9.61705875396729,85.4007873535156,11.6430063247681,0,0,7965523,88.9556585186856,14.4532003736603,11.3107576238246,13.713864111622,33.2398889564439,3.12919790247267,4.39054660943167,14.1252495284993,1,12,1,0,0,1,1,0,1,0,0,0,0,0,0,0,0,0,0,7,0,18,18,1,0,1,0,1,0,0,1,1,1,0,0,1,0,20.8606395721436,3.84710741043091,8.39778137207031,15.9854545593262,6,253,196,5,578,33.9100346020761
"762",34,"NJ",2,1,1996,0,0,3.40565299944167,22.4848,6.14615392684937,9.18043804168701,84.8671188354492,11.1804265975952,0,1,8009624,89.5944518834326,14.5113927944683,11.6500100379244,13.733041650894,33.0972964523678,2.46521562357997,4.39920775307305,13.5231067026367,2,45,1,0,0,1,1,0,1,0,0,0,0,0,0,0,0,0,0,7,0,18,18,1,0,1,0,1,0,0,1,1,1,0,0,1,0,20.8702621459961,3.87332081794739,8.2115478515625,15.6120624542236,10,201,170,5,586,29.0102389078498
"763",34,"NJ",2,1,1997,0,0,3.46714462978097,23.2232,5.2615385055542,9.37983703613281,84.7812576293945,10.6832389831543,0,0,8054178,90.2332452481799,14.5780239771209,11.9997596278602,13.6874427160661,32.9711983022973,2.32283573732644,4.57402356888561,13.1523043071559,2,9,1,0,0,1,1,0,1,0,0,0,0,0,0,0,0,0,0,7,0,18,18,1,0,1,0,1,0,0,1,1,1,0,0,1,0,20.7900466918945,3.88931107521057,8.13626480102539,15.2285709381104,11,191,189,5,586,32.2525597269625
"764",34,"NJ",2,1,1998,0,0,3.67375031838511,24.132,4.59230756759644,9.27252101898193,86.5293655395508,10.4539651870728,0,1,8095542,90.8720386129269,14.6560292071859,12.3160994038447,13.6621859289965,32.9075187306792,1.97757073040972,4.11757483316126,12.9950533268804,2,50,0,0,0,1,1,0,1,0,0,0,0,0,0,0,0,0,0,7,0,18,18,1,0,1,0,1,0,0,1,1,1,0,0,1,0,20.7601337432861,3.8805935382843,8.11070442199707,14.8404121398926,9,164,214,2,581,36.8330464716007
"765",34,"NJ",2,1,1999,0,0,3.84445733557384,24.4876,4.51538467407227,8.84915637969971,87.4307632446289,9.58983898162842,0,0,8143412,91.5108319776741,14.7042787470412,12.6148228776832,13.6092463453894,32.8574189786787,1.83023286303925,4.62631634012868,10.9855672290681,6,44,1,3,0,1,1,0,1,0,0,0,0,0,0,0,0,0,0,7,0,18,18,1,0,1,0,1,0,0,1,1,1,0,0,1,0,20.837739944458,3.88449573516846,8.07336044311523,14.4194831848145,8,153,195,5,563,34.6358792184725
"766",34,"NJ",2,1,2000,0,1,3.63413323882072,25.8319,3.70000004768372,9.32976722717285,87.2994079589844,9.5923900604248,0,1,8430621,92.149625342421,14.4093655734257,13.3905082436988,13.2181247383793,32.8370235122656,2.04412699733194,4.53193187073645,10.2821607091577,3,64,2,0,0,1,1,0,1,0,10,0,0,0,0,0,0,0,0,7,0,18,18,1,0,1,0,1,0,0,1,1,1,0,0,1,0,20.8631134033203,3.91424298286438,8.05966758728027,14.0727596282959,12,172,154,3,560,27.5
"767",34,"NJ",2,1,2001,0,0,3.4103522908164,25.7992,4.2615385055542,10.0445442199707,86.5596923828125,9.55210876464844,0,0,8492671,92.1589641930682,14.4311018288593,13.8205283119998,13.1272481884674,32.8896762867654,2.17834883748587,4.57064685538861,10.1447471590504,1,14,1,0,0,1,1,0,1,0,0,0,0,0,0,0,0,0,0,7,0,21,21,1,1,1,1,1,0,0,1,1,1,0,0,1,0,20.7999229431152,3.96069741249084,8.12905597686768,13.7162504196167,11,185,167,2,588,28.4013605442177
"768",34,"NJ",2,1,2002,1,0,3.27571254874078,25.5772,5.77692317962646,10.2595615386963,85.8893661499023,10.2513294219971,2,1,8552643,92.1683030437154,14.4410447156511,14.2511151231263,13.0471247309165,32.9117911270235,2.43199675234895,4.55192622912005,9.68285476197241,2,66,1,0,0,0,0,1,1,15,0,0.175384381179011,0.222222222222222,0,0,0,0,0,0,7,0,21,21,1,1,1,1,1,0,0,1,1,1,0,0,1,0,20.7214775085449,4.02632284164429,8.16399097442627,13.465615272522,28,208,176,1,553,31.8264014466546
"769",34,"NJ",2,1,2003,0,1,3.2050588962125,25.4257,5.83076906204224,9.38280868530273,86.1970520019531,8.89177417755127,2,0,8601402,92.1776418943626,14.4613633916889,14.6897331388534,13.0042753495302,32.9479775506365,2.98788499828284,4.63889491503827,9.47531576828987,3,14,1,0,0,0,0,1,1,0,4,0,0,0,0,0,0,15,1,7,0,21,21,1,1,1,1,1,0,0,1,1,1,0,0,1,0,20.6110000610352,4.10606336593628,8.23091411590576,13.2309827804565,10,257,183,0,588,31.1224489795918
"770",34,"NJ",2,1,2004,0,0,3.12708428372907,25.9017,4.83846139907837,10.172758102417,87.5625686645508,7.15563154220581,1,1,8634561,92.1869807450098,14.4809562408558,15.1107971789185,12.9630215131956,32.9437825501493,2.93008527011391,4.65512954277583,9.5909913659768,1,54,1,0,1,0,0,0,1,0,0,0,0,0,0,0,0,0,0,7,0,21,21,1,1,1,1,1,0,0,1,1,1,0,0,1,0,20.4507331848145,4.20658349990845,8.28646659851074,13.0140609741211,10,253,185,1,597,30.9882747068677
"771",34,"NJ",2,1,2005,0,0,3.12737879240044,26.0284,4.49230766296387,9.56342601776123,86.9438095092773,7.16596603393555,1,0,8651974,92.196319595657,14.4909127096314,15.526306482197,12.9525701302385,32.8529997894122,3.32872012791532,4.71684265348,9.41993122032036,0,10,0,0,1,0,0,0,1,0,0,0,0,0,0,0,0,0,0,7,0,21,21,1,1,1,1,1,0,0,1,1,1,0,0,1,0,20.1792907714844,4.34549379348755,8.32821464538574,12.8085680007935,5,288,136,1,536,25.3731343283582
"772",34,"NJ",2,1,2006,0,1,3.15931818761697,27.081,4.7153844833374,9.02954864501953,86.685905456543,7.60932207107544,1,1,8661679,92.2056584463042,14.5074644303951,15.9442528405867,12.9833488403345,32.7371171339875,3.47507682979247,4.20888375106027,9.99667616405549,0,56,0,0,1,0,0,0,1,0,5,0,0,0,0,0,0,0,0,7,0,21,21,1,1,1,1,1,0,0,1,1,1,0,0,1,0,19.9087619781494,4.40988397598267,8.41847133636475,12.6037921905518,14,301,173,3,585,29.5726495726496
"773",34,"NJ",2,1,2007,0,1,3.12276551256441,27.7202,4.29230785369873,9.84848880767822,87.7772827148438,6.83198547363281,1,0,8677885,92.2149972969515,14.5195862816804,16.3621320171908,13.0852045169992,32.6065740672987,3.18049847399453,4.80209175392391,9.5145303262258,1,18,1,0,1,0,0,0,1,0,4,0,0,0,0,0,0,0,0,7,0,21,21,1,1,1,1,1,0,0,1,1,1,0,0,1,0,19.6912956237793,4.40470218658447,8.51057624816895,12.5446119308472,3,276,165,0,596,27.6845637583893
"774",34,"NJ",2,1,2008,0,0,3.02947162754604,27.3276,5.33076906204224,9.41149425506592,88.6934204101562,6.85887861251831,1,1,8711090,92.2243361475987,14.5196066163936,16.8121899785216,13.2923089992182,32.4578898851923,2.80102719636693,4.30749768398673,9.21193559015003,5,55,3,1,1,0,0,0,1,0,0,0,0,0,0,0,0,0,0,7,0,21,21,1,1,1,1,1,0,0,1,1,1,0,0,1,0,19.5109558105469,4.32493543624878,8.62199783325195,12.5899858474731,9,244,175,0,615,28.4552845528455
"775",34,"NJ",2,1,2009,0,1,2.93149460197026,26.6169,9.06153869628906,9.9208984375,88.310676574707,6.93569421768188,1,0,8755602,92.2336749982459,14.5513923542893,17.3131442018493,13.4042296577665,32.3238424953533,2.61546835957139,4.75227174556358,9.16510366734349,2,18,2,0,1,0,0,0,1,0,17,0,0,0,0,0,0,0,0,7,0,21,21,1,1,1,1,1,0,0,1,1,1,0,0,1,0,19.3617992401123,4.26517772674561,8.69686603546143,12.6046047210693,6,229,173,0,557,31.0592459605027
"776",34,"NJ",2,1,2010,0,1,2.86179031712099,26.5387,9.51538467407227,10.0078029632568,89.4628829956055,5.37809276580811,1,1,8803580,92.2430138488931,14.5872588197074,17.7927729400994,13.5227486999607,32.1694128979347,2.95726950302176,4.54315176325995,8.67806051628996,3,51,0,1,1,1,0,0,1,0,4,0,0,0,0,0,0,0,0,7,0,21,21,1,1,1,1,1,0,0,1,1,1,0,0,1,0,19.2102756500244,4.21468305587769,8.7444543838501,12.6454582214355,5,260,187,0,719,26.0083449235049
"777",34,"NJ",2,1,2011,0,0,2.76162682211391,26.9294,9.31538486480713,8.97717094421387,89.9247970581055,5.47454309463501,1,0,8842614,92.2523526995403,14.6185618867905,18.2215349443049,13.6655970734446,31.995572802341,3.25695546588373,4.16777210901663,8.99496461114327,1,5,1,0,1,1,0,0,1,0,0,0,0,0,0,0,0,0,0,7,0,21,21,1,1,1,1,1,0,0,1,1,1,0,0,1,0,19.0497512817383,4.13312149047852,8.81269931793213,12.7346277236938,4,288,181,0,689,26.2699564586357
"778",34,"NJ",2,1,2012,0,0,2.65085624155025,27.1793,9.2846155166626,10.482928276062,89.4333038330078,5.84202527999878,1,1,8876000,92.2616915501875,14.6615592609283,18.6030419107706,14.0916741775575,31.7788530869761,3.10950878774223,4.27016674177557,8.74087426768815,0,45,0,0,1,1,0,0,1,0,0,0,0,0,0,0,0,0,0,7,0,21,21,1,1,1,1,1,0,0,1,1,1,0,0,1,0,18.8685894012451,4.05269289016724,8.85757064819336,12.7849254608154,1,276,160,1,683,23.4260614934114
"779",34,"NJ",2,1,2013,0,1,2.56275541429492,27.0083,8.14615345001221,10.3755435943604,89.3995208740234,5.55227375030518,1,0,8911502,92.2710304008347,14.7182708369476,18.974062958186,14.406157345866,31.5988370983926,3.3439929654956,3.58547863199716,8.70863295547709,10,78,5,0,1,1,0,0,1,0,4,0,0,0,0,0,0,0,0,7,0,21,21,1,1,1,1,1,0,0,1,1,1,0,0,1,0,18.6939640045166,3.99846172332764,8.90641117095947,12.8272094726562,3,298,194,5,757,25.6274768824306
"780",34,"NJ",2,1,2014,0,0,2.46370204208353,27.2599,6.64615392684937,9.60649299621582,89.8725967407227,5.42396306991577,1,1,8938175,92.2803692514819,14.7804781177366,19.3459179306738,14.6954271985053,31.4297605495529,2.96481104923544,4.33846954216045,8.46917855154995,0,79,0,0,1,1,0,0,1,0,0,0,0,0,0,0,0,0,0,7,0,21,21,1,1,1,1,1,0,0,1,1,1,0,0,1,0,18.54172706604,3.96936726570129,8.91866588592529,12.8485069274902,3,265,194,0,786,24.6819338422392
"781",35,"NM",8,4,1989,0,0,1.98884359151507,13.1251,6.70769214630127,11.1541090011597,74.5637435913086,14.8492097854614,1,1,1503889,42.6317536872941,2.07981190063609,38.1137931997505,10.5131884470427,40.2090708641312,4.91629346020028,2.65179145535342,98.0750574011779,NA,NA,NA,NA,1,1,0,0,1,0,0,0,0,0,0,0,0,0,0,0,0,0,0,0,0,0,0,0,1,0,0,0,0,0,0,0,1,25.2549304962158,4.58536815643311,10.3659992218018,17.0541172027588,10,74,193,4,298,64.7651006711409
"782",35,"NM",8,4,1990,0,0,2.0869340951213,13.1551,6.56923055648804,10.7695732116699,76.9654159545898,15.5447587966919,1,0,1519933,42.8886737171706,2.09075005279838,38.387021006847,10.740473428763,39.8164919111566,4.15644873020491,2.65011681435958,91.2941557292328,0,0,0,0,1,1,0,0,1,0,0,0,0,0,0,0,0,0,0,0,0,0,0,0,0,0,0,0,1,0,0,0,0,0,0,0,1,25.2848033905029,4.52235651016235,9.99478149414062,16.8094348907471,7,63,180,3,283,63.6042402826855
"783",35,"NM",8,4,1991,1,1,2.03798683355794,13.2238,7.1307692527771,11.4744091033936,77.4729080200195,15.9830751419067,1,1,1547115,43.340445119844,2.18038090251856,38.5346919912224,10.8487087255957,39.6336406795875,5.5272658094263,3.15425808682612,88.266224553443,0,0,0,0,1,0,0,0,1,7,23,0.452455053438174,0,0,0,0,0,0,0,0,0,0,0,0,0,0,0,0,1,0,0,0,0,0,0,0,1,25.1870861053467,4.50554704666138,9.85047912597656,16.4453277587891,9,86,183,6,283,64.6643109540636
"784",35,"NM",8,4,1992,0,1,2.02119247192788,13.4551,7.18461513519287,10.6424341201782,79.7397766113281,15.3565511703491,1,0,1580750,43.7922165225175,2.27910801834572,38.810058516527,10.9096947651431,39.5796931836154,4.88767741329072,3.18646212241025,58.4494701882018,0,1,0,0,1,0,0,0,1,0,9,0,0,7,1,0,0,0,0,0,0,0,0,0,0,0,0,0,1,0,0,0,0,0,0,0,1,25.0796337127686,4.57835531234741,9.76851558685303,15.9399719238281,8,78,193,8,303,63.6963696369637
"785",35,"NM",8,4,1993,0,1,2.09543777868734,13.6942,6.9769229888916,12.9235191345215,78.9990310668945,15.9240560531616,1,1,1614937,44.2439879251909,2.3444258197069,38.9166264690202,10.9747315220346,39.744460619826,4.88725410239164,2.9109494673786,69.8349223530082,0,3,0,0,1,0,0,0,1,0,8,0,0,0,0,0,0,0,0,0,0,0,0,0,0,0,0,0,1,0,0,0,0,0,0,0,1,25.1624698638916,4.64235734939575,9.7191915512085,15.3654890060425,8,80,183,2,287,63.7630662020906
"786",35,"NM",8,4,1994,0,0,2.18044926327428,13.874,6.48461532592773,11.2312107086182,79.3801651000977,14.8722248077393,1,0,1653329,44.6957593278645,2.39220385053429,38.9941747831194,10.9819037832156,39.5944182918221,6.41685684527116,2.75444270317644,67.8824359821911,1,10,1,0,1,0,0,0,1,0,0,0,0,0,0,0,0,0,0,0,0,0,9.57808208465576,0,0,0.504109561443329,0,0,1,0,0,0,0,0,0,0,1,24.8350868225098,4.7382960319519,9.73717308044434,14.9392118453979,8,108,196,6,303,64.6864686468647
"787",35,"NM",8,4,1995,0,1,2.31512163750129,14.1737,6.56923055648804,12.4123735427856,80.0008316040039,14.4202117919922,1,1,1682417,45.1475307305379,2.44451880835726,39.2179227860869,11.0344225004859,39.4390332479998,5.52128805257196,3.09911276455243,67.5908529217192,0,8,0,0,1,1,0,0,1,0,5,0,0,0,0,0,0,0,0,0,0,0,19,0,0,1,0,0,1,0,0,0,0,0,0,0,1,24.4871234893799,4.84092617034912,9.74579048156738,14.4897041320801,7,96,187,2,297,62.962962962963
"788",35,"NM",8,4,1996,0,1,2.57949032647169,14.1978,7.19999980926514,14.9736852645874,77.1483612060547,13.2993488311768,1,0,1706151,45.5993021332114,2.50857046064504,39.585769372113,11.1283233430101,39.143663134154,6.27450264584368,2.53611784654465,57.3020793587437,0,0,0,0,1,1,0,0,1,0,4,0,0,0,0,0,0,0,0,0,0,0,19,0,0,1,0,0,1,0,0,0,0,0,0,0,1,24.0625324249268,4.93321466445923,9.71919631958008,14.1019992828369,8,110,200,2,318,62.8930817610063
"789",35,"NM",8,4,1997,0,1,2.73137934657002,14.3867,6.31538438796997,14.0963315963745,77.9887619018555,13.7074527740479,1,1,1722939,46.0510735358848,2.57368368816307,39.9542293720207,11.2522846136747,39.1363826577726,5.18264310291602,2.87531943963193,62.0503685853068,0,1,0,0,1,1,0,0,1,0,5,0,0,0,0,0,0,0,0,0,0,0,19,0,0,1,0,0,1,0,0,0,0,0,0,0,1,23.9584541320801,5.03008985519409,9.67823028564453,13.6053466796875,12,92,173,3,300,57.6666666666667
"790",35,"NM",8,4,1998,0,1,2.81678766220469,14.8212,6.06923055648804,12.5113964080811,79.5906753540039,12.3207530975342,1,0,1733535,46.5028449385583,2.59348671933362,40.3230970242885,11.3668313590438,38.8826876872979,5.35006715448876,3.10175450740827,66.6597443951233,0,2,0,0,1,1,0,0,1,0,9,0,0,0,0,0,0,0,0,0,0,0,19,0,0,1,0,0,1,0,0,0,0,0,0,0,1,23.5762901306152,5.01615858078003,9.73624515533447,13.2686433792114,13,96,173,0,297,58.2491582491582
"791",35,"NM",8,4,1999,0,1,2.94624115725318,14.8292,5.57692289352417,11.9730834960938,80.9158706665039,12.3270120620728,1,1,1739844,46.9546163412318,2.63196010676819,40.7166964394509,11.493789098333,38.6142665664278,5.03295757603914,3.11522182448541,59.7697264812248,2,12,1,1,1,1,0,0,1,0,24,0,0,0,0,0,0,0,0,0,0,0,19,0,0,1,0,0,1,0,0,0,0,0,0,0,1,23.3055248260498,4.96393394470215,9.75757694244385,12.984974861145,11,91,180,2,318,56.6037735849057
"792",35,"NM",8,4,2000,0,1,2.88710106061704,15.4486,4.92307710647583,14.1178722381592,82.1501922607422,14.0633497238159,1,0,1821204,47.4063877439053,2.10053349322756,42.279063740251,11.7132951607837,37.6751313965926,5.44241322099606,2.9886822124265,59.9427631391102,0,3,0,0,1,1,0,0,1,0,5,0,0,0,0,0,0,0,0,0,0,0,19,0,0,1,0,0,1,0,0,0,0,0,0,0,1,22.9843006134033,4.9165825843811,9.77424812316895,12.7940635681152,10,99,175,1,327,53.5168195718654
"793",35,"NM",8,4,2001,0,1,2.99886989610687,16.1828,4.92307710647583,12.011342048645,81.1705780029297,13.6286373138428,1,1,1831690,48.0403230109166,2.14228390175193,42.7770528855865,11.8687660029809,37.5553177666526,3.65782419514219,2.3601155217313,61.0889397223329,2,15,0,0,1,1,0,0,1,0,8,0,0,0,0,0,0,0,0,0,0,0,19,0,0,1,0,0,1,0,0,0,0,0,0.504109561443329,0,0.495890408754349,22.5926322937012,4.89040184020996,10.0722827911377,12.5185480117798,9,67,188,1,362,51.9337016574586
"794",35,"NM",8,4,2002,0,0,3.11861797684375,16.2813,5.53846168518066,14.7221822738647,81.6377944946289,12.8607959747314,1,0,1855309,48.6742582779279,2.18184679748764,43.1663943849785,11.9280939185871,37.4005084867265,4.36584957007162,3.0507047613093,59.9296397527312,0,0,0,0,1,1,0,0,1,0,0,0,0,0,0,0,0,0,0,0,0,0,19,0,0,1,0,0,1,0,0,0,0,0,1,0,0,22.2352714538574,4.86420297622681,10.3010330200195,12.4680576324463,7,81,211,0,349,60.458452722063
"795",35,"NM",8,4,2003,0,0,3.22384097777238,16.2487,5.86153841018677,13.9806699752808,81.7381439208984,11.971568107605,1,1,1877574,49.3081935449395,2.20236326238007,43.54129317939,12.0327614251156,37.1766971634673,4.63363894046253,2.60762025890857,58.5585441639051,3,9,1,0,1,0,0,0,1,0,0,0,0,0,0,0,0,0,0,0,0,0,19,0,0,1,0,0,1,0,0,0,0,0,1,0,0,21.883825302124,4.7876672744751,10.5052051544189,12.4735431671143,18,87,211,1,343,61.5160349854227
"796",35,"NM",8,4,2004,0,0,3.28341933640367,16.5247,5.5,14.0974073410034,82.8712921142578,12.9016990661621,1,0,1903808,49.9421288119509,2.23709533734494,43.8448625071436,12.1018506067839,36.9300895888661,4.25463071906411,2.82223837697919,58.4029481964568,0,0,0,0,1,0,0,0,1,0,0,0,0,0,0,0,0,0,0,0,0,0,19,0,0,1,0,0,1,0,0,0,0,0,1,0,0,21.586841583252,4.73850297927856,10.6047458648682,12.5033092498779,8,81,196,0,356,55.0561797752809
"797",35,"NM",8,4,2005,0,1,3.33130808570627,16.9276,5.11538457870483,13.5915517807007,81.1892929077148,12.6051349639893,1,1,1932274,50.5760640789622,2.25511495781654,44.1979760634361,12.2663245481748,36.5134551311046,3.98494209413365,2.8655356331452,56.9008329046502,1,4,0,1,1,0,0,0,1,0,8,0,0,0,0,0,0,0,0,0,0,0,19,0,0,1,0,0,1,0,0,0,0,0,1,0,0,21.3043804168701,4.70704460144043,10.5020303726196,12.5435628890991,5,77,178,1,342,52.046783625731
"798",35,"NM",8,4,2006,0,1,3.35195758502082,17.2574,4.16923093795776,12.6880321502686,81.7725219726562,13.2619466781616,1,0,1962137,51.2099993459738,2.28342873102133,44.5763471154155,12.4523415031672,36.039889161664,3.72043338462095,2.41114662227969,52.987125771544,1,2,0,0,1,0,0,0,1,0,5,0,0,0,0,0,0,0,0,0,0,0,19,0,0,1,0,0,1,0,0,0,0,0,1,0,0,21.0580101013184,4.68560552597046,10.2962741851807,12.6109952926636,4,73,193,4,352,54.8295454545455
"799",35,"NM",8,4,2007,0,1,3.27526167421246,17.5214,3.75384616851807,12.9553470611572,84.2582702636719,12.205605506897,1,1,1990070,51.8439346129851,2.31122523328325,45.0505258608994,12.601215032637,35.7092966579065,3.91946011949328,2.83608114287437,53.2473732079776,1,9,0,0,1,0,0,0,1,0,15,0,0,0,0,0,0,0,0,0,0,0,19,0,0,1,0,0,1,0,0,0,0,0,1,0,0,20.9534339904785,4.60973739624023,10.146125793457,12.7000560760498,10,78,189,10,401,47.1321695760599
"800",35,"NM",8,4,2008,0,0,3.16960284722146,17.631,4.4538459777832,13.8856973648071,85.2742156982422,11.3788299560547,1,0,2010662,52.4778698799964,2.31446160518277,45.58523511162,12.8501956072179,35.4581227476324,4.27719825609675,2.86721487748811,47.8250446867748,0,3,0,0,1,0,0,0,1,0,0,0,0,0,0,0,0,0,0,0,0,0,19,0,0,1,0,0,1,0,0,0,0,0,1,0,0,20.9121170043945,4.5130410194397,10.0329647064209,12.7538595199585,2,86,195,5,419,46.5393794749403
"801",35,"NM",8,4,2009,0,1,3.10143057597155,17.2211,7.53076934814453,14.3110303878784,81.4423294067383,11.5986499786377,1,1,2036802,53.111805147008,2.35427891370884,46.0311802521796,13.0703426253509,35.2454485021126,4.51688480274469,3.24773836632132,46.2700841809857,0,5,0,0,1,0,0,0,1,0,13,0,0,0,0,0,0,0,0,0,0,0,19,0,0,1,0,0,1,0,0,0,0,0,1,0,0,20.9200019836426,4.38780975341797,9.93763732910156,12.8662481307983,3,92,192,7,376,51.063829787234
"802",35,"NM",8,4,2010,0,1,3.15697716651735,17.2831,8.10000038146973,14.149377822876,84.0068969726562,10.4499835968018,1,0,2064950,53.7457404140194,2.38925881982615,46.3898399476985,13.2741228601177,35.0366836969418,3.69079132994266,2.92016755853653,48.5948812319911,1,5,0,1,1,0,0,0,1,0,5,0,0,0,0,0,0,0,0,0,0,0,19,0,0,1,0,0,1,0,0,0,0,0,1,0,0,20.8480587005615,4.27419567108154,9.9144287109375,13.0173616409302,5,76,204,2,413,49.3946731234867
"803",35,"NM",8,4,2011,0,1,3.29964246656213,17.5562,7.56153869628906,14.8828182220459,83.8391876220703,11.6918172836304,1,1,2078407,54.3796756810307,2.42406804826966,46.7075505423144,13.556488214291,34.8838798175718,3.51230533769372,2.97391223181985,49.2988139474126,0,6,0,0,1,1,0,0,1,0,11,0,0,0,0,0,0,0,0,0,0,0,19,0,0,1,0,0,1,0,0,0,0,0,1,0,0,20.7142295837402,4.13773632049561,10.0319137573242,13.1588764190674,2,73,221,2,420,52.6190476190476
"804",35,"NM",8,4,2012,0,1,3.29176808529623,17.7156,7.12307691574097,14.9602193832397,84.310417175293,11.8416786193848,1,0,2084594,55.013610948042,2.45054912371426,47.0135191792742,14.154794650661,34.6752892889455,3.83767774444328,2.88929163184774,46.2555298537749,1,3,1,0,1,1,0,0,1,0,16,0,0,0,0,0,0,0,0,0,0,0,19,0,0,1,0,0,1,0,0,0,0,0,1,0,0,20.5243320465088,4.04150629043579,10.109450340271,13.2442092895508,1,80,230,4,442,52.0361990950226
"805",35,"NM",8,4,2013,0,1,3.27232563209936,17.5379,6.8923077583313,13.1431474685669,86.4060363769531,10.8013792037964,1,1,2086895,55.6475462150536,2.48479199959749,47.344643597306,14.707160638173,34.3965077303841,3.92928249864032,0.371844294993279,46.9084453218777,2,13,0,0,1,1,0,0,1,0,9,0,0,0,0,0,0,0,0,0,0,0,19,0,0,1,0,0,1,0,0,0,0,0,1,0,0,20.3186550140381,3.98031520843506,10.0975370407104,13.343843460083,2,82,222,6,431,51.508120649652
"806",35,"NM",8,4,2014,0,0,3.34488571960115,18.0455,6.53076934814453,13.3980350494385,87.484489440918,11.7776298522949,1,0,2085572,56.2814814820649,2.52525446256471,47.6680258461468,15.2886114696592,34.0618305193971,3.64408421286822,2.29193717598817,45.9955350378697,0,2,0,0,1,1,0,0,1,0,0,0,0,0,0,0,0,0,0,0,0,0,19,0,0,1,0,0,1,0,0,0,0,0,1,0,0,20.1022548675537,3.96543478965759,9.994140625,13.4110450744629,2,76,244,4,449,54.3429844097996
"807",36,"NY",2,1,1989,0,0,2.6633904043431,20.5928,4.9769229888916,8.51813507080078,76.6874465942383,11.8605279922485,2,1,17983094,78.4729471222421,16.8130133291813,12.0242505463463,12.9602769001631,35.0759669307073,8.84551736759623,3.4009164385172,42.1449723835064,4,106,0,0,0,0,0,1,1,0,0,0,0,0,0,0,0,0,0,0,0,0,16,0,0,0,0,1,0,1,0,0,0,0,0,1,0,19.9081611633301,3.9784836769104,11.1890888214111,17.4688014984131,50,1594,584,16,1519,38.4463462804477
"808",36,"NY",2,1,1990,0,1,2.94747694185172,20.8483,5.32307720184326,9.19732284545898,77.8592529296875,11.2532939910889,2,0,18002855,78.4640633046802,17.0587554029625,12.3770646378033,13.0320551934679,34.6622077442717,9.78860445426476,3.68102725928749,40.9441724659783,5,30,1,0,0,0,0,1,1,0,4,0,0,0,0,0,0,0,0,0,0,0,16,0,0,0,0,1,0,1,0,0,0,0,0,1,0,19.9596862792969,3.79978466033936,10.918176651001,17.4989280700684,33,1763,592,8,1553,38.1197681905988
"809",36,"NY",2,1,1991,0,0,3.12698077798137,19.9049,7.2384614944458,8.77881622314453,78.2390365600586,10.9928894042969,2,1,18029532,78.7881068110811,17.1436840401626,12.5949525478532,13.0956976587079,34.5508025388568,10.2919613218607,3.32681957579376,40.3902330909089,9,96,4,1,0,0,0,1,1,0,0,0,0,0,0,0,0,0,0,0,0,0,16,0,0,0,0,1,0,1,0,0,0,0,0,1,0,20.3624286651611,3.76627731323242,10.4981594085693,17.3526344299316,38,1867,579,17,1584,36.5530303030303
"810",36,"NY",2,1,1992,1,0,3.30709513178607,20.2915,8.60769271850586,9.35939884185791,79.037841796875,10.7559299468994,2,0,18082032,79.112150317482,17.2211563390663,12.8250685542421,13.1591792338383,34.4600374559673,9.76298678583574,3.61342132344418,42.6498526271826,1,44,1,0,0,0,0,1,1,4,0,0.0221214075940138,0.297222222222222,0,0,0,0,0,0,0,0,0,16,0,0,0,0,1,0,1,0,0,0,0,0,1,0,20.6534976959229,3.81969785690308,10.1312389373779,17.1289443969727,38,1782,597,15,1532,38.9686684073107
"811",36,"NY",2,1,1993,1,0,3.48119557944608,20.092,7.90769243240356,9.78782081604004,80.6748123168945,10.5577917098999,2,1,18140894,79.4361938238829,17.3122504326413,13.1123196023305,13.2058486202499,34.358973708793,9.60693910408275,3.61564319817976,41.8048305667846,3,133,1,0,0,0,0,1,1,6,0,0.0330744449529334,0.863888888888889,0,0,0,0,4,1,0,0,0,16,0,0,0,0,1,0,1,0,0,0,0,0,1,0,20.8565521240234,3.8410382270813,9.87154579162598,16.8828887939453,40,1770,577,18,1384,41.6907514450867
"812",36,"NY",2,1,1994,0,0,3.61625039682426,20.1242,6.9538459777832,10.046781539917,82.0452499389648,10.0967426300049,2,0,18156652,79.7602373302839,17.4177926635373,13.3986541131041,13.2465170340876,34.2407895464428,7.69921266075423,3.44766204694566,41.3105896395437,3,89,0,0,0,0,0,1,1,0,0,0,0,0,0,0,0,6,1,0,0,0,16,0,0,0,0,1,0,1,0,0,0,0,0,1,0,21.0439357757568,3.90414786338806,9.57218170166016,16.6085529327393,53,1422,592,9,1498,39.5193591455274
"813",36,"NY",2,1,1995,0,1,3.7253191682541,20.577,6.33846139907837,9.77436923980713,82.4535217285156,9.34734535217285,2,1,18150928,80.0842808366847,17.506878987124,13.6896636910245,13.326393008666,34.0576966643248,5.67604930566054,4.31432486537327,39.7613829992604,6,147,2,0,0,1,0,1,1,0,5,0,0,0,0,0,0,0,0,0,0,0,16,0,0,0,0,1,0,1,0,0,0,0,0,1,0,21.1422214508057,3.95167303085327,9.30050945281982,16.3356895446777,39,1052,522,11,1370,38.1021897810219
"814",36,"NY",2,1,1996,0,0,3.80829710195849,20.9564,6.2384614944458,10.2794933319092,81.6148910522461,9.44070625305176,2,0,18143805,80.4083243430856,17.564083167781,13.9364703269243,13.3476963624774,33.789902393682,4.69865620045478,4.06937795021496,39.9044742819932,3,36,2,0,0,1,0,1,1,0,0,0,0,0,0,0,0,0,0,0,0,0,16,0,0,0,0,1,0,1,0,0,0,0,0,1,0,21.1234664916992,3.98698973655701,9.08099460601807,16.0716762542725,38,875,488,10,1327,36.7746797287114
"815",36,"NY",2,1,1997,0,0,3.82556887479066,21.5613,6.43076944351196,10.3575630187988,79.9842834472656,8.96522045135498,2,1,18143184,80.7323678494865,17.6328531971015,14.2088014981273,13.3452265048957,33.6122149232461,3.74426749432655,4.40044040781375,39.0810124617597,3,184,0,1,0,1,0,1,1,0,0,0,0,0,0,0,0,0,0,0,0,0,16,0,0,0,0,1,0,1,0,0,0,0,0,1,0,21.0109424591064,4.02470541000366,9.04241371154785,15.7211036682129,23,699,487,16,1372,35.4956268221574
"816",36,"NY",2,1,1998,0,1,3.89323854194918,22.1514,5.6076922416687,10.9582252502441,81.4966583251953,9.17259120941162,2,0,18159175,81.0564113558873,17.6827912060983,14.4147517714874,13.3632502577898,33.4266286877019,3.00441761255659,4.54679246166194,38.1909420444486,5,62,2,0,0,1,0,1,1,0,4,0,0,0,0,0,0,0,0,0,0,0,16,0,0,0,0,1,0,1,0,0,0,0,0,1,0,20.7799396514893,4.02366065979004,9.15036010742188,15.3256416320801,15,564,504,10,1364,36.950146627566
"817",36,"NY",2,1,1999,0,0,3.9894263769371,22.6662,5.1769232749939,10.7746858596802,81.8955688476562,8.61660575866699,2,1,18196601,81.3804548622883,17.7091369976184,14.6218791080818,13.3521199920798,33.3011972950333,2.85975673532289,4.95779404076618,38.4051944646146,5,204,2,0,0,1,0,1,1,0,0,0,0,0,0,0,0,0,0,0,0,0,16,0,0,0,0,1,0,1,0,0,0,0,0,1,0,20.719425201416,4.02587556838989,9.24391460418701,14.8544874191284,23,540,439,6,1196,36.7056856187291
"818",36,"NY",2,1,2000,1,1,3.76538408506993,23.2927,4.5461540222168,10.5856666564941,82.5318069458008,7.85766553878784,2,0,19001780,81.7044983686892,17.6448680071025,15.2318151246883,12.9117482677939,33.9877369383289,3.17235193060538,4.55367865536808,36.6082545950958,4,63,1,0,0,1,0,1,1,5,12,0.026313324330668,0.477777777777778,0,0,0,0,0,0,0,0,3.5,16.8333339691162,0.16666667163372,0.16666667163372,0.16666667163372,0.16666667163372,1,0,1,0,0.16666667163372,0.16666667163372,0,0,1,0,20.6232738494873,4.04480504989624,9.31965827941895,14.4751014709473,23,602,450,6,1132,39.7526501766784
"819",36,"NY",2,1,2001,0,0,3.60879236096853,23.272,4.8230767250061,10.6771068572998,83.2060699462891,7.85710525512695,2,1,19082838,81.8001542629182,17.6210058482915,15.4714408831642,12.9059786599876,33.9302099614324,3.05510113328007,4.53899991185797,36.4104647327614,3,191,1,0,0,1,0,1,1,0,0,0,0,0,0,0,0,5,1,0,0,21,21,1,1,1,1,1,0,1,0,1,1,0,0,1,0,20.4194259643555,4.06553268432617,9.44525146484375,14.1798505783081,21,583,453,2,1253,36.1532322426177
"820",36,"NY",2,1,2002,0,1,3.51654840159266,22.8296,6.1538462638855,10.5527486801147,83.7042846679688,7.71634578704834,2,0,19137800,81.8958101571472,17.5945928999154,15.7131070446969,12.9189248502963,33.8055262360355,2.87389355098287,4.23193888534732,36.4032960946399,4,33,0,0,0,1,0,1,1,0,15,0,0,0,0,0,0,0,0,0,0,21,21,1,1,1,1,1,0,1,0,1,1,0,0,1,0,20.2038059234619,4.1053204536438,9.49639987945557,14.0008306503296,16,550,411,4,1228,33.4690553745928
"821",36,"NY",2,1,2003,1,0,3.44864467914713,22.8734,6.36153841018677,10.784140586853,84.1565704345703,7.42795085906982,2,1,19175939,81.9914660513762,17.5537479546634,15.9283203810776,12.9380626419389,33.6700382703554,3.07155753885116,3.78620311631154,33.4571360495045,3,166,0,0,0,1,0,1,1,4,0,0.0208594739480554,0.172222222222222,0,0,0,0,0,0,0,0,21,21,1,1,1,1,1,0,1,0,1,1,0,0,1,0,19.9478416442871,4.14227437973022,9.57992172241211,13.8533296585083,22,589,412,2,1169,35.2437981180496
"822",36,"NY",2,1,2004,0,0,3.36300105254829,23.6521,5.80000019073486,10.8938407897949,85.3981399536133,7.19452953338623,2,0,19171567,82.0871219456051,17.4985644105148,16.1295787663053,12.9787199971708,33.4977521660071,2.69148578204379,4.51543684457301,36.3391787431878,3,35,0,0,0,1,0,1,1,0,0,0,0,0,0,0,0,4,1,0,0,21,21,1,1,1,1,1,0,1,0,1,1,0,0,1,0,19.6583156585693,4.20027208328247,9.63916492462158,13.6896114349365,22,516,401,3,1187,33.7826453243471
"823",36,"NY",2,1,2005,0,0,3.30571730673442,24.1845,5.01538467407227,11.0516901016235,85.6981582641602,7.44036436080933,2,1,19132610,82.1827778398342,17.4735281804208,16.335460765677,13.036005019702,33.2950705627721,2.69173939154146,4.45260735466829,33.5329053380589,4,172,0,1,0,1,0,1,1,0,0,0,0,0,0,0,0,0,0,0,0,21,21,1,1,1,1,1,0,1,0,1,1,0,0,1,0,19.2784671783447,4.31714248657227,9.69946098327637,13.5054702758789,33,515,456,6,1189,38.3515559293524
"824",36,"NY",2,1,2006,0,1,3.29914773020217,25.2947,4.53076934814453,10.8906211853027,85.1352462768555,7.56478691101074,2,0,19104631,82.2784337340632,17.4518890210442,16.5558916055484,13.045151199204,33.1165307511043,2.98356979519782,4.50430055414313,32.8584729011516,8,54,4,1,0,1,0,1,1,0,5,0,0,0,0,0,0,0,0,0,0,21,21,1,1,1,1,1,0,1,0,1,1,0,0,1,0,18.9640617370605,4.36942768096924,9.78304195404053,13.4040956497192,12,570,412,2,1326,31.0708898944193
"825",36,"NY",2,1,2007,0,1,3.29112991174365,26.5023,4.56153869628906,10.5387296676636,85.1972351074219,6.51260375976562,2,1,19132335,82.3740896282922,17.4097254726096,16.8094223731709,13.158602961949,32.9791266983356,2.72836535634568,4.54476675220249,29.9999973866232,4,143,2,1,0,0,0,1,1,0,4,0,0,0,0,0,0,0,0,0,0,21,21,1,1,1,1,1,0,1,0,1,1,0,0,1,0,18.7000064849854,4.35493612289429,9.9241828918457,13.4066963195801,8,522,441,4,1396,31.5902578796562
"826",36,"NY",2,1,2008,0,0,3.20016680862333,26.0038,5.42307710647583,10.2917385101318,86.0040130615234,6.36109113693237,2,0,19212436,82.4697455225212,17.3902570189434,17.0982586487211,13.3208979850343,32.838079460616,2.64412071431233,4.30658558862603,31.8358379957648,5,49,0,0,0,0,0,1,1,0,0,0,0,0,0,0,0,0,0,0,0,21,21,1,1,1,1,1,0,1,0,1,1,0,0,1,0,18.5034103393555,4.25356769561768,10.0811004638672,13.5250053405762,11,508,429,7,1409,30.4471256210078
"827",36,"NY",2,1,2009,1,0,3.08265378074535,25.3884,8.33076953887939,10.8915433883667,86.8054962158203,6.86673355102539,1,1,19307066,82.5654014167502,17.3968846431664,17.3981121730252,13.426224367804,32.6876595335614,2.61562269482064,4.37767188448001,30.8173183848856,4,169,0,1,1,0,0,0,1,17,0,0.0880506649741602,1.00833333333333,0,0,0,0,0,0,0,0,21,21,1,1,1,1,1,0,1,0,1,1,0,0,1,0,18.3429012298584,4.15107107162476,10.1936874389648,13.6520900726318,12,505,422,2,1417,29.7812279463656
"828",36,"NY",2,1,2010,1,1,2.97259911116343,25.8307,8.60769271850586,11.2106609344482,87.0584106445312,6.17180824279785,1,0,19400867,82.6610573109792,17.4425452223347,17.6938484244029,13.5350085127639,32.4927695241661,2.71956458893652,4.29846769219128,30.7721299259461,1,57,0,0,1,0,0,0,1,4,8,0.0206176352840314,0.1,17,1,0,0,0,0,0,0,21,21,1,1,1,1,1,0,1,0,1,1,0,0,1,0,18.1874904632568,4.07293128967285,10.232346534729,13.7696685791016,13,527,459,4,1547,29.6703296703297
"829",36,"NY",2,1,2011,0,0,2.87095236619472,26.2315,8.307692527771,10.9774551391602,86.8863067626953,6.25893402099609,2,1,19521745,82.7567132052082,17.4767522063217,17.95084404596,13.6742642627491,32.2478651370561,2.38708168762577,4.19470697931973,34.6623214266962,8,134,2,3,0,0,0,1,1,0,0,0,0,0,0,0,0,4,1,0,0,21,21,1,1,1,1,1,0,1,0,1,1,0,0,1,0,18.0597286224365,3.95832443237305,10.2298126220703,13.9558019638062,9,466,505,3,1658,30.4583835946924
"830",36,"NY",2,1,2012,0,1,2.79607326718736,26.7671,8.50769233703613,10.8739051818848,86.5686264038086,6.72693681716919,2,0,19607140,82.8523690994372,17.4961570121905,18.1781075669374,14.0630811020883,31.99082069083,2.22367974115552,4.05031024412535,30.2040991189944,4,65,0,2,0,0,0,1,1,0,27,0,0,0,0,0,0,0,0,0,0,21,21,1,1,1,1,1,0,1,0,1,1,0,0,1,0,17.9354972839355,3.84763407707214,10.2076892852783,14.1095027923584,3,436,516,3,1708,30.2107728337237
"831",36,"NY",2,1,2013,1,0,2.7356252741718,26.5578,7.69230794906616,11.2537355422974,87.4523468017578,6.39018249511719,1,1,19695680,82.9480249936662,17.5551745357358,18.4009031422119,14.3777010999366,31.7122942696063,1.92935709759704,4.06906489138735,29.5192143657899,4,128,1,2,1,0,0,0,1,4,0,0.0203090220799688,0.658333333333333,0,0,0,0,0,0,0,0,21,21,1,1,1,1,1,0,0.202739730477333,0.797260284423828,1,1,0,0,1,0,17.8233814239502,3.75896644592285,10.1299476623535,14.2683372497559,2,380,465,3,1687,27.5637225844695
"832",36,"NY",2,1,2014,0,0,2.68577890854795,26.9835,6.3230767250061,10.3248310089111,87.6723861694336,5.96415662765503,1,0,19746227,83.0436808878952,17.6197812371953,18.5999634259244,14.6766974774472,31.4201188915736,1.88390420104053,3.98010212280047,29.2114032721289,3,29,0,1,1,0,0,0,1,0,0,0,0,4,1,0,0,0,0,0,0,21,21,1,1,1,1,1,0,0,1,1,1,0,0,1,0,17.7165946960449,3.69967889785767,10.0038452148438,14.4198331832886,10,372,474,6,1700,27.8823529411765
"833",37,"NC",5,3,1989,0,1,2.62982014381915,15.2075,3.5230770111084,10.6511335372925,71.3331680297852,13.6877031326294,1,1,6565468,37.5220993641307,22.007536704537,1.13749680335099,11.9626524663059,36.4200596850156,6.75201066209395,2.46105837390419,51.1093801690908,1,3,0,0,1,1,0,0,1,0,4,0,0,4,1,0,0,0,0,0,0,18,0,1,0,0,0,1,1,0,0,0,0,0,0,0,1,20.2404499053955,4.20964241027832,11.9700174331665,17.4352149963379,59,444,650,4,871,74.6268656716418
"834",37,"NC",5,3,1990,0,0,2.69371113388084,15.0847,4.09999990463257,10.4683694839478,71.019157409668,13.6126937866211,1,0,6656987,37.9092413719442,22.0747314062653,1.16405514987486,12.1080903417717,36.2310456667558,7.10031769022294,2.64248675864922,49.7346622428435,5,6,4,0,1,1,0,0,1,0,0,0,0,0,0,0,0,0,0,0,0,18,0,1,0,0,0,1,1,0,0,0,0,0,0,0,1,20.3217697143555,4.07499027252197,11.8154430389404,17.1936416625977,47,471,650,9,929,69.967707212056
"835",37,"NC",5,3,1991,1,0,2.76476389402405,14.8578,5.7846155166626,11.5548219680786,71.4159927368164,13.6318845748901,1,1,6748135,38.7906054163625,22.1278323566437,1.21826252735015,12.2442867547848,35.8678805329176,8.93013714981263,2.77291429409755,55.2960188259423,5,8,3,1,1,1,0,0,1,4,0,0.0592756368981948,0.175,0,0,0,0,0,0,0,0,18,0,1,0,0,0,1,1,0,0,0,0,0,0,0,1,20.2508296966553,3.92850828170776,11.5892477035522,17.059024810791,37,606,606,9,844,71.8009478672986
"836",37,"NC",5,3,1992,0,0,2.88033255999473,15.4656,6.0461540222168,11.6751308441162,74.1845092773438,13.1031541824341,1,0,6831850,39.6719694607805,22.1895679793906,1.30794733490929,12.3985889619942,35.7423977399972,7.68035131376032,3.18405702701318,52.6052240608327,0,1,0,0,1,1,0,0,1,0,0,0,0,4,1,0,0,0,0,0,0,18,0,1,0,0,0,1,1,0,0,0,0,0,0,0,1,20.3592491149902,3.91350769996643,11.3009395599365,16.7803268432617,53,530,621,8,860,72.2093023255814
"837",37,"NC",5,3,1993,1,0,3.04760967105449,15.6879,5.03076934814453,11.34690284729,74.8217849731445,13.1541090011597,1,1,6947412,40.5533335051987,22.2140992933772,1.39555563999947,12.5068154875513,35.5483308028947,8.71525378066715,3.01435987962136,51.4954345589408,5,16,3,2,1,0,0,0,1,4,0,0.0575753964209982,0.141666666666667,0,0,0,0,0,0,0,0,18,6.01643848419189,1,0,0.334246575832367,0,1,1,0,0,0,0,0,0,0,1,20.3919658660889,3.89187955856323,11.0256290435791,16.5663795471191,78,614,584,10,789,74.0177439797212
"838",37,"NC",5,3,1994,0,1,3.22477442511704,15.9589,4.38461542129517,11.5751962661743,75.8437957763672,13.2662487030029,1,0,7060959,41.4346975496167,22.202805596237,1.52244192325717,12.5707287069646,35.3096512810795,7.9552049640479,3.07621103592302,49.6387247114733,5,30,4,0,1,0,0,0,1,0,9,0,0,4,1,0,0,0,0,0,0,18,18,1,0,1,0,1,1,0,0,0,0,0,0,0,1,20.4312610626221,3.92740178108215,10.6481924057007,16.4238986968994,40,572,650,12,897,72.463768115942
"839",37,"NC",5,3,1995,0,1,3.68107397733989,16.2766,4.30000019073486,11.9666357040405,76.3333587646484,13.2157821655273,2,1,7185403,42.3160615940349,22.1713938661478,1.65566218067379,12.6029813498283,34.9852610911316,6.84593116232479,3.03518118607961,51.1619181276262,7,16,1,2,0,0,0,1,1,0,9,0,0,0,0,0,0,0,0,0,0,18,18,1,0,1,0,1,0.915068507194519,0.0849315077066422,0,0,0,0,0.0849315077066422,0,0.915068507194519,20.3648929595947,3.94047451019287,10.306679725647,16.3480224609375,49,503,609,3,908,67.0704845814978
"840",37,"NC",5,3,1996,0,0,4.09844029373022,16.5769,4.30000019073486,11.9916248321533,76.0315628051758,12.585958480835,2,0,7307658,43.1974256384528,22.1233122841819,1.8203643356052,12.5987423056744,34.6808786070722,5.96912311183179,3.20362556649476,50.3200888711541,0,2,0,0,0,0,0,1,1,0,0,0,0,0,0,0,0,0,0,0,0,18,18,1,0,1,0,1,0,1,0,0,0,0,1,0,0,20.3520488739014,3.93252873420715,9.96973609924316,16.2699737548828,48,448,666,7,908,73.3480176211454
"841",37,"NC",5,3,1997,0,1,4.19038557631835,17.0649,3.74615383148193,11.8100833892822,78.3824996948242,11.7399606704712,2,1,7428672,44.078789682871,22.0996834965927,1.98205008916802,12.5700394363892,34.6254216096767,5.86096307501889,3.2453983699913,47.6001632593282,11,20,5,0,0,0,0,1,1,0,8,0,0,0,0,0,0,0,0,0,0,18,18,1,0,1,0,1,0,1,0,0,0,0,1,0,0,20.368860244751,3.9443633556366,9.83394527435303,16.0237827301025,23,449,616,10,906,67.991169977925
"842",37,"NC",5,3,1998,0,0,4.21239392151531,17.7357,3.45384621620178,12.3771371841431,81.370246887207,13.7550039291382,2,0,7545828,44.960153727289,22.07004983416,2.14515888779866,12.5220850515013,34.6404794808469,5.79687296453619,3.26166989229015,50.9252264960187,0,1,0,0,0,0,0,1,1,0,0,0,0,0,0,0,0,0,0,0,0,18,18,1,0,1,0,1,0,1,0,0,0,0,1,0,0,20.3557357788086,3.90761017799377,9.89651679992676,15.6829175949097,43,453,559,7,857,65.2275379229872
"843",37,"NC",5,3,1999,0,1,4.12022864569916,18.032,3.19230771064758,11.2703943252563,79.7600173950195,12.4983291625977,1,1,7650789,45.8415177717072,22.038811944755,2.29658666576741,12.4806212797138,34.6424009340736,5.77404900846747,3.40540041033676,52.1571043195676,4,9,3,1,1,0,0,0,1,0,9,0,0,0,0,0,0,0,0,0,0,18,18,1,0,1,0,1,0,1,0,0,0,0,1,0,0,20.440372467041,3.86524152755737,9.96049880981445,15.3278484344482,25,459,567,5,884,64.1402714932127
"844",37,"NC",5,3,2000,0,1,3.85764526739337,18.3791,3.66923069953918,10.2994985580444,79.1765594482422,12.0823020935059,1,0,8081614,46.7228818161252,21.7984303630438,4.76648600143486,12.0333265112637,34.426105973386,5.68992658131197,3.34066932669638,50.0595549354374,1,3,0,1,1,0,0,0,1,0,8,0,0,0,0,0,0,0,0,0,0,18,18,1,0,1,0,1,0,1,0,0,0,0,1,0,0,20.4800682067871,3.86687612533569,10.0791625976562,15.0050468444824,28,458,621,3,971,63.9546858908342
"845",37,"NC",5,3,2001,0,0,3.86827382102239,18.2604,5.51538467407227,11.6679105758667,80.0182723999023,11.0503559112549,1,1,8210122,47.5383062128897,21.7834887228229,5.1731387182797,12.0129274571072,34.4513638165182,5.09127635374968,3.36608883522072,51.866464347302,3,12,1,0,1,0,0,0,1,0,0,0,0,0,0,0,0,0,0,0,0,18,18,1,0,1,0,1,0,1,0,0,0,0,1,0,0,20.5146045684814,3.89163517951965,10.0451250076294,14.7091598510742,32,418,632,5,997,63.3901705115346
"846",37,"NC",5,3,2002,0,0,3.90838510864679,18.0102,6.6538462638855,11.9477834701538,80.1246337890625,10.8637466430664,1,0,8326201,48.3537306096541,21.7936247275318,5.54794437463136,12.0244875183772,34.4178215250869,5.60880046013782,3.34510300676143,52.0207234968265,1,0,0,1,1,0,0,0,1,0,0,0,0,0,0,0,0,0,0,0,0,18,18,1,0,1,0,1,0,1,0,0,0,0,1,0,0,20.4851169586182,3.94920802116394,9.98349666595459,14.4376888275146,26,467,630,5,986,63.894523326572
"847",37,"NC",5,3,2003,0,1,3.94134711293,17.9898,6.37692308425903,11.5152893066406,81.3905487060547,10.4370222091675,2,1,8422501,49.1691550064186,21.8030012700503,5.88344245966845,12.0987222203951,34.2334658078402,4.70169133847535,3.37880636642251,51.4742592491233,5,14,1,2,0,0,0,1,1,0,8,0,0,0,0,0,0,0,0,0,0,18,18,1,0,1,0,1,0,1,0,0,0,0,1,0,0,20.4708557128906,3.99738740921021,9.76522254943848,14.1736402511597,32,396,619,6,955,64.8167539267016
"848",37,"NC",5,3,2004,0,1,4.03324996445755,18.5327,5.49230766296387,12.0717029571533,80.9491271972656,9.69274997711182,2,0,8553152,49.984579403183,21.8018924485383,6.24756814797632,12.1188305784815,34.2173037495417,4.80524606601169,3.45732193231221,50.6403954939653,7,5,2,1,0,0,0,1,1,0,4,0,0,0,0,0,0,0,0,0,0,18,18,1,0,1,0,1,0,1,0,0,0,0,1,0,0,20.3348197937012,4.0440878868103,9.8383960723877,13.9571704864502,23,411,608,10,1027,59.2015579357352
"849",37,"NC",5,3,2005,0,0,4.12375894659492,18.7855,5.23076915740967,13.0702304840088,83.9815216064453,10.0428018569946,1,1,8705407,50.8000037999475,21.7835421135393,6.6268239957075,12.1604883034188,34.1714408068457,5.18068827798631,3.43774851652542,49.8014624703934,7,15,2,0,1,0,0,0,1,0,0,0,0,0,0,0,0,0,0,0,0,18,18,1,0,1,0,1,0,1,0,0,0,0,1,0,0,20.2224998474121,4.15872573852539,9.79021453857422,13.6359510421753,27,451,632,4,1009,62.6362735381566
"850",37,"NC",5,3,2006,0,1,4.13938346601594,19.0511,4.74615383148193,13.4008989334106,84.2429962158203,10.5304431915283,1,0,8917270,51.6154281967119,21.7767096880548,7.00994811192215,12.3000088592136,34.1281916999261,4.92303137619473,3.43950558859382,49.1374602316628,1,1,0,0,1,0,0,0,1,0,4,0,0,0,0,0,0,0,0,0,0,18,18,1,0,1,0,1,0,1,0,0,0,0,1,0,0,20.0892200469971,4.20513248443604,9.83383941650391,13.370885848999,19,439,660,9,1106,59.6745027124774
"851",37,"NC",5,3,2007,0,1,4.13630697045866,19.2176,4.72307682037354,13.4958696365356,83.3108215332031,10.1931314468384,1,1,9118037,52.4308525934764,21.7785034212956,7.41857046642825,12.3852206346607,34.0303620176141,5.02301098361413,3.35938535893197,46.8969362594164,6,18,1,1,1,0,0,0,1,0,32,0,0,0,0,0,0,0,0,0,0,18,18,1,0,1,0,1,0,1,0,0,0,0,1,0,0,20.1133213043213,4.22490072250366,9.69214057922363,13.1788234710693,38,458,607,8,1077,56.3602599814299
"852",37,"NC",5,3,2008,0,1,4.15985951477902,18.8493,6.09999990463257,12.6703042984009,83.2817687988281,10.595874786377,1,0,9309449,53.2462769902411,21.8049639672552,7.82695087539553,12.5753629457554,33.9734822114606,5.01640859732944,3.44037547227553,47.3600532104532,3,3,1,0,1,0,0,0,1,0,10,0,0,0,0,0,0,0,0,0,0,18,18,1,0,1,0,1,0,1,0,0,0,0,1,0,0,20.0494785308838,4.14208173751831,9.78192138671875,13.1465892791748,13,467,669,8,1162,57.5731497418244
"853",37,"NC",5,3,2009,1,1,4.19818222339523,18.5025,10.5769233703613,13.2003564834595,85.3203735351562,9.59095096588135,1,1,9449566,54.0617013870055,21.8521464372015,8.15510468946404,12.7693695139015,33.8970382343485,4.30707611333685,3.42417842258576,48.7405453329814,7,33,2,1,1,0,0,0,1,8,4,0.0846599727437218,0.897222222222222,0,0,0,0,0,0,0,0,18,18,1,0,1,0,1,0,1,0,0,0,0,1,0,0,19.9911823272705,4.06235599517822,9.8435001373291,13.0925798416138,19,407,678,7,1174,57.7512776831346
"854",37,"NC",5,3,2010,0,1,4.19698209778599,18.4605,10.8538455963135,14.2887592315674,87.1785736083984,9.08419322967529,1,0,9559488,54.8771257837699,21.9005557619822,8.42434239155905,12.9901831562527,33.749035513199,3.94316680130414,3.42643873814162,49.7280816713196,2,3,0,0,1,0,0,0,1,0,8,0,0,8,1,0,0,0,0,0,0,18,18,1,0,1,0,1,0,1,0,0,0,0,1,0,0,19.878438949585,3.99637508392334,9.8742208480835,13.0803556442261,30,376,707,8,1174,60.221465076661
"855",37,"NC",5,3,2011,0,0,4.13521128628477,18.4375,10.2230768203735,13.8307514190674,87.0752487182617,9.46845531463623,0,1,9651502,55.6925501805342,21.9506974147651,8.55733128377324,13.2542375269673,33.5484362952005,3.9372110164822,3.42547719515574,51.1842612683497,5,17,2,1,0,0,1,0,1,0,0,0,0,0,0,0,0,0,0,0,0,18,18,1,0,1,0,1,0,1,0,0,0,0,1,0,0,19.7482624053955,3.9161262512207,9.88404750823975,13.0446844100952,38,380,728,6,1213,60.0164880461665
"856",37,"NC",5,3,2012,0,0,3.92770712812985,19.0678,9.22307682037354,13.533465385437,86.9079742431641,9.30135726928711,0,0,9748181,56.5079745772987,21.9972833906141,8.69710974796221,13.8273899510073,33.3798377358812,4.32901276658692,3.42145883421738,51.8589057794475,0,1,0,0,0,0,1,0,1,0,0,0,0,0,0,0,0,0,0,0,0,18,18,1,0,1,0,1,0,1,0,0,0,0,1,0,0,19.5620193481445,3.8522469997406,9.96557235717773,12.9750566482544,29,422,709,8,1286,55.1321928460342
"857",37,"NC",5,3,2013,0,1,3.75970271655249,18.8633,7.9153847694397,12.6475811004639,85.0758514404297,10.1047668457031,0,1,9848917,57.3233989740631,22.050993017811,8.85037410712264,14.2874084531325,33.1900350058793,4.18320105652225,3.40189687861112,52.97201712635,6,41,5,0,0,1,1,0,1,0,5,0,0,0,0,0,0,0,0,0,0,18,18,1,0,1,0,1,0,1,0,0,0,0,1,0,0,19.3574066162109,3.83376169204712,9.99886608123779,12.9621362686157,18,412,771,15,1284,60.0467289719626
"858",37,"NC",5,3,2014,0,0,3.72175522759334,19.0249,6.12307691574097,12.5483274459839,84.3170318603516,8.96019554138184,0,0,9943964,58.1388233708274,22.0876704702471,8.99315403796715,14.7160830429394,32.9389466816252,3.93203354316247,3.4714526319685,53.1614957576274,1,2,0,0,0,1,1,0,1,0,0,0,0,0,0,0,0,0,0,0,0,18,18,1,0,1,0,1,0,1,0,0,0,0,1,0,0,19.1496562957764,3.85474038124084,9.93454933166504,12.9953203201294,40,391,759,6,1351,56.180606957809
"859",38,"ND",4,2,1989,0,0,0.708605377974441,13.4668,4.307692527771,5.58583545684814,81.073127746582,14.7008123397827,2,1,646340,31.216020586331,0.550793699910264,0.718043135192004,13.9889005958155,38.5884540822878,0.774138809281615,1.87207971036916,134.286907819414,NA,NA,NA,NA,0,0,0,1,1,0,0,0,0,0,0,0,0,0,0,0,0,18,18,1,0,1,0,0,1,0,0,0,0,0,1,0,0,23.5090713500977,4.1989049911499,10.8775463104248,16.6436920166016,3,5,42,2,70,60
"860",38,"ND",4,2,1990,0,0,0.73270533007826,14.0183,4.01538467407227,6.0887279510498,79.8268280029297,12.9666433334351,2,0,637364,31.6740763932373,0.555569501885892,0.728626028454698,14.2954418511243,37.5915489422057,0.783300043081502,1.94551308200651,142.935590965288,0,1,0,0,0,0,0,1,0,0,0,0,0,0,0,0,0,0,0,0,0,18,18,1,0,1,0,0,1,0,0,0,0,0,1,0,0,22.6843967437744,4.11880493164062,10.784478187561,16.2933101654053,1,5,41,0,73,56.1643835616438
"861",38,"ND",4,2,1991,0,0,0.767897773411816,13.65,4.37692308425903,6.2137393951416,80.0663146972656,12.3520393371582,2,1,634199,32.1005180220544,0.575686811237482,0.806529180903786,14.4881969224171,37.6268332179647,0.628760775387788,2.08451921242386,142.55620081394,1,0,0,0,0,0,0,1,1,0,0,0,0,0,0,0,0,0,0,0,0,18,18,1,0,1,0,0,1,0,0,0,0,0,1,0,0,22.7976894378662,4.2143726348877,10.6456441879272,15.6472721099854,3,4,37,0,74,50
"862",38,"ND",4,2,1992,0,0,0.761692531164083,14.4696,4.74615383148193,6.88735914230347,80.0189056396484,13.4302215576172,2,0,635427,32.5269596508714,0.588895341242975,0.810793372015983,14.5694155268819,37.4409648944725,1.25278941392945,2.09937569539853,154.176640274965,0,0,0,0,0,0,0,1,0,0,0,0,0,0,0,0,0,0,0,0,0,18,18,1,0,1,0,0,1,0,0,0,0,0,1,0,0,22.6141967773438,4.34377956390381,10.5831346511841,15.0712213516235,7,8,39,2,65,60
"863",38,"ND",4,2,1993,0,0,0.764246448294098,14.169,4.29230785369873,8.0437068939209,81.3840103149414,13.8978872299194,2,1,637229,32.9534012796885,0.577657325702377,0.84082802257901,14.6025996933598,37.2851831915999,1.71477654123336,2.09500823094994,172.478025952993,1,2,0,0,0,1,0,1,1,0,0,0,0,0,0,0,0,0,0,0,0,18,18,1,0,1,0,0,1,0,0,0,0,0,1,0,0,22.4080505371094,4.44218492507935,10.5922183990479,14.5585889816284,0,11,50,1,79,63.2911392405063
"864",38,"ND",4,2,1994,0,0,0.808113017028207,14.905,3.72307705879211,7.17787599563599,82.2718048095703,12.6884651184082,2,0,639762,33.3798429085055,0.571618820748966,0.835935863649295,14.583391948881,37.0429941134359,0.465113394645615,2.11328587818595,171.524723256461,0,1,0,0,0,1,0,1,0,0,0,0,0,0,0,0,0,0,0,0,0,18,18,1,0,1,0,0,1,0,0,0,0,0,1,0,0,22.1318416595459,4.56774473190308,10.5601081848145,14.1404209136963,4,3,48,1,80,60
"865",38,"ND",4,2,1995,0,0,0.891593458322682,14.4614,3.23076915740967,7.83436441421509,81.5551147460938,12.0006723403931,0,1,641548,33.8062845373225,0.558181149345022,0.920585833016392,14.5948549446027,36.7099577895964,1.08021524060251,2.1993677791841,166.243211731624,4,4,1,0,0,1,1,0,1,0,0,0,0,0,0,0,0,0,0,0,0,18,18,1,0,1,0,0,1,0,0,0,0,0,1,0,0,21.7243041992188,4.6939640045166,10.5434741973877,13.8029613494873,1,7,61,0,94,64.8936170212766
"866",38,"ND",4,2,1996,0,1,1.03444306518702,15.6509,2.92307686805725,10.0505743026733,80.2035064697266,11.836594581604,0,0,642858,34.2327261661395,0.593754763882537,0.9874653500462,14.5364917291221,36.3008627099608,1.07599110309071,2.18866374844834,175.500654888016,0,1,0,0,0,1,1,0,0,0,4,0,0,0,0,0,0,0,0,0,0,18,18,1,0,1,0,0,1,0,0,0,0,0,1,0,0,21.2462825775146,4.77796125411987,10.581934928894,13.5349683761597,2,7,45,0,77,58.4415584415584
"867",38,"ND",4,2,1997,0,0,1.18418897097255,15.028,2.71538472175598,8.80580234527588,82.6063919067383,12.1837387084961,0,1,640945,34.6591677949566,0.586945837786394,1.06280570095718,14.4631754674738,36.170654268307,0.307715031263847,2.21547870722137,182.408787025408,2,1,1,0,0,1,1,0,1,0,0,0,0,0,0,0,0,0,0,0,0,18,18,1,0,1,0,0,1,0,0,0,0,0,1,0,0,20.8866634368896,4.8899827003479,10.7528524398804,13.0726346969604,0,2,50,1,80,62.5
"868",38,"ND",4,2,1998,0,0,1.34209668113288,16.2834,2.88461542129517,7.82479476928711,84.2685394287109,12.6819353103638,0,0,637808,35.0856094237736,0.616800040137471,1.09327571933874,14.5175350575722,36.1495936081078,0.772058880298447,2.28125078393498,173.749780498206,0,0,0,0,0,1,1,0,0,0,0,0,0,0,0,0,0,0,0,0,0,18,18,1,0,1,0,0,1,0,0,0,0,0,1,0,0,20.6306400299072,4.91991138458252,11.013973236084,12.5908832550049,1,5,40,0,72,55.5555555555556
"869",38,"ND",4,2,1999,0,0,1.46607203163812,16.1514,3.27692317962646,8.76563835144043,84.9038696289062,12.2260894775391,0,1,633666,35.5120510525907,0.649869173981246,1.14713429472309,14.5791315929843,36.0756297481639,1.08651955191934,2.32930281883516,184.109609794434,1,2,0,0,0,1,1,0,1,0,0,0,0,0,0,0,0,0,0,0,0,18,18,1,0,1,0,0,1,0,0,0,0,0,1,0,0,20.4228420257568,4.88623380661011,11.2474956512451,12.1822128295898,1,7,39,2,73,53.4246575342466
"870",38,"ND",4,2,2000,0,0,1.57159478710264,17.0682,2.9769229888916,9.27534103393555,85.4770431518555,12.6820516586304,0,0,642023,35.9384926814077,0.64904216827123,1.2202055066563,14.7323382495643,36.4233057071164,0.77857365306758,2.31300124761885,192.318655250669,0,0,0,0,0,1,1,0,0,0,0,0,0,0,0,0,0,0,0,0,0,18,18,1,0,1,0,0,1,0,0,0,0,0,1,0,0,20.1604919433594,4.83502912521362,11.4277839660645,11.8989505767822,2,5,35,1,68,51.4705882352941
"871",38,"ND",4,2,2001,0,0,1.7103191865578,17.025,2.93076920509338,9.16446971893311,87.0210494995117,11.7888660430908,0,1,639062,36.3449348236485,0.714797625269536,1.31082743145423,14.7473954013852,36.3927130700934,0.782396700163677,2.33623654668874,205.574732968006,3,5,1,1,0,1,1,0,1,0,0,0,0,0,0,0,0,0,0,0,0,18,18,1,0,1,0,0,1,0,0,0,0,0,1,0,0,19.6732082366943,4.75525045394897,11.9642534255981,11.638463973999,0,5,41,1,79,51.8987341772152
"872",38,"ND",4,2,2002,0,0,1.74092088603628,17.1306,3.73076915740967,9.49735832214355,89.0117034912109,11.9699087142944,0,0,638168,36.7513769658893,0.776441313259204,1.41013024783443,14.7282533752868,36.3424678141179,0.470095648794675,2.41629163480463,222.223615098219,0,0,0,0,0,1,1,0,0,0,0,0,0,0,0,0,0,0,0,0,0,18,18,1,0,1,0,0,1,0,0,0,0,0,1,0,0,19.3585395812988,4.63153886795044,12.3523902893066,11.4692373275757,2,3,53,0,91,58.2417582417582
"873",38,"ND",4,2,2003,0,0,1.83933740022573,18.2713,3.73076915740967,8.01508808135986,89.6831436157227,11.2086038589478,0,1,638817,37.1578191081303,0.826058166892866,1.52062327708874,14.678382071861,36.3423327807494,1.8784722385284,2.45610245187589,228.563109622944,1,2,0,0,0,1,1,0,1,0,0,0,0,0,0,0,0,0,0,0,0,18,18,1,0,1,0,0,1,0,0,0,0,0,1,0,0,19.07275390625,4.47170305252075,12.7978744506836,11.4157886505127,1,12,41,2,81,50.6172839506173
"874",38,"ND",4,2,2004,0,0,1.99005746814435,17.9458,3.43076920509338,8.4877872467041,89.5185775756836,11.6104612350464,0,0,644705,37.5642612503711,0.906461094609162,1.60678139614242,14.6282408233223,36.3231245298237,0.93065820801762,2.5034705795674,219.970374047045,0,1,0,0,0,1,1,0,0,0,0,0,0,0,0,0,0,0,0,0,0,18,18,1,0,1,0,0,1,0,0,0,0,0,1,0,0,18.7980556488037,4.3331446647644,13.1919250488281,11.4792032241821,1,6,41,2,73,56.1643835616438
"875",38,"ND",4,2,2005,0,1,2.09878205634208,18.3853,3.39999985694885,8.72585201263428,90.0063629150391,9.89345645904541,0,1,646089,37.970703392612,0.987480053057706,1.67113199574672,14.5422689443714,36.1236609816914,0.464332313350018,2.46250903513293,225.990536907454,3,3,0,0,0,1,1,0,1,0,9,0,0,0,0,0,0,0,0,0,0,18,18,1,0,1,0,0,1,0,0,0,0,0,1,0,0,18.6273097991943,4.29816961288452,13.1981821060181,11.4984159469604,2,3,56,0,92,60.8695652173913
"876",38,"ND",4,2,2006,0,0,2.11572752385968,18.5326,3.21538472175598,8.92753601074219,88.740837097168,10.3637542724609,0,0,649422,38.377145534853,1.0329185029149,1.73985482475186,14.533231088568,35.9277942539674,0.153983080339132,2.49298607069055,226.724687491338,0,0,0,0,0,1,1,0,0,0,0,0,0,0,0,0,0,0,0,0,0,18,18,1,0,1,0,0,1,0,0,0,0,0,1,0,0,18.4665756225586,4.21990633010864,13.2413129806519,11.631573677063,1,1,41,3,90,45.5555555555556
"877",38,"ND",4,2,2007,0,0,2.12768564784888,19.8137,3.11538457870483,9.47444534301758,90.2433013916016,9.37111568450928,0,1,652822,38.7835876770938,1.07012324952284,1.82270205354599,14.5105403923275,35.2655088217002,0.765905560780733,2.54893370627828,228.115780411812,2,2,0,1,0,1,1,0,1,0,0,0,0,0,0,0,0,0,0,0,0,18,18,1,0,1,0,0,1,0,0,0,0,0,1,0,0,18.4284534454346,4.12945652008057,12.7075986862183,12.2263040542603,2,5,49,1,95,51.5789473684211
"878",38,"ND",4,2,2008,0,0,2.18075973776136,21.5887,3.16923069953918,8.87638664245605,89.6719512939453,10.3516178131104,0,0,657569,39.1900298193347,1.11395153968633,1.91006571173519,14.5665321814137,34.942188576408,0,2.54421969405492,232.205289482929,0,1,0,0,0,1,1,0,0,0,0,0,0,0,0,0,0,0,0,0,0,18,18,1,0,1,0,0,1,0,0,0,0,0,1,0,0,18.4414100646973,3.98391652107239,12.5168609619141,12.5703916549683,2,0,55,1,86,63.953488372093
"879",38,"ND",4,2,2009,0,0,2.20912886033614,21.21,4.13846158981323,9.46147537231445,90.3693161010742,9.38530540466309,0,1,664968,39.5964719615755,1.22802901793771,1.99648704900085,14.5228041048592,34.540158323408,0.751915881666486,2.60914810938271,235.6699871272,5,5,1,0,0,1,1,0,1,0,0,0,0,0,0,0,0,0,0,0,0,18,18,1,0,1,0,0,1,0,0,0,0,0,1,0,0,18.4723167419434,3.88575100898743,12.182089805603,13.1176233291626,3,5,50,0,90,55.5555555555556
"880",38,"ND",4,2,2010,0,0,2.20361980885155,22.5449,3.79230761528015,10.2516050338745,91.2108459472656,10.1000118255615,0,0,674345,40.0029141038164,1.26241019062943,2.04702340789952,14.4655925379442,34.3402857587733,1.18943012915724,2.72857365295212,241.974063721092,0,1,0,0,0,1,1,0,0,0,0,0,0,0,0,0,0,0,0,0,0,18,18,1,0,1,0,0,1,0,0,0,0,0,1,0,0,18.5130748748779,3.75772047042847,12.0694894790649,13.5481100082397,1,8,56,0,106,52.8301886792453
"881",38,"ND",4,2,2011,0,0,2.12333744866777,24.1745,3.4769229888916,10.2779226303101,91.965087890625,9.75515365600586,0,1,685242,40.4093562460573,1.39994337766804,2.25059176174257,14.4100916172681,34.5003662939516,1.1674707621541,2.72020687581905,228.978959258189,5,4,0,1,0,1,1,0,1,0,0,0,0,0,0,0,0,0,0,0,0,18,18,1,0,1,0,0,1,0,0,0,0,0,1,0,0,18.5820484161377,3.66469073295593,12.2536268234253,13.8247509002686,2,8,51,0,106,48.1132075471698
"882",38,"ND",4,2,2012,1,1,2.09062212753222,27.8611,3.06923079490662,9.23203277587891,93.1278457641602,9.01528167724609,0,0,701705,40.8157983882983,1.59155200547239,2.56703315495828,14.372278949131,34.923222721799,1.14008023314641,2.80459737354016,219.532424594381,0,0,0,0,0,1,1,0,0,4,6,0.570040116573204,0.00833333333333333,0,0,0,0,0,0,0,0,18,18,1,0,1,0,0,1,0,0,0,0,0,1,0,0,18.7965030670166,3.59196519851685,12.5347547531128,14.0862617492676,1,8,63,0,105,60
"883",38,"ND",4,2,2013,0,0,2.1330179855966,25.9336,2.91538453102112,9.75433540344238,93.5000991821289,8.92143154144287,0,1,723857,41.2222405305392,1.86680518389682,2.91576927487059,14.2131664127031,35.3982899937419,0.828892999584172,2.75192475861945,215.584017285182,10,14,3,0,0,1,1,0,1,0,0,0,0,0,0,4,1,0,0,0,0,18,18,1,0,1,0,0,1,0,0,0,0,0,1,0,0,19.0214366912842,3.5613386631012,12.8155145645142,14.345513343811,2,6,76,2,128,59.375
"884",38,"ND",4,2,2014,0,0,2.22723473999367,26.3693,2.76923084259033,10.677149772644,94.7060089111328,8.32684707641602,0,0,739482,41.6286826727801,2.10349947666069,3.16965118826422,14.1988581196026,35.4949816222707,0.811378775953979,2.91690669955455,201.679013147041,0,0,0,0,0,1,1,0,0,0,0,0,0,0,0,0,0,0,0,0,0,18,18,1,0,1,0,0,1,0,0,0,0,0,1,0,0,19.2626724243164,3.52719879150391,12.7051095962524,14.6004905700684,1,6,85,3,137,62.043795620438
"885",39,"OH",3,2,1989,0,1,2.63176849302166,16.2006,5.56153869628906,9.60906791687012,77.6222381591797,14.8963661193848,2,1,10829220,61.2890489979606,10.6103306154113,1.27014582478586,12.7952627389013,36.6580815536792,3.12880400036512,2.09110166752545,45.9650833578042,0,17,NA,NA,0,0,0,1,1,0,12,0,0,0,0,0,0,0,0,0,0,21,0,1,1,0,0,0,1,0,0,0,0,0,0,0,1,21.7027759552002,4.26978588104248,10.6856470108032,16.7465896606445,45,340,736,10,1235,59.5951417004049
"886",39,"OH",3,2,1990,0,0,2.87060098581851,16.2216,5.6307692527771,9.07243251800537,78.5971069335938,14.6840543746948,2,0,10861837,61.3709175204651,10.7024161750908,1.29316063203674,12.9749231184375,36.0887665686753,3.81563514564943,2.25569579068439,45.2496202990341,1,0,0,0,0,0,0,1,1,0,0,0,0,0,0,0,0,0,0,0,0,21,0,1,1,0,0,0,1,0,0,0,0,0,0,0,1,21.4487495422363,4.12608003616333,10.5175342559814,16.567720413208,42,416,705,9,1188,59.3434343434343
"887",39,"OH",3,2,1991,0,1,3.08980971919526,15.782,6.4769229888916,10.4950695037842,79.4393692016602,14.3508358001709,2,1,10933683,61.6737120025354,10.8145443763094,1.32254611735131,13.0950110772372,35.9203207190112,4.0452542501651,2.36580848374697,45.72146457877,1,5,0,0,0,1,0,1,1,0,4,0,0,0,0,0,0,0,0,0,0,21,0,1,1,0,0,0,1,0,0,0,0,0,0,0,1,21.5675888061523,4.07666444778442,10.2946605682373,16.2322368621826,60,443,768,7,1237,62.0856911883589
"888",39,"OH",3,2,1992,0,0,3.36685287422546,16.2154,7.3923077583313,10.4620084762573,81.4137573242188,14.0328121185303,2,0,11007609,61.9765064846056,10.9457557949233,1.35669789869898,13.1942459075354,35.786109408501,3.98867759473676,2.40669885712692,48.437857849057,0,3,0,0,0,1,0,1,1,0,0,0,0,0,0,0,0,0,0,0,0,21,0,1,1,0,0,0,1,0,0,0,0,0,0,0,1,21.6342887878418,4.10916042327881,10.0824060440063,15.806227684021,59,440,714,11,1194,59.7989949748744
"889",39,"OH",3,2,1993,0,0,3.56889123549,16.2995,6.63846158981323,10.7858581542969,82.7708282470703,13.9532480239868,2,1,11070385,62.2793009666757,11.0600128179824,1.39182151298261,13.2981553938729,35.5972624258325,3.85457828887164,2.24337274629563,47.6348383547636,0,10,0,0,0,1,0,1,1,0,0,0,0,0,0,0,0,0,0,0,0,21,0,1,1,0,0,0,1,0,0,0,0,0,0,0,1,21.603141784668,4.12200927734375,9.92760181427002,15.4103899002075,65,428,727,9,1155,62.9437229437229
"890",39,"OH",3,2,1994,0,1,3.71454637202648,16.6902,5.5846152305603,10.2260541915894,82.0755004882812,13.9039154052734,2,0,11111451,62.5820954487459,11.1628895272094,1.42571838727453,13.353755508619,35.4202524944762,3.75618167548114,2.50948323490784,48.073649427064,0,6,0,0,0,1,0,1,1,0,4,0,0,0,0,0,0,0,0,0,0,21,0,1,1,0,0,0,1,0,0,0,0,0,0,0,1,21.5699520111084,4.21268701553345,9.71126174926758,15.0616092681885,50,419,691,4,1101,62.7611262488647
"891",39,"OH",3,2,1995,0,0,3.88015124029032,16.9161,4.80000019073486,10.4470329284668,83.3513031005859,13.2563772201538,0,1,11155493,62.8848899308161,11.2573061540176,1.47001123123828,13.4145931515532,35.1247497533278,3.00750564532013,2.1841257934544,48.3579703738777,1,14,1,0,0,1,1,0,1,0,0,0,0,0,0,0,0,0,0,0,0,21,0,1,1,0,0,0,1,0,0,0,0,0,0,0,1,21.3989486694336,4.30839729309082,9.50566482543945,14.7980613708496,59,337,634,16,1077,58.8672237697307
"892",39,"OH",3,2,1996,0,0,4.05987933171193,17.1532,5.01538467407227,10.4319763183594,84.9411697387695,13.2093191146851,0,0,11187032,63.1876844128864,11.3549956771376,1.51087437668901,13.4266979838799,34.8348963335405,2.86351704099445,2.62813228745569,48.147086733997,1,1,1,0,0,1,1,0,1,0,0,0,0,0,0,0,0,0,0,0,0,21,0,1,1,0,0,0,1,0,0,0,0,0,0,0,1,21.2711544036865,4.37580347061157,9.29325008392334,14.5917749404907,62,322,606,11,1054,57.4952561669829
"893",39,"OH",3,2,1997,0,1,4.20022371464414,17.7068,4.63846158981323,11.2793893814087,86.1593856811523,13.7650985717773,0,1,11212498,63.4904788949566,11.4459953526859,1.55451532744978,13.400136169478,34.7730719773595,2.5799944570016,2.73311085540439,47.1530072959656,1,7,0,0,0,1,1,0,1,0,4,0,0,0,0,0,0,0,0,0,0,21,0,1,1,0,0,0,1,0,0,0,0,0,0,0,1,21.2609748840332,4.43099403381348,9.19557666778564,14.2539072036743,46,291,615,7,1126,54.6181172291297
"894",39,"OH",3,2,1998,0,0,4.29205058093469,18.3943,4.3230767250061,11.7356491088867,86.2297897338867,13.499641418457,0,0,11237752,63.7932733770268,11.5108430938857,1.59894968317507,13.3765632129985,34.734233323533,2.37727557855729,2.79539893743873,47.610322776299,1,4,1,0,0,1,1,0,1,0,0,0,0,0,0,0,0,0,0,0,0,21,0,1,1,0,0,0,1,0,0,0,0,0,0,0,1,21.2068996429443,4.39753723144531,9.2476921081543,13.9124956130981,45,269,642,7,1108,57.942238267148
"895",39,"OH",3,2,1999,0,0,4.23269650110948,18.5742,4.29230785369873,11.8232049942017,86.0833587646484,11.9405460357666,0,1,11256654,64.096067859097,11.5853787457623,1.64260178912846,13.3355435816007,34.7291921738023,2.25840094274124,2.58984597021459,46.1945441336298,0,9,0,0,0,1,1,0,1,0,0,0,0,0,0,0,0,0,0,0,0,21,0,1,1,0,0,0,1,0,0,0,0,0,0,0,1,21.1837825775146,4.34029388427734,9.28831768035889,13.582667350769,34,256,626,11,1102,56.8058076225045
"896",39,"OH",3,2,2000,0,1,4.07768950229695,18.8811,3.97692322731018,11.8067436218262,86.9520263671875,12.866382598877,0,0,11363543,64.3988623411673,11.6299467516425,1.93159827001139,13.2828907322303,34.7530959314362,2.22845838243869,2.89891981752522,39.5079245971085,0,6,0,0,0,1,1,0,1,0,5,0,0,0,0,0,0,0,0,0,0,21,0,1,1,0,0,0,1,0,0,0,0,0,0,0,1,21.0806694030762,4.3214864730835,9.35093879699707,13.2986783981323,35,253,584,11,1088,53.6764705882353
"897",39,"OH",3,2,2001,0,0,4.00064843576288,18.864,4.29230785369873,12.1627998352051,88.2356262207031,12.9580554962158,0,1,11387404,64.4901453416818,11.7265357407184,2.04171205307197,13.2596595325853,34.7560515109502,2.7749959516673,2.8538550138381,37.0742971795854,1,10,0,1,0,1,1,0,1,0,0,0,0,0,0,0,0,0,0,0,0,21,0,1,1,0,0,0,1,0,0,0,0,0,0,0,1,20.9491558074951,4.32546329498291,9.48143196105957,13.0076351165771,26,316,671,8,1219,55.045118949959
"898",39,"OH",3,2,2002,0,1,3.98522461079346,18.8697,5.73076915740967,12.6114053726196,87.2935180664062,11.5775136947632,0,0,11407889,64.5814283421963,11.8167261269811,2.15044168119097,13.2518996284063,34.6796063671377,3.09434988366384,2.94717103225671,37.4176151258134,3,5,1,0,0,1,1,0,1,0,4,0,0,0,0,0,0,0,0,0,0,21,0,1,1,0,0,0,1,0,0,0,0,0,0,0,1,20.7747020721436,4.34540510177612,9.55949878692627,12.825291633606,19,353,675,12,1287,52.4475524475524
"899",39,"OH",3,2,2003,0,0,3.95389927648855,18.9202,6.2384614944458,11.9973459243774,87.2461242675781,10.730320930481,0,1,11434788,64.6727113427108,11.8919563703324,2.26159855346684,13.2845138886703,34.557579904411,2.80722301104314,2.76174774731285,37.2540356672988,1,12,1,0,0,1,1,0,1,0,0,0,0,0,0,0,0,0,0,0,0,21,0,1,1,0,0,0,1,0,0,0,0,0,0,0,1,20.591287612915,4.3289213180542,9.63737106323242,12.7082023620605,21,321,572,6,1074,53.2588454376164
"900",39,"OH",3,2,2004,1,0,3.91119614825068,19.1088,6.26923084259033,12.8370819091797,88.057861328125,11.5941743850708,0,0,11452251,64.7639943432253,11.9604521416794,2.37331508015324,13.2925134106823,34.3657329899598,2.9688486569147,2.44702984592287,37.27267242047,2,9,1,0,0,1,1,0,1,4,0,0.03492763125782,0.111111111111111,0,0,0,0,0,0,0,0,21,0,1,1,0,0,0,1,0,0,0,0,0,0.732240438461304,0,0.267759561538696,20.4182395935059,4.34604501724243,9.60144901275635,12.6134414672852,20,340,657,10,1319,49.8104624715694
"901",39,"OH",3,2,2005,0,0,3.95435179337225,19.0542,5.93076944351196,12.3170480728149,87.9139709472656,10.8103971481323,0,1,11463320,64.8552773437397,12.0400023727855,2.49655422687319,13.3227459409665,34.1037238775503,3.55917831832314,2.71631604107711,37.1613110338017,1,7,1,0,0,1,1,0,1,0,0,0,0,0,0,4,1,0,0,0,0,21,0,1,1,0,0,0,1,0,0,0,0,0,1,0,0,20.1780204772949,4.42038583755493,9.50531768798828,12.5200643539429,24,408,668,5,1341,49.813571961223
"902",39,"OH",3,2,2006,0,1,4.13806450590195,19.397,5.3923077583313,13.242790222168,88.0990600585938,10.8853282928467,0,0,11481213,64.9465603442542,12.1213150561705,2.61799863829719,13.4233638902092,33.8644357525638,3.92815637163077,2.57873449434306,38.5163135637323,2,6,0,0,0,1,1,0,1,0,5,0,0,0,0,0,0,0,0,0,0,21,0,1,1,0,0,0,1,0,0,0,0,0,1,0,0,19.966854095459,4.46286487579346,9.43471717834473,12.3720808029175,25,451,626,5,1325,47.2452830188679
"903",39,"OH",3,2,2007,0,1,4.34312760141587,19.5069,5.55384635925293,11.8216009140015,88.4588241577148,10.8998031616211,0,1,11500468,65.0378433447687,12.1986426987145,2.74800990707509,13.5743432354231,33.6654560492669,3.59115820330094,2.69293388756005,37.5476024106149,0,2,0,0,0,0,1,0,1,0,4,0,0,0,0,0,0,0,0,0,0,21,0,1,1,0,0,0,1,0,0,0,0,0,1,0,0,19.8093070983887,4.4535927772522,9.40255641937256,12.298882484436,14,413,659,9,1295,50.8880308880309
"904",39,"OH",3,2,2008,0,1,4.44691804212293,19.2049,6.43076944351196,13.3812885284424,90.0658187866211,10.2442293167114,0,0,11515391,65.1291263452832,12.2677206531676,2.87325892798603,13.8000437848789,33.5067042013597,3.49098002838115,2.73355893864134,36.5268534954653,0,4,0,0,0,0,1,0,1,0,6,0,0,0,0,0,0,0,0,0,0,21,0,1,1,0,0,0,1,0,0,0,0,0,1,0,0,19.667329788208,4.3784704208374,9.46090316772461,12.2617635726929,12,402,684,9,1412,48.4419263456091
"905",39,"OH",3,2,2009,0,0,4.47970039802597,18.8123,10.3153848648071,13.2220726013184,88.4832000732422,10.4933996200562,2,1,11528896,65.2204093457977,12.3258202693476,2.98857757065377,13.945160056956,33.3603408340226,3.17463181210066,2.65584840040191,34.7592692309827,1,7,0,0,0,0,0,1,1,0,0,0,0,0,0,0,0,0,0,0,0,21,0,1,1,0,0,0,1,0,0,0,0,0,1,0,0,19.5478649139404,4.28833770751953,9.52413845062256,12.2357597351074,19,366,590,6,1176,50.1700680272109
"906",39,"OH",3,2,2010,0,1,4.47648931072342,18.8586,10.2615385055542,12.3653802871704,88.7676391601562,10.0439853668213,2,0,11540070,65.3116923463122,12.3775245730745,3.09213029037086,14.0960323464242,33.1484037791798,3.43258234903746,2.42719498235279,34.2776950226472,0,3,0,0,0,0,0,1,1,0,5,0,0,0,0,0,0,0,0,0,0,21,0,1,1,0,0,0,1,0,0,0,0,0,1,0,0,19.3866596221924,4.20586681365967,9.55587768554688,12.2413988113403,8,396,724,10,1439,50.3127171646977
"907",39,"OH",3,2,2011,1,1,4.44686709300161,19.5096,8.83076953887939,13.4792985916138,88.6418151855469,9.98661613464355,0,1,11544757,65.4029753468267,12.4323794775412,3.1852207889694,14.2405422652032,32.9303249951471,3.92385911630708,2.59875543504294,35.3530178244549,2,8,0,1,0,1,1,0,1,7,12,0.0606335845786966,0.0972222222222222,0,0,0,0,0,0,0,0,21,0,1,1,0,0,0,1,0,0,0,0,0,1,0,0,19.2112827301025,4.12155914306641,9.59748268127441,12.3473625183105,18,453,726,10,1465,49.5563139931741
"908",39,"OH",3,2,2012,0,0,4.40831412198927,19.905,7.40000009536743,14.8881454467773,89.8371810913086,9.40374565124512,0,0,11550901,65.4942583473412,12.4920471571871,3.28156219155545,14.7609524140151,32.715525827812,3.78325465693109,1.66982644903631,35.8162536411662,1,6,0,1,0,1,1,0,1,0,0,0,0,0,0,7,1,0,0,0,0,21,0,1,1,0,0,0,1,0,0,0,0,0,1,0,0,19.0518646240234,4.04922533035278,9.61443614959717,12.4245548248291,8,437,784,18,1542,50.8430609597925
"909",39,"OH",3,2,2013,0,0,4.43328532955179,20.0171,7.46923065185547,14.261528968811,89.4390869140625,8.93422698974609,0,1,11572005,65.5855413478556,12.5616779460431,3.37676141688497,15.1400297528389,32.4919925285203,3.86277053976385,1.46335920179779,35.0730923465726,0,22,0,0,0,1,1,0,1,0,0,0,0,0,0,0,0,0,0,0,0,21,0,1,1,0,0,0,1,0,0,0,0,0,1,0,0,18.9010467529297,4.01563930511475,9.57530689239502,12.5584888458252,21,447,800,8,1526,52.4246395806029
"910",39,"OH",3,2,2014,0,1,4.45258532245924,20.4285,5.72307682037354,14.2173547744751,88.9920806884766,8.30543899536133,0,0,11594163,65.6768243483701,12.6235416907628,3.47752571703537,15.5178860259253,32.2404816975576,3.63976252533279,1.10150254054562,34.5824015066892,1,8,0,1,0,1,1,0,1,0,4,0,0,0,0,0,0,0,0,0,0,21,0,1,1,0,0,0,1,0,0,0,0,0,1,0,0,18.7581367492676,3.99731302261353,9.48503112792969,12.6847620010376,18,422,744,10,1491,49.8993963782696
"911",40,"OK",7,3,1989,0,0,3.50062121107273,14.0522,5.64615392684937,10.8355779647827,75.4412384033203,17.8235778808594,1,1,3150298,42.9373910387321,7.42990028244947,2.65676453465672,13.302515094599,37.2664943867233,4.91934964293456,2.62070445399134,80.0194140363864,2,4,0,0,1,1,0,0,1,0,0,0,0,0,0,0,0,0,0,0,0,18,0,1,0,0,0,0,1,0,0,0,0,0,0,0,1,22.5828247070312,4.29936504364014,10.38401222229,16.4007606506348,24,155,298,5,416,71.6346153846154
"912",40,"OK",7,3,1990,0,0,3.79586953724137,14.0608,5.692307472229,10.3506307601929,76.697868347168,17.7164497375488,1,0,3147105,43.0553617212697,7.50899636332439,2.75500817417913,13.4857273589537,36.9792873132609,5.43523865465447,2.70883875816028,78.4908670031664,0,4,0,0,1,1,0,0,1,0,0,0,0,0,0,0,0,0,0,0,0,18,0,1,0,0,0,0,1,0,0,0,0,0,0,0,1,22.4518032073975,4.27927875518799,10.2435035705566,16.0887317657471,29,171,289,3,392,73.7244897959184
"913",40,"OK",7,3,1991,0,1,4.04614474599641,13.7743,6.31538438796997,10.5721101760864,77.6673202514648,15.1741533279419,1,1,3166471,43.0494104973873,7.56356208536254,2.83217499860255,13.5464054463155,36.9580204587378,5.03690160034956,3.03492436848466,81.9653803871881,0,5,0,0,1,0,0,0,1,0,30,0,0,0,0,0,0,0,0,0,0,18,0,1,0,0,0,0,1,0,0,0,0,0,0,0,1,22.4775772094727,4.27899742126465,10.1793766021729,15.6892900466919,21,160,311,5,442,70.3619909502262
"914",40,"OK",7,3,1992,0,0,4.39426822638221,14.0462,6.01538467407227,11.3816175460815,81.4822540283203,14.0873746871948,1,0,3204174,43.0434592735049,7.65077052619489,2.95701793972487,13.5382785079712,36.9921233990414,4.84260899905755,2.87718457237341,85.9226121927211,3,10,2,0,1,0,0,0,1,0,0,0,0,0,0,0,0,0,0,0,0,18,0,1,0,0,0,0,1,0,0,0,0,0,0,0,1,22.4326400756836,4.35026407241821,10.1785516738892,15.2533893585205,24,156,328,8,472,69.4915254237288
"915",40,"OK",7,3,1993,0,1,4.83611860522809,14.0417,5.93076944351196,9.76654148101807,79.8105392456055,14.3317375183105,1,1,3228829,43.0375080496225,7.64509362372551,3.06148142252191,13.5637718813849,37.0048708061034,6.27049630056087,2.76137262146741,84.7660250821583,1,7,0,0,1,0,0,0,1,0,8,0,0,0,0,0,0,0,0,0,0,18,0,1,0,0,0,0,1,0,0,0,0,0,0,0,1,22.389274597168,4.36536169052124,10.2115898132324,14.8260688781738,29,204,342,10,491,69.6537678207739
"916",40,"OK",7,3,1994,0,0,5.08915415608608,14.1791,5.5846152305603,12.9738359451294,80.6790237426758,15.6729373931885,1,0,3246119,43.0315568257402,7.6338544582007,3.18725222334733,13.5729158419639,36.9712570611244,5.57550652562768,2.81043301246812,86.9148666453694,1,14,1,0,1,0,0,0,1,0,0,0,0,0,0,0,0,0,0,0,0,18,9.07397270202637,1,0,0.504109561443329,0,0,1,0,0,0,0,0,0,0,1,22.3059253692627,4.44869470596313,10.1522121429443,14.4610691070557,24,183,312,10,451,69.179600886918
"917",40,"OK",7,3,1995,0,1,5.32560088707956,14.2706,4.5846152305603,13.2376375198364,82.5837860107422,14.7881050109863,1,1,3265547,43.0256056018578,7.6289515967769,3.32302673947121,13.6058675621573,36.8675753250527,4.98511264088608,3.02093339951928,82.2875922471794,3,8,1,0,1,1,0,0,1,0,5,0,0,0,0,0,0,0,0,0,0,18,18,1,0,1,0,0,1,0,0,0,0,0,0,0,1,22.1534748077393,4.55787563323975,10.0853090286255,14.151891708374,15,165,335,3,502,66.7330677290837
"918",40,"OK",7,3,1996,0,1,5.73680841090529,14.5345,4.0846152305603,12.1501293182373,83.8149490356445,14.4484996795654,1,0,3289634,43.0196543779754,7.65687003478198,3.48099515022036,13.5675275729762,36.6163834639355,4.87781959668512,2.93923275355252,82.9761000767867,5,13,2,1,1,1,0,0,1,0,4,0,0,0,0,0,0,0,0,0,0,18,18,1,0,1,0,0,1,0,0,0,0,0,0.751366138458252,0,0.248633876442909,21.9042129516602,4.65443086624146,9.99763774871826,13.9445810317993,19,163,324,5,467,69.3790149892934
"919",40,"OK",7,3,1997,0,1,6.05474707921137,14.8517,4.0846152305603,13.7280302047729,85.2368621826172,13.1049318313599,1,1,3314259,43.0137031540931,7.69861377761967,3.67309857195832,13.4981303513093,36.5380617507563,5.45260471519919,3.00097246473495,83.1027388022481,2,14,1,0,1,1,0,0,1,0,5,0,0,0,0,0,0,0,0,0,0,18,18,1,0,1,0,0,1,0,0,0,0,0,1,0,0,21.7515277862549,4.74882698059082,9.99185562133789,13.6563692092896,15,184,314,12,497,63.1790744466801
"920",40,"OK",7,3,1998,0,1,6.20366416547736,15.4087,4.25384616851807,14.1560297012329,84.5779571533203,13.5304555892944,1,0,3339478,43.0077519302107,7.77319089989513,3.88018726279976,13.4249424610673,36.5232530353546,3.43385226569681,2.6537081543882,85.6771627182452,1,8,0,0,1,1,0,0,1,0,19,0,0,0,0,0,0,0,0,0,0,18,18,1,0,1,0,0,1,0,0,0,0,0,1,0,0,21.6217346191406,4.7644567489624,10.1061496734619,13.3624401092529,13,117,300,10,471,63.6942675159236
"921",40,"OK",7,3,1999,0,1,6.44482323638404,15.5356,3.51538467407227,12.5970516204834,83.5287857055664,14.8098173141479,1,1,3358044,43.0018007063283,7.80621099663971,4.0688567511325,13.3618856691574,36.4793611995555,4.3640845154426,3.03122889396327,88.3097422189823,1,6,0,0,1,1,0,0,1,0,24,0,0,0,0,0,0,0,0,0,0,18,18,1,0,1,0,0,1,0,0,0,0,0,1,0,0,21.3671398162842,4.69162368774414,10.2852163314819,13.1691780090332,28,150,317,5,492,64.4308943089431
"922",40,"OK",7,3,2000,0,1,6.59658142668768,16.3623,3.03846144676208,13.1161661148071,86.1160125732422,14.2667274475098,1,0,3454365,42.9958494824459,7.64647048010271,5.24249753572654,13.2171904242893,36.1897193840257,3.3327015690359,3.00286738662533,88.6371301237709,2,8,0,0,1,1,0,0,1,0,9,0,0,0,0,0,0,0,0,0,0,18,18,1,0,1,0,0,1,0,0,0,0,0,1,0,0,21.1865558624268,4.63141584396362,10.3717470169067,13.0095977783203,21,115,301,7,497,60.5633802816901
"923",40,"OK",7,3,2001,0,1,6.6280176516397,17.0385,3.67692303657532,13.1155471801758,85.8063201904297,13.2248115539551,1,1,3467100,43.2748070379554,7.65163969888379,5.63822791381846,13.1885725822734,36.1925528539702,3.63416111447608,3.04606154999856,94.3497447434455,1,7,1,0,1,1,0,0,1,0,8,0,0,0,0,0,0,0,0,0,0,18,18,1,0,1,0,0,1,0,0,0,0,0,1,0,0,20.9877700805664,4.5441722869873,10.6606101989746,12.8607196807861,13,126,332,3,515,64.4660194174757
"924",40,"OK",7,3,2002,0,0,6.53209442030564,16.9973,4.64615392684937,12.8568391799927,85.1322250366211,13.0310745239258,1,0,3489080,43.5537645934647,7.6454251550552,6.03156132848774,13.1205074116959,36.1837504442432,3.23867609799718,3.03375101746019,94.6771068591147,2,5,1,0,1,1,0,0,1,0,0,0,0,0,0,0,0,0,0,0,0,18,18,1,0,1,0,0,1,0,0,0,0,0,1,0,0,20.8997783660889,4.46395587921143,10.8200159072876,12.8291988372803,13,113,312,8,501,62.2754491017964
"925",40,"OK",7,3,2003,0,0,6.50833178311914,17.1186,5.4769229888916,13.4761734008789,85.7384567260742,12.7471208572388,1,1,3504892,43.8327221489741,7.61421464627155,6.36099486089728,13.123942192798,36.120285589399,3.96588539675402,2.99210360832802,94.631161245482,2,3,1,0,1,0,0,0,1,0,0,0,0,0,0,0,0,0,0,0,0,18,18,1,0,1,0,0,1,0,0,0,0,0,1,0,0,20.8329677581787,4.38775300979614,10.8995656967163,12.7564554214478,15,139,281,5,476,59.0336134453782
"926",40,"OK",7,3,2004,0,1,6.71274778149416,17.5669,4.88461542129517,14.5560855865479,85.1938629150391,12.2711896896362,1,0,3525233,44.1116797044835,7.60880202812126,6.69833738649332,13.1365217561506,35.9720619885267,3.51749799233129,2.96320838934618,93.7061465157055,5,11,1,0,1,0,0,0,1,0,5,0,0,0,0,0,0,0,0,0,0,18,18,1,0,1,0,0,1,0,0,0,0,0,1,0,0,20.6825199127197,4.32592678070068,10.9636154174805,12.783637046814,10,124,312,2,506,61.6600790513834
"927",40,"OK",7,3,2005,1,1,6.95119789595719,18.1329,4.46923065185547,11.8149366378784,85.2017288208008,12.1212491989136,2,1,3548597,44.3906372599929,7.58888653741183,7.07893852133674,13.1536209944381,35.7607809508941,3.83250056289852,3.08769916674111,93.4656710807116,3,9,0,0,0,0,0,1,1,4,4,0.112720604791133,0,0,0,0,0,0,0,0,0,18,18,1,0,1,0,0,1,0,0,0,0,0,1,0,0,20.5943641662598,4.35397434234619,10.8124418258667,12.8189249038696,16,136,302,4,522,57.8544061302682
"928",40,"OK",7,3,2006,0,1,6.83260574999513,19.0212,4.01538467407227,13.7124509811401,87.5406951904297,11.3388996124268,2,0,3594090,44.6695948155023,7.59989315793428,7.46155494158466,13.2174486448586,35.5159720541222,4.22916510159734,3.06085824228108,94.9503212217835,3,8,0,0,0,0,0,1,1,0,4,0,0,0,0,0,0,4,1,0,0,18,18,1,0,1,0,0,1,0,0,0,0,0,1,0,0,20.5470371246338,4.34830522537231,10.6206302642822,12.8907175064087,9,152,314,2,537,58.4729981378026
"929",40,"OK",7,3,2007,0,1,6.72610142834384,18.9831,4.09999990463257,14.6826009750366,86.9232864379883,11.2822856903076,2,1,3634349,44.9485523710117,7.59852727407302,7.85884899881657,13.244765431168,35.3366723999264,4.15480186410276,3.09986740403852,93.8855899639798,3,9,0,0,0,0,0,1,1,0,10,0,0,0,0,0,0,0,0,0,0,18,18,1,0,1,0,0,1,0,0,0,0,0,1,0,0,20.5506134033203,4.33219242095947,10.4538669586182,13.0520763397217,8,151,315,3,531,59.3220338983051
"930",40,"OK",7,3,2008,0,1,6.71331728525888,19.8639,3.73076915740967,14.3897342681885,87.2596588134766,12.0648307800293,2,0,3668976,45.2275099265211,7.55622277169434,8.19637413817915,13.3616300569968,35.1450377435012,4.00656750003271,3.15047032196449,94.0371373375023,0,5,0,0,0,0,0,1,1,0,6,0,0,0,0,0,0,0,0,0,0,18,18,1,0,1,0,0,1,0,0,0,0,0,1,0,0,20.5793113708496,4.24006605148315,10.3256607055664,13.2007675170898,12,147,346,3,575,60.1739130434783
"931",40,"OK",7,3,2009,0,1,6.65246026169769,18.3527,6.36153841018677,12.8099660873413,88.0832748413086,12.2244634628296,0,1,3717572,45.5064674820304,7.57045189709843,8.58864334033073,13.4402507873418,35.0379226010956,3.98109303599231,3.22360938806296,97.5921918929882,4,17,0,2,0,0,1,0,1,0,21,0,0,0,0,0,0,0,0,0,0,18,18,1,0,1,0,0,1,0,0,0,0,0,1,0,0,20.670991897583,4.14926719665527,10.2176637649536,13.4017038345337,15,148,363,4,567,64.021164021164
"932",40,"OK",7,3,2010,0,0,6.79003298593609,18.709,6.80000019073486,12.7087173461914,88.6726913452148,12.0300855636597,0,0,3759481,45.7854250375398,7.59227138001229,8.86752719324822,13.5322136220399,34.9369234742774,3.49207525502146,3.10335389379545,94.7622823469516,2,21,0,0,0,0,1,0,1,0,0,0,0,0,0,0,0,0,0,0,0,18,18,1,0,1,0,0,1,0,0,0,0,0,1,0,0,20.7217693328857,4.05603837966919,10.1591148376465,13.5176906585693,24,131,376,4,618,60.8414239482201
"933",40,"OK",7,3,2011,0,0,6.89655718815685,19.6859,5.90000009536743,14.4133195877075,88.778434753418,10.5421457290649,0,1,3786527,46.0643825930492,7.61550095905826,9.12791589760221,13.6235394597741,34.8818059398494,4.38396451418411,3.16332090065646,100.325179247368,5,31,1,2,0,1,1,0,1,0,0,0,0,0,0,0,0,0,0,0,0,18,18,1,0,1,0,0,1,0,0,0,0,0,1,0,0,20.7182197570801,3.99682879447937,10.1667566299438,13.6224298477173,18,166,440,2,693,63.4920634920635
"934",40,"OK",7,3,2012,0,1,6.70699614546173,20.4834,5.26923084259033,13.7211503982544,91.1784973144531,10.1850156784058,0,0,3817059,46.3433401485586,7.6377126997513,9.37871277336819,13.9998098012108,34.8513082978282,4.92525790143668,3.26036354166912,101.222957255835,5,44,0,4,0,1,1,0,1,0,12,0,0,0,0,0,0,0,0,0,0,18,18,1,0,1,0,0,1,0,0,0,0,0,1,0,0,20.6745567321777,3.9512095451355,10.2255430221558,13.6452178955078,12,188,411,5,670,61.3432835820895
"935",40,"OK",7,3,2013,0,1,6.84796053481881,20.413,5.35384607315063,15.0632009506226,89.6818161010742,9.89681053161621,0,1,3853118,46.622297704068,7.68943489402608,9.62866956060001,14.253313809751,34.8105871660302,4.6196353187211,3.17041938502792,98.8936752001885,12,76,1,2,0,1,1,0,1,0,9,0,0,0,0,0,0,0,0,0,0,18,18,1,0,1,0,0,1,0,0,0,0,0,1,0,0,20.6431255340576,3.95534205436707,10.212119102478,13.6958951950073,15,178,433,5,665,65.1127819548872
"936",40,"OK",7,3,2014,0,1,7.11646133586175,20.7006,4.5,15.6227931976318,86.9620742797852,8.27737712860107,0,0,3878051,46.9012552595774,7.72485972979726,9.8382151240404,14.5055080503067,34.6824216597461,4.04842535593266,2.61858340697428,103.353204999109,15,53,0,2,0,1,1,0,1,0,4,0,0,0,0,0,0,0,0,0,0,18,18,1,0,1,0,0,1,0,0,0,0,0,1,0,0,20.5722160339355,3.99422287940979,10.1159839630127,13.7468538284302,15,157,435,4,736,59.1032608695652
"937",41,"OR",9,4,1989,0,1,2.1762594568561,15.694,5.43846130371094,11.2924060821533,83.8952102661133,14.7284088134766,1,1,2790568,49.7815875457016,1.63550874391567,3.83516766652249,13.7351607271351,35.0445500700933,2.72229021977837,2.10100596007694,124.954489551948,NA,NA,NA,NA,1,0,0,0,1,0,5,0,0,0,0,0,0,0,0,5,0,18,0,1,0,0,0,0,1,0,0,0,0,0,0,1,0,21.5054302215576,3.99486994743347,9.54551029205322,16.2875881195068,22,76,290,7,470,61.7021276595745
"938",41,"OR",9,4,1990,0,0,2.21231275889464,15.694,5.50769233703613,11.1054201126099,83.2608489990234,16.7025299072266,1,0,2858547,49.9612464601993,1.66042398463275,3.99164330689683,13.7242802024945,35.3320060856092,2.07515946193577,2.0566392646334,121.676851911128,0,0,0,0,1,0,0,0,0,0,0,0,0,0,0,0,0,0,0,15,0,18,18,1,0,1,0,0,1,0,0,0,0,0,1,0,0,21.9801940917969,3.97570252418518,9.37160301208496,15.7291965484619,16,59,292,5,449,65.0334075723831
"939",41,"OR",9,4,1991,0,0,2.26535719975537,15.4759,6.38461542129517,12.142448425293,85.9721908569336,19.139196395874,2,1,2918745,50.7408995004414,1.69607142795962,4.16483796974385,13.726173406721,34.9707836758607,1.98014055583911,2.07589220709586,112.138607517957,1,12,1,0,0,0,0,1,1,0,0,0,0,0,0,0,0,0,0,15,0,18,18,1,0,1,0,0,1,0,0,0,0,0,1,0,0,21.7044734954834,3.98923420906067,9.25676441192627,15.4834184646606,21,58,275,7,453,60.7064017660044
"940",41,"OR",9,4,1992,0,1,2.23844913841397,15.7344,7.40769243240356,13.3426818847656,83.3354949951172,18.2529411315918,2,0,2973934,51.5205525406839,1.70955374261836,4.3867483272998,13.757097501155,34.9019514219213,2.40612840905787,2.06931290337983,107.273732369313,0,0,0,0,0,0,0,1,0,0,10,0,0,0,0,0,0,0,0,15,0,18,18,1,0,1,0,0,1,0,0,0,0,0,1,0,0,21.6400737762451,4.10371160507202,9.13507270812988,15.1059160232544,20,72,304,10,488,62.2950819672131
"941",41,"OR",9,4,1993,0,1,2.16510846962752,16.0031,7.03076934814453,12.0797872543335,85.3826141357422,17.6973876953125,2,1,3034490,52.3002055809261,1.72648451634377,4.61500944145474,13.7073445620187,34.620611700813,2.74390273779429,2.01285883295051,104.018467683202,5,22,2,0,0,0,0,1,1,0,16,0,0,0,0,0,0,0,0,15,0,18,18,1,0,1,0,0,1,0,0,0,0,0,1,0,0,21.31130027771,4.14228105545044,9.14194297790527,14.8626289367676,16,84,278,8,465,59.7849462365591
"942",41,"OR",9,4,1994,0,1,2.18519264743896,16.3966,5.43076944351196,13.0327205657959,85.8949432373047,16.5037975311279,2,0,3087142,53.0798586211686,1.75952385734119,4.90087595581933,13.6488052703763,34.5235496132021,3.55551227724796,2.12623844319439,98.0353349473396,0,0,0,0,0,0,0,1,0,0,4,0,0,0,0,0,0,0,0,15,0,18,18,1,0,1,0,0,1,0,0,0,0,0,1,0,0,21.1826038360596,4.23770618438721,9.08394813537598,14.6202306747437,20,111,310,3,512,60.546875
"943",41,"OR",9,4,1995,0,1,2.35912346673687,16.823,4.9153847694397,13.796443939209,85.129768371582,14.9878396987915,0,1,3141421,53.8595116614108,1.79485653148687,5.23565609321387,13.5678726283424,34.3879091659475,2.91990328526796,2.12738120742174,97.8070115403189,6,24,2,0,0,0,1,0,1,0,4,0,0,0,0,0,0,0,0,8.17808246612549,0,18,18,1,0,1,0,0,1,0,0,0,0,0,1,0,0,20.9994831085205,4.32773351669312,9.04797744750977,14.4429874420166,22,93,311,4,497,62.5754527162978
"944",41,"OR",9,4,1996,0,1,2.58928786602681,17.2842,5.69999980926514,13.6202068328857,87.4856491088867,15.5875225067139,0,0,3195087,54.6391647016533,1.8230489498408,5.46561016961353,13.446175331063,34.1809471854757,2.30884530951918,2.21777998533373,99.438606836058,0,0,0,0,0,0,1,0,0,0,4,0,0,0,0,0,0,0,0,0,0,18,18,1,0,1,0,0,1,0,0,0,0,0,1,0,0,20.7488441467285,4.38432788848877,9.0483512878418,14.3064403533936,16,75,324,4,520,62.3076923076923
"945",41,"OR",9,4,1997,0,1,2.56840814811298,17.6424,5.66923093795776,13.9375905990601,84.6967620849609,15.824182510376,0,1,3243254,55.4188177418955,1.8273622725818,5.79741827189606,13.2941792409722,34.2475489122961,2.32992035303437,2.17096779962346,97.7635424175843,2,28,0,1,0,0,1,0,1,0,4,0,0,0,0,0,0,0,0,0,0,18,18,1,0,1,0,0,1,0,0,0,0,0,1,0,0,20.6767826080322,4.44198656082153,9.15277290344238,14.0556125640869,11,77,331,5,534,61.9850187265918
"946",41,"OR",9,4,1998,0,0,2.5947158106735,18.1831,5.74615383148193,12.8516254425049,85.5188751220703,14.2686929702759,0,0,3282055,56.1984707821377,1.85499633613696,6.09749074893626,13.2042576983018,34.3266947080412,2.62360535251268,2.05084923927235,96.8987417943941,0,0,0,0,0,0,1,0,0,0,0,0,0,0,0,0,0,0,0,0,0,18,18,1,0,1,0,0,1,0,0,0,0,0,1,0,0,20.5918712615967,4.40263223648071,9.34233474731445,13.853066444397,8,88,327,9,545,60
"947",41,"OR",9,4,1999,0,1,2.84878205294447,18.3771,5.5,10.7736196517944,86.2101287841797,13.5026569366455,0,1,3316154,56.9781238223802,1.86999759359788,6.41918318630558,13.1205909013876,34.3483746532881,1.76785630628228,2.2776384932666,95.9343263310449,4,48,3,0,0,0,1,0,1,0,8,0,0,0,0,0,0,0,0,0,0,18,18,1,0,1,0,0,1,0,0,0,0,0,1,0,0,20.5135555267334,4.33908557891846,9.50732517242432,13.7563972473145,13,60,309,2,478,64.6443514644351
"948",41,"OR",9,4,2000,0,0,2.97984551454526,19.0441,5.09999990463257,15.0687484741211,88.1125946044922,12.6330194473267,0,0,3429708,57.7577768626226,1.70997064473127,8.11319797487133,12.7993986660089,34.3302986726567,1.81212422169995,2.23051058574083,90.6021737127476,0,0,0,0,0,0,1,0,0,0,0,0,0,0,0,0,0,0,0,0,0,18,18,1,0,1,0,0,1,0,0,0,0,0,1,0,0,20.4069843292236,4.30389404296875,9.61941909790039,13.6945476531982,6,62,302,2,493,61.2576064908722
"949",41,"OR",9,4,2001,0,0,3.17047282000798,18.8159,6.4153847694397,13.8759021759033,86.6442947387695,11.5106363296509,0,1,3467937,58.2293152031455,1.73668091433034,8.53772718477873,12.7578153813059,34.1995832104216,1.35527260154957,2.22668404875867,87.5549353981921,1,37,0,0,0,0,1,0,1,0,0,0,0,0,0,0,0,0,0,0,0,18,18,1,0,1,0,0,1,0,0,0,0,0,1,0,0,20.2074317932129,4.26426410675049,9.72788715362549,13.6293134689331,18,47,280,1,505,55.4455445544555
"950",41,"OR",9,4,2002,0,0,3.34346210420376,18.5748,7.5230770111084,13.9786882400513,87.7196960449219,10.8438444137573,0,0,3513424,58.7008535436685,1.76497342763071,8.91529174958673,12.7503825328227,34.0324708887968,1.82158486991607,2.16967835365159,84.8016066378553,0,0,0,0,0,0,1,0,0,0,0,0,0,0,0,0,0,0,0,0,0,18,18,1,0,1,0,0,1,0,0,0,0,0,1,0,0,19.9820175170898,4.23176956176758,9.81868362426758,13.6129884719849,9,64,291,3,518,56.1776061776062
"951",41,"OR",9,4,2003,0,1,3.49554149320512,18.6207,8.10769271850586,13.6181488037109,86.8654937744141,12.2296590805054,2,1,3547376,59.1723918841914,1.77604516690647,9.27124725430854,12.8022233899085,33.8166577210874,1.46587223908602,2.10014388099824,83.2790208875518,1,45,0,0,0,0,0,1,1,0,4,0,0,0,0,0,0,0,0,0,0,18,18,1,0,1,0,0,1,0,0,0,0,0,1,0,0,19.7849063873291,4.18354320526123,9.84820938110352,13.5610380172729,4,52,331,2,592,55.9121621621622
"952",41,"OR",9,4,2004,0,0,3.6277165500805,19.0108,7.30769205093384,15.6622591018677,87.3900146484375,12.6412887573242,2,0,3569463,59.6439302247143,1.78477827056899,9.62825500642534,12.9278269588451,33.494001758808,1.82100220677452,1.92465925546784,83.4702586915735,0,0,0,0,0,0,0,1,0,0,0,0,0,0,0,0,0,0,0,0,0,18,18,1,0,1,0,0,1,0,0,0,0,0,1,0,0,19.5292682647705,4.19379615783691,9.7709379196167,13.4314603805542,10,65,299,2,555,53.8738738738739
"953",41,"OR",9,4,2005,0,0,3.68011531046424,18.9414,6.1769232749939,14.8434982299805,88.6038360595703,12.1323251724243,2,1,3613202,60.1154685652372,1.80324819924267,10.0083803784012,13.0101223236343,33.1775250871665,1.49451926573715,2.01704748309117,81.7618278745556,1,23,0,0,0,0,0,1,1,0,0,0,0,0,0,0,0,0,0,0,0,18,18,1,0,1,0,0,1,0,0,0,0,0,1,0,0,19.2732105255127,4.23289346694946,9.67142200469971,13.3349590301514,7,54,319,6,560,56.9642857142857
"954",41,"OR",9,4,2006,0,1,3.69366171572344,19.5345,5.33846139907837,14.9082136154175,89.6571197509766,12.3313035964966,2,0,3670883,60.5870069057601,1.83394567465103,10.393112501815,13.1227282373206,32.8853030728574,1.71620833461595,2.01804307029126,77.1822474320211,0,0,0,0,0,0,0,1,0,0,13,0,0,0,0,0,0,0,0,0,0,18,18,1,0,1,0,0,1,0,0,0,0,0,1,0,0,19.0932807922363,4.25268268585205,9.53934001922607,13.3198738098145,1,63,307,1,579,53.0224525043178
"955",41,"OR",9,4,2007,0,1,3.7145220430704,19.6242,5.1538462638855,13.2602367401123,88.4014511108398,11.2142105102539,1,1,3722417,61.0585452462831,1.86300997443328,10.8101268611228,13.2521960865749,32.6359728101392,1.15516343279111,2.67433766824082,74.9889117742585,3,17,0,0,1,0,0,0,1,0,5,0,0,0,0,0,0,0,0,0,0,18,18,1,0,1,0,0,1,0,0,0,0,0,1,0,0,18.9607715606689,4.20055055618286,9.47465038299561,13.419641494751,6,43,327,4,594,55.0505050505051
"956",41,"OR",9,4,2008,0,1,3.72988589314011,19.4149,6.53846168518066,13.164363861084,89.5608749389648,10.242036819458,1,0,3768748,61.530083586806,1.89848193617615,11.1934520429596,13.4804449647469,32.438969121841,1.30016652745156,2.62633638545214,74.2785137133074,0,0,0,0,1,0,0,0,0,0,10,0,0,0,0,0,0,0,0,0,0,18,18,1,0,1,0,0,1,0,0,0,0,0,1,0,0,18.8918972015381,4.07764053344727,9.46943092346191,13.527569770813,6,49,319,5,572,55.7692307692308
"957",41,"OR",9,4,2009,0,1,3.75072205009715,18.8885,11.2692308425903,13.5781316757202,89.3481826782227,10.2416019439697,1,1,3808600,62.0016219273289,1.92453920075618,11.5056713753085,13.7252533739432,32.1851861576432,1.44410019429712,2.67000997741952,73.5012865619913,8,33,1,1,1,0,0,0,1,0,4,0,0,0,0,0,0,0,0,0,0,18,18,1,0,1,0,0,1,0,0,0,0,0,1,0,0,18.7897644042969,3.95334243774414,9.44207859039307,13.6619491577148,5,55,345,5,644,53.5714285714286
"958",41,"OR",9,4,2010,0,0,3.81513769704747,18.7017,10.6461534500122,12.9636182785034,89.3539657592773,11.2655057907104,1,0,3837083,62.4731602678518,1.94389852916916,11.7887989391942,14.0035282009798,31.8911527324272,1.56614046087337,2.63950506152721,72.9442130910382,1,2,0,0,1,0,0,0,0,0,0,0,0,0,0,0,0,0,0,0,0,18,18,1,0,1,0,0,1,0,0,0,0,0,1,0,0,18.6664714813232,3.87995266914368,9.34472846984863,13.6747627258301,4,60,376,5,685,54.8905109489051
"959",41,"OR",9,4,2011,0,1,3.79895357483781,19.043,9.48461532592773,12.6372356414795,91.3729476928711,10.181565284729,2,1,3867644,62.9446986083747,1.96737341906339,11.9625022365037,14.2717375228951,31.6495003159546,1.603043092901,2.60029102988796,73.3648184786397,3,31,1,0,0,0,0,1,1,0,12,0,0,0,0,0,0,0,0,0,0,18,18,1,0,1,0,0,1,0,0,0,0,0,1,0,0,18.474063873291,3.82139611244202,9.35404109954834,13.6867046356201,4,62,343,5,656,52.2865853658537
"960",41,"OR",9,4,2012,0,1,3.76409065212774,19.4241,8.80000019073486,11.8426761627197,91.2781524658203,10.0145626068115,2,0,3898684,63.4162369488977,1.9915438132457,12.1295031862033,14.915135466224,31.3998261977631,1.35943308049588,2.52751954249177,72.5403751624907,1,6,0,0,0,0,0,1,1,0,12,0,0,0,0,0,0,0,0,0,0,18,18,1,0,1,0,0,1,0,0,0,0,0,1,0,0,18.2579555511475,3.78063464164734,9.36123561859131,13.6345233917236,4,53,367,7,724,50.6906077348066
"961",41,"OR",9,4,2013,0,1,3.8639860613411,19.4314,7.86153841018677,14.566707611084,91.2843475341797,10.5769777297974,1,1,3928068,63.8877752894206,2.00897744132739,12.3202551483325,15.4583627371013,31.1059533592596,1.37472161887218,2.47526264820263,66.4318947635326,0,27,0,0,1,0,0,0,1,0,13,0,0,0,0,0,0,0,0,0,0,18,18,1,0,1,0,0,1,0,0,0,0,0,1,0,0,18.0696716308594,3.73735880851746,9.29892253875732,13.6254768371582,7,54,389,5,698,55.730659025788
"962",41,"OR",9,4,2014,0,1,3.85266478919783,20.0014,6.96153879165649,12.490291595459,91.0851745605469,12.05930519104,1,0,3970239,64.3593136299435,2.03922232389536,12.5128235353086,15.9659657768714,30.8016973285487,1.33493222952069,2.57994543905291,64.560596981693,3,4,0,0,1,0,0,0,1,0,10,0,0,0,0,0,0,0,0,0,0,18,18,1,0,1,0,0,1,0,0,0,0,0,1,0,0,17.9000568389893,3.71128797531128,9.19035339355469,13.7028779983521,6,53,422,0,782,53.9641943734015
"963",42,"PA",2,1,1989,0,0,1.61671786048493,17.016,4.692307472229,7.30949735641479,76.7875518798828,15.2174310684204,2,1,11866016,60.6367709147802,9.28687654769618,1.8978471643071,15.1945709121383,34.2413472163511,3.77290449894439,2.07213609015865,98.9737414815554,1,15,0,0,0,0,0,1,1,0,0,0,0,0,0,0,0,0,0,2,2,18,0,1,0,0,0,0,1,0,0,0,0,0,0.531506836414337,0.468493163585663,0,19.7026348114014,3.95036172866821,10.5883378982544,16.2326107025146,22,448,780,12,1451,53.7560303239145
"964",42,"PA",2,1,1990,0,0,1.79721853551951,17.0248,5.46153831481934,7.84258079528809,78.5950088500977,15.6340045928955,2,0,11895604,60.6607773015904,9.3138187854942,1.96472579282229,15.3804043914037,33.862282234681,4.20643181933476,2.1840841372998,98.1990489932247,0,9,0,0,0,0,0,1,1,0,0,0,0,0,0,0,0,0,0,2,2,18,0,1,0,0,0,0,1,0,0,0,0,0,1,0,0,19.7124767303467,3.8034245967865,10.3584899902344,16.0487689971924,33,501,836,12,1452,57.5757575757576
"965",42,"PA",2,1,1991,0,0,1.91230796539609,16.8972,7.0461540222168,8.38123035430908,79.3844299316406,14.9598512649536,2,1,11943160,61.2805955865451,9.36235468669933,2.03078582217772,15.515650799286,33.7039694687168,4.02074839641376,2.22252737131546,97.9739867840672,0,23,0,0,0,0,0,1,1,0,0,0,0,0,0,0,0,0,0,2,2,18,0,1,0,0,0,0,1,0,0,0,0,0,1,0,0,19.8837127685547,3.73521852493286,10.1493349075317,15.6944942474365,28,482,776,11,1397,55.5476020042949
"966",42,"PA",2,1,1992,0,1,2.01830943276916,17.2219,7.59230756759644,8.48272514343262,79.5219573974609,14.5618648529053,2,0,11980819,61.9004138715002,9.44528917430436,2.10709301258954,15.6474110826647,33.6217582454088,4.21485435811377,2.15870050286212,97.7063421123381,0,5,0,0,0,0,0,1,1,0,4,0,0,0,0,0,0,0,0,2,2,18,0,1,0,0,0,0,1,0,0,0,0,0,1,0,0,20.0740871429443,3.76943349838257,9.90358066558838,15.2393016815186,26,508,761,15,1389,54.7876169906407
"967",42,"PA",2,1,1993,0,1,2.12208687180839,17.2508,6.99230766296387,8.76644325256348,79.7750396728516,14.8539800643921,1,1,12022128,62.5202321564552,9.51131114225368,2.17135435590105,15.7627335193902,33.4854361890008,4.81723501103716,2.08972987145038,97.6056817894469,0,48,0,0,1,0,0,0,1,0,6,0,0,0,0,0,0,0,0,2,2,18,0,1,0,0,0,0,1,0,0,0,0,0,1,0,0,20.1945858001709,3.79400563240051,9.67814159393311,14.8380031585693,46,584,815,13,1412,57.7195467422096
"968",42,"PA",2,1,1994,0,0,2.25633369026232,17.3272,6.26923084259033,9.22073364257812,80.371955871582,14.6348285675049,2,0,12042545,63.14005044141,9.57003689834665,2.25232291014898,15.8022245297817,33.2479056544941,4.09200873422009,2.13385127479283,95.4471002599534,2,28,0,0,0,0,0,1,1,0,0,0,0,0,0,0,0,0,0,2,2,18,0,1,0,0,0,0,1,0,0,0,0,0,1,0,0,20.2274436950684,3.87940216064453,9.38463973999023,14.5297861099243,40,498,757,13,1326,57.0889894419306
"969",42,"PA",2,1,1995,0,0,2.51992979531382,17.5758,5.8692307472229,8.87650680541992,81.4262542724609,14.3224000930786,0,1,12044780,63.7598687263651,9.60753953164773,2.33364162732736,15.8747523823598,32.9255411887971,4.26183606126357,2.06587417952009,94.5092396872338,3,52,0,0,0,1,1,0,1,0,0,0,0,0,0,0,0,0,0,2,2,18,4.04383563995361,1,0,0.224657535552979,0,0,0.775342464447021,0.224657535552979,0,0,0,0,1,0,0,20.1504898071289,3.9635763168335,9.10433959960938,14.2775249481201,32,520,830,11,1459,56.8882796435915
"970",42,"PA",2,1,1996,0,0,2.78060954935401,17.9192,5.46153831481934,9.68518733978271,81.5791320800781,12.9496412277222,0,0,12038008,64.3796870113201,9.64201053862068,2.43057655386174,15.909268377293,32.528812075885,4.16354877666921,2.01810797932681,92.4541668355761,2,9,1,0,0,1,1,0,1,0,0,0,0,0,0,0,0,0,0,2,2,18,18,1,0,1,0,0,0,1,0,0,0,0,1,0,0,20.0142650604248,4.02255582809448,8.83982753753662,14.0734834671021,25,509,776,13,1428,54.3417366946779
"971",42,"PA",2,1,1997,0,0,2.89192109646828,18.3877,5.11538457870483,10.3486280441284,82.4435043334961,13.4970874786377,0,1,12015888,64.9995052962749,9.67618872612661,2.53283818890456,15.8931741041528,32.3916135037211,4.54622352325618,2.10646104557566,90.843722910866,1,22,0,0,0,1,1,0,1,0,0,0,0,0,0,0,0,0,0,2,2,18,18,1,0,1,0,0,0,1,0,0,0,0,1,0,0,19.9665279388428,4.09533548355103,8.72783184051514,13.7288236618042,28,556,793,7,1412,56.1614730878187
"972",42,"PA",2,1,1998,0,0,2.97192319923908,19.0654,4.61538457870483,9.66403865814209,84.1439056396484,12.5060262680054,0,0,12002329,65.61932358123,9.71592263468199,2.62564873867397,15.8746439961777,32.347305260504,3.5589826272671,2.11892208587183,88.8187617586553,2,22,0,0,0,1,1,0,1,0,0,0,0,0,0,0,0,0,0,1.82465755939484,1.82465755939484,18,18,1,0,1,0,0,0,1,0,0,0,0,1,0,0,19.8979606628418,4.11284923553467,8.78006553649902,13.3393907546997,22,436,767,15,1370,55.985401459854
"973",42,"PA",2,1,1999,0,0,3.03909883061687,19.4436,4.37692308425903,10.5660419464111,86.0608139038086,12.0954942703247,0,1,11994016,66.239141866185,9.75565648736837,2.71983962669384,15.8323617377199,32.3305304912049,3.48994459712952,2.2246927134331,89.3741512434201,1,58,0,0,0,1,1,0,1,0,0,0,0,0,0,0,0,0,0,0,0,18,18,1,0,1,0,0,0,1,0,0,0,0,1,0,0,19.7897396087646,4.10327768325806,8.85375308990479,12.9622821807861,36,428,709,10,1284,55.2180685358256
"974",42,"PA",2,1,2000,1,1,2.9864444273131,20.1095,4.1307692527771,10.3272571563721,85.6977005004883,12.9296731948853,0,0,12284173,66.8589601511401,10.2701419135012,3.24298591366305,15.6149542993248,32.7126457759916,3.57461175563596,2.18280872468989,83.7090946211845,2,11,2,0,0,1,1,0,1,5,9,0.040702780724433,0.397222222222222,0,0,0,0,0,0,0,0,18,18,1,0,1,0,0,0,1,0,0,0,0,1,0,0,19.6577911376953,4.10327196121216,8.95158386230469,12.6308946609497,42,439,756,7,1356,55.7522123893805
"975",42,"PA",2,1,2001,0,0,3.04529566297015,20.2155,4.80000019073486,10.7334651947021,85.9021682739258,12.4280490875244,0,1,12298970,67.24066698428,10.3518749944101,3.42679915472597,15.5208444284359,32.7430589716049,3.61005840326466,2.05252960207237,84.1374521606281,0,37,0,0,0,1,1,0,1,0,0,0,0,0,0,5,1,0,0,0,0,18,18,1,0,1,0,0,0,1,0,0,0,0,1,0,0,19.4937953948975,4.13286638259888,9.11639785766602,12.3108606338501,23,444,684,13,1276,53.6050156739812
"976",42,"PA",2,1,2002,0,1,3.17207863640923,20.2943,5.62307691574097,10.5362062454224,86.1178436279297,12.1575880050659,0,0,12331031,67.6223738174198,10.4448119544911,3.63003709908766,15.4223032932121,32.7246440301707,3.69798762163521,2.28553476185406,85.0481196584454,2,11,1,0,0,1,1,0,1,0,15,0,0,0,0,0,0,0,0,0,0,18,18,1,0,1,0,0,0,1,0,0,0,0,1,0,0,19.2930736541748,4.18375396728516,9.24781513214111,12.1154022216797,25,456,720,10,1341,53.6912751677852
"977",42,"PA",2,1,2003,0,1,3.27491878967483,20.4198,5.66153860092163,9.53013229370117,85.9579162597656,11.9631080627441,0,1,12374658,68.0040806505597,10.5425782272124,3.85834501446424,15.3360521155413,32.6775818774143,3.77384166899804,2.20111133576378,82.2488993231166,0,32,0,0,0,0,1,0,1,0,4,0,0,0,0,0,0,0,0,0,0,18,18,1,0,1,0,0,0,1,0,0,0,0,1,0,0,19.0869674682617,4.21282768249512,9.37778663635254,12.0031681060791,20,467,724,11,1340,54.0298507462687
"978",42,"PA",2,1,2004,0,1,3.29610154832249,20.8479,5.4153847694397,9.8657054901123,86.5333404541016,11.4358320236206,0,0,12410722,68.3857874836995,10.6626431564578,4.11219427846341,15.2298875117822,32.6038404534402,4.06100466999422,2.17602166900524,84.5020136620577,2,11,0,1,0,0,1,0,1,0,4,0,0,0,0,0,0,0,0,0,0,18,18,1,0,1,0,0,0,1,0,0,0,0,1,0,0,18.893518447876,4.25682735443115,9.45349502563477,11.8989372253418,26,504,722,10,1410,51.2056737588652
"979",42,"PA",2,1,2005,0,0,3.34466132101311,20.8911,4.9769229888916,10.1743717193604,86.3111953735352,10.2174615859985,0,1,12449990,68.7674943168394,10.7803701047149,4.3779071308491,15.1566708085709,32.4776084157497,4.29719220658009,2.20674876044077,81.7512303222734,5,55,0,1,0,0,1,0,1,0,0,0,0,0,0,0,0,0,0,0,0,18,18,1,0,1,0,0,0,1,0,0,0,0,1,0,0,18.6376934051514,4.33254957199097,9.50736522674561,11.7915191650391,32,535,768,10,1430,53.7062937062937
"980",42,"PA",2,1,2006,1,0,3.45109576846709,21.4674,4.59230756759644,9.60016536712646,87.5370941162109,10.7304916381836,0,0,12510809,69.1492011499791,10.9032677263317,4.66188877154147,15.1305083468223,32.3816389491679,4.73990131253702,2.22295776396235,81.4227121523476,2,21,0,0,0,0,1,0,1,5,0,0.039965441083786,1.355,0,0,0,0,0,0,0,0,18,18,1,0,1,0,0,0,1,0,0,0,0,1,0,0,18.4292640686035,4.3572564125061,9.59511852264404,11.6776781082153,30,593,734,3,1396,52.5787965616046
"981",42,"PA",2,1,2007,1,0,3.56003058595407,21.8628,4.3923077583313,10.3571672439575,87.1985168457031,10.1044664382935,2,1,12563937,69.5309079831191,11.0157747527706,4.94652273407611,15.1612428492757,32.2684839951044,4.40944586079984,2.3545167410502,80.0937636029216,1,67,0,0,0,0,0,1,1,4,0,0.0318371542296018,0.255555555555556,0,0,0,0,5,1,0,0,18,18,1,0,1,0,0,0,1,0,0,0,0,1,0,0,18.2716541290283,4.32933568954468,9.66749477386475,11.6585903167725,23,554,719,13,1441,49.8959056210965
"982",42,"PA",2,1,2008,0,0,3.7464265991452,21.7195,5.31538486480713,10.4641456604004,88.2201766967773,9.48690223693848,2,0,12612285,69.9126148162588,11.124597961432,5.21387678759242,15.2978782195296,32.1343911908112,4.15467934636745,2.35016890278011,77.7911377676607,1,17,1,0,0,0,0,1,1,0,0,0,0,0,0,0,0,4,1,0,0,18,18,1,0,1,0,0,0,1,0,0,0,0,1,0,0,18.1308536529541,4.2362585067749,9.76727867126465,11.7419805526733,32,524,770,6,1539,50.0324886289799
"983",42,"PA",2,1,2009,0,1,3.96159805375571,21.5176,8.0461540222168,9.66297340393066,87.6460800170898,9.29306507110596,2,1,12666858,70.2943216493987,11.2187173804269,5.47741989371003,15.3680415458988,32.0311635292667,3.81310029685341,2.32930692046915,74.4637699420014,1,52,0,0,0,0,0,1,1,0,17,0,0,0,0,0,0,0,0,0,0,18,18,1,0,1,0,0,0,1,0,0,0,0,1,0,0,18.0000114440918,4.14382934570312,9.88732147216797,11.8323183059692,23,483,825,3,1631,50.5824647455549
"984",42,"PA",2,1,2010,0,1,4.02814018041115,21.6905,8.48461532592773,10.2538185119629,88.2082672119141,9.15663719177246,2,0,12711077,70.6760284825386,11.2906955091217,5.71497600085343,15.4431603238656,31.8483555720731,3.94414306170521,2.31892230689815,72.8407986199753,1,10,0,0,0,0,0,1,1,0,4,0,0,0,0,0,0,0,0,0,0,18,18,1,0,1,0,0,0,1,0,0,0,0,1,0,0,17.8597145080566,4.0549750328064,9.93366622924805,11.9526929855347,32,501,762,5,1576,48.3502538071066
"985",42,"PA",2,1,2011,0,1,4.02126648668647,22.1231,7.92307710647583,11.2359161376953,89.6660308837891,9.59745597839355,0,1,12743995,71.0577353156785,11.3822078555429,5.94217119513936,15.5199134965135,31.620688802844,4.01757847519557,2.48681830148238,72.7915382892099,1,47,0,0,0,1,1,0,1,0,12,0,0,0,0,0,0,0,0,0,0,18,18,1,0,1,0,0,0,1,0,0,0,0,1,0,0,17.7239322662354,3.95196318626404,9.94479370117188,12.1840133666992,20,512,883,11,1747,50.5437893531769
"986",42,"PA",2,1,2012,0,0,4.00672104236454,22.5506,7.85384607315063,11.492525100708,89.5660705566406,9.02089881896973,0,0,12770043,71.4394421488183,11.4724045956619,6.1706526751711,15.9964614058073,31.3316799324795,4.28346247542001,2.36514473757058,75.9760166821678,1,15,0,0,0,1,1,0,1,0,0,0,0,0,0,0,0,0,0,0,0,18,18,1,0,1,0,0,0,1,0,0,0,0,1,0,0,17.5964794158936,3.85236763954163,9.88283252716064,12.4025030136108,65,547,819,4,1647,49.7267759562842
"987",42,"PA",2,1,2013,0,1,3.99615187693016,22.5299,7.42307710647583,11.6541194915771,90.7284164428711,8.29343032836914,0,1,12781296,71.8211489819581,11.5489775058805,6.35608470377339,16.3566042129061,31.0233171972545,3.80243130274113,2.35469079191969,75.7931746514594,1,75,0,0,0,1,1,0,1,0,4,0,0,0,0,0,0,0,0,0,0,18,18,1,0,1,0,0,0,1,0,0,0,0,1,0,0,17.4831714630127,3.77579855918884,9.7643461227417,12.6283826828003,22,486,918,8,1788,51.3422818791946
"988",42,"PA",2,1,2014,0,1,3.97490961475643,22.9027,5.80000019073486,10.7677221298218,90.485595703125,7.83055782318115,0,0,12787209,72.202855815098,11.6111811420303,6.55985993503352,16.6926262016989,30.7127380181242,3.6442667043293,2.30574162039582,75.4436718755438,3,8,0,0,0,1,1,0,1,0,4,0,0,0,0,0,0,0,0,0,0,18,18,1,0,1,0,0,0,1,0,0,0,0,1,0,0,17.3829574584961,3.7388768196106,9.59090423583984,12.8265514373779,14,466,897,2,1817,49.3670886075949
"989",44,"RI",1,1,1989,0,0,1.70986464987248,18.1209,4.12307691574097,6.43605375289917,72.6692123413086,14.2779006958008,1,1,1000664,82.3012087131071,4.21979805409208,4.34251656899819,14.8125496544798,34.8294384234484,1.89634952716022,2.63724886675248,13.3631268837492,1,10,0,0,1,1,0,0,1,0,0,0,0,0,0,0,0,0,0,3,0,21,21,1,1,1,1,1,0,1,0,0,0,0,0,1,0,18.8810501098633,3.70621681213379,12.2421979904175,17.437915802002,1,19,38,1,100,38
"990",44,"RI",1,1,1990,0,1,1.94296714573946,17.5411,6.3461537361145,7.1300687789917,73.1595230102539,15.363317489624,1,0,1004649,82.1687673897619,4.32479403254271,4.58378996047376,14.9608470221938,34.5006066795468,2.589574373572,2.50734336071603,12.722851463546,6,24,2,0,1,1,0,0,1,0,4,0,0,0,0,0,0,0,0,5.01643848419189,3.52876710891724,21,21,1,1,1,1,1,0,0.495890408754349,0.504109561443329,0,0,0,0,1,0,18.9313068389893,3.52635955810547,12.0720281600952,17.2682762145996,1,26,38,1,127,29.9212598425197
"991",44,"RI",1,1,1991,0,0,2.10161455791392,16.858,8.5692310333252,8.74953269958496,76.3544921875,13.881742477417,1,1,1003990,82.8052930979416,4.39845018376677,4.80303588681162,15.1028396697178,34.357214713294,2.27539839257943,2.779908166416,13.2989372404108,0,10,0,0,1,0,0,0,1,0,0,0,0,0,0,0,0,0,0,7,7,21,21,1,1,1,1,1,0,0,1,0,0,0,0,1,0,19.2817687988281,3.42126703262329,11.795786857605,16.9168529510498,3,23,29,0,82,35.3658536585366
"992",44,"RI",1,1,1992,0,1,2.2776994336234,17.0996,8.88461494445801,11.2379093170166,75.6497650146484,13.5835084915161,1,0,1000571,83.4418188061213,4.46704931484123,5.05081598407309,15.3159545899292,34.1663909907443,1.87623374712517,2.73843635284253,12.8676525703823,1,12,1,0,1,0,0,0,1,0,4,0,0,0,0,0,0,0,0,7,7,21,21,1,1,1,1,1,0,0,1,0,0,0,0,1,0,19.5416469573975,3.43231797218323,11.4431343078613,16.4746322631836,0,19,28,0,73,38.3561643835616
"993",44,"RI",1,1,1993,0,1,2.29492950858444,17.2704,7.7384614944458,10.468035697937,74.072021484375,12.5720157623291,1,1,997852,84.0783445143011,4.54496257962103,5.32273323098014,15.4671233810224,34.0505405611253,2.66016928529133,2.7448960366868,13.9680032710262,1,22,0,1,1,0,0,0,1,0,6,0,0,0,0,0,0,0,0,7,7,21,21,1,1,1,1,1,0,0,1,0,0,0,0,1,0,19.8782997131348,3.49035382270813,11.0304088592529,16.0616760253906,0,27,30,2,90,33.3333333333333
"994",44,"RI",1,1,1994,0,0,2.38169057752473,17.2467,6.90000009536743,10.3172235488892,75.388671875,12.7012176513672,1,0,993412,84.7148702224806,4.6211440973131,5.54895652559059,15.5879937025122,33.6238136845538,2.65776283305706,2.91218547792859,13.4173937902904,0,36,0,0,1,0,0,0,1,0,0,0,0,0,0,0,0,0,0,7,7,21,21,1,1,1,1,1,0,0,1,0,0,0,0,1,0,19.940450668335,3.59394073486328,10.5326976776123,15.8297567367554,1,27,28,0,82,34.1463414634146
"995",44,"RI",1,1,1995,0,1,2.41305374124421,17.6631,6.3230767250061,11.3855171203613,78.89453125,13.1665916442871,1,1,989203,85.3513959306604,4.70681953047049,5.81154727593831,15.7171985932109,33.1359690579183,2.26266155895414,2.9255875689823,13.4977350452839,3,34,2,0,1,1,0,0,1,0,5,0,0,0,0,0,0,0,0,7,7,21,21,1,1,1,1,1,0,0,1,0,0,0,0,1,0,19.9631862640381,3.68996334075928,10.009222984314,15.6558198928833,0,23,35,2,89,39.3258426966292
"996",44,"RI",1,1,1996,0,0,2.55502309036319,17.7042,5.4538459777832,12.5213756561279,78.5800552368164,13.0569915771484,1,0,987858,85.9879216388401,4.78084906940066,6.03851970627357,15.7815192062017,32.5207671547935,1.46988787695275,2.91641106312851,13.2427940048064,1,10,0,0,1,1,0,0,1,0,0,0,0,0,0,0,0,0,0,7,7,21,21,1,1,1,1,1,0,0,1,0,0,0,0,1,0,19.8267593383789,3.73780608177185,9.56015968322754,15.5393362045288,1,15,36,0,83,43.3734939759036
"997",44,"RI",1,1,1997,0,0,2.75794708227031,18.2469,5.1538462638855,11.980936050415,77.5498046875,13.4520101547241,1,1,986966,86.6244473470197,4.87524392937548,6.3210890750036,15.7178666742319,32.3805480634591,1.36592295414011,2.9423505976903,13.3702680740775,0,16,0,0,1,1,0,0,1,0,0,0,0,0,0,0,0,0,0,7,7,21,21,1,1,1,1,1,0,0,1,0,0,0,0,1,0,19.7914276123047,3.81790471076965,9.44191932678223,15.1373233795166,0,14,25,0,72,34.7222222222222
"998",44,"RI",1,1,1998,0,1,2.84498189741056,19.1017,4.61538457870483,11.711483001709,80.7154998779297,13.5720462799072,1,0,987704,87.2609730551994,4.97031499315584,6.58132395940484,15.6775714181577,32.4118359346525,0.969609528546759,3.03026007791808,12.8327920105619,0,20,0,0,1,1,0,0,1,0,4,0,0,0,0,0,0,0,0,7,7,21,21,1,1,1,1,1,0,0,1,0,0,0,0,1,0,19.6113090515137,3.83424401283264,9.68884372711182,14.5290479660034,0,10,26,0,86,30.2325581395349
"999",44,"RI",1,1,1999,0,0,2.72400912780235,19.3392,4.16153860092163,12.5338497161865,80.8906936645508,13.8464841842651,1,1,990819,87.8974987633792,5.07580092832293,6.92800602329992,15.5778199650996,32.8113409209957,2.01845056045644,3.06312252792892,11.8124501044086,3,24,2,0,1,1,0,0,1,0,0,0,0,0,0,0,0,0,0,7,7,21,21,1,1,1,1,1,0,0,1,0,0,0,0,1,0,19.8565559387207,3.88561344146729,9.90713214874268,13.8084125518799,0,21,35,0,96,36.4583333333333
"1000",44,"RI",1,1,2000,0,1,2.52602192964082,19.9241,4.09230756759644,12.5406799316406,81.3446884155273,12.4666213989258,1,0,1050268,88.5340244715588,5.74329599683128,8.7267249882887,14.5134384747512,33.8229861330632,2.57555190738697,2.96590965353605,10.9343519939673,4,21,4,0,1,1,0,0,1,0,12,0,0,0,0,0,0,0,0,7,7,21,21,1,1,1,1,1,0,0,1,0,0,0,0,1,0,19.731725692749,3.88748407363892,10.2037763595581,13.324408531189,0,27,27,0,75,36
"1001",44,"RI",1,1,2001,0,0,2.58054263287241,20.2489,4.57692289352417,13.1788845062256,78.6878662109375,11.5218343734741,1,1,1057142,88.7261364667139,5.89495072563572,9.14493984724852,14.3257953992936,33.8919463988755,1.89189342585953,2.90405640869439,11.6209553683422,0,14,0,0,1,1,0,0,1,0,0,0,0,0,0,0,0,0,0,7,7,21,21,1,1,1,1,1,0,0,1,0,0,0,0,1,0,19.5761775970459,3.91130042076111,10.4044675827026,12.9624967575073,1,20,25,0,88,28.4090909090909
"1002",44,"RI",1,1,2002,0,0,2.60695406638868,20.622,4.9769229888916,12.0274677276611,80.0950241088867,10.5315704345703,1,0,1065995,88.918248461869,6.05997213870609,9.56420996346137,14.1489406610725,33.9069132594431,2.34522675997542,2.92871917785731,10.0844750678943,0,19,0,0,1,1,0,0,1,0,0,0,0,0,0,0,0,0,0,7,7,21,21,1,1,1,1,1,0,0,1,0,0,0,0,1,0,19.3688526153564,3.96052503585815,10.5775356292725,12.7785778045654,0,25,30,0,86,34.8837209302326
"1003",44,"RI",1,1,2003,0,1,2.62941245652649,20.9817,5.3230767250061,12.4652881622314,80.9698867797852,10.027928352356,1,1,1071342,89.1103604570242,6.22760985754316,9.99606101506335,14.0056116534216,33.740672913038,1.96015838079717,2.93090348366815,9.97907297576311,2,20,0,0,1,1,0,0,1,0,4,0,0,0,0,0,0,0,0,7,7,21,21,1,1,1,1,1,0,0,1,0,0,0,0,1,0,19.1663360595703,3.98920226097107,10.5851354598999,12.7005195617676,0,21,12,2,84,14.2857142857143
"1004",44,"RI",1,1,2004,0,0,2.52470967699909,21.3452,5.16153860092163,11.0064926147461,81.0613555908203,9.70915412902832,1,0,1074579,89.3024724521794,6.4005531468603,10.3311157206683,13.9313163573828,33.6318688528251,1.67507461061495,2.87926713624592,10.0039178133948,0,21,0,0,1,1,0,0,1,0,0,0,0,0,0,0,0,0,0,7,7,21,21,1,1,1,1,1,0,0,1,0,0,0,0,1,0,18.86496925354,4.04893445968628,10.7179651260376,12.5856733322144,0,18,22,0,85,25.8823529411765
"1005",44,"RI",1,1,2005,0,0,2.62005625910652,21.2535,5.05384635925293,10.9094228744507,83.9295501708984,9.55725860595703,1,1,1067916,89.4945844473345,6.54311762348349,10.697189666603,13.8843317264654,33.4789440367969,1.77916615164489,3.00210878009132,10.0110870143345,7,34,2,0,1,1,0,0,1,0,0,0,0,0,0,0,0,0,0,7,7,21,21,1,1,1,1,1,0,0,1,0,0,0,0,1,0,18.4713973999023,4.18319416046143,10.8243532180786,12.3308391571045,1,19,19,0,71,26.7605633802817
"1006",44,"RI",1,1,2006,0,0,2.80219284053369,21.8855,4.9384617805481,13.1873426437378,83.9584426879883,8.8665246963501,1,0,1063096,89.6866964424897,6.66270967062241,11.0673918441985,13.9325140909194,33.3117611203504,1.78723276166969,3.03171115308495,8.74991534160603,2,17,0,0,1,1,0,0,1,0,0,0,0,0,0,0,0,0,0,7,7,21,21,1,1,1,1,1,0,0,1,0,0,0,0,1,0,18.0821857452393,4.24392509460449,10.9856491088867,12.1226119995117,1,19,27,0,90,30
"1007",44,"RI",1,1,2007,0,0,3.00950993790876,22.3641,5.192307472229,11.8627576828003,82.4556884765625,8.99743938446045,1,1,1057315,89.8788084376448,6.81471463092834,11.398495245031,13.9805072282149,33.1731792323007,1.22952951580182,3.06436587015222,8.45537990097558,2,14,0,0,1,1,0,0,1,0,0,0,0,0,0,0,0,0,0,7,7,21,21,1,1,1,1,1,0,0,1,0,0,0,0,1,0,17.8503093719482,4.24859189987183,11.0742778778076,12.0020046234131,0,13,24,0,96,25
"1008",44,"RI",1,1,2008,0,0,3.12226600303506,22.0957,7.77692317962646,10.1784448623657,83.7543411254883,10.0670347213745,1,0,1055003,90.0709204328,6.92879546314086,11.7716252939565,14.189722683253,33.005403776103,1.80094274613437,3.07108131446072,8.6018712742997,6,20,0,0,1,1,0,0,1,0,0,0,0,0,0,0,0,0,0,7,7,21,21,1,1,1,1,1,0,0,1,0,0,0,0,1,0,17.6330299377441,4.14870834350586,11.2236652374268,12.055700302124,1,19,23,0,110,20.9090909090909
"1009",44,"RI",1,1,2009,0,1,2.93552103837532,21.8745,11,11.4321022033691,86.5179748535156,9.55927085876465,1,1,1053646,90.2630324279552,7.05787332747431,12.1351004037409,14.342578057526,32.8634095322338,1.32871951300532,3.02853140428569,8.61294970037375,0,12,0,0,1,1,0,0,1,0,17,0,0,0,0,0,0,0,0,7,7,21,21,1,1,1,1,1,0,0,1,0,0,0,0,1,0,17.3731021881104,4.06692552566528,11.4233808517456,12.0202608108521,1,14,40,1,118,33.8983050847458
"1010",44,"RI",1,1,2010,0,1,2.65792277495114,22.4084,11.2076921463013,12.6758308410645,84.6124114990234,8.54657936096191,1,0,1053078,90.4551444231104,7.14733381572875,12.5065759611349,14.4748062346759,32.5863801161927,1.61509908632895,3.00452578061644,8.61759527784267,0,8,0,0,1,1,0,0,1,0,12,0,0,0,0,0,0,0,0,7,7,21,21,1,1,1,1,1,0,0,1,0,0,0,0,1,0,17.1974906921387,3.99106240272522,11.3978261947632,12.1189498901367,0,17,30,2,129,23.2558139534884
"1011",44,"RI",1,1,2011,0,0,2.54272732457558,22.5095,11.0923080444336,11.5601282119751,86.0644302368164,8.17337226867676,1,1,1052020,90.6472564182655,7.32400524704853,12.9016558620559,14.5749130244672,32.3774262846714,1.14066272504325,2.93815706925724,8.41999201536093,0,8,0,0,1,0,0,0,1,0,0,0,0,0,0,0,0,0,0,7,7,21,21,1,1,1,1,1,0,0,1,0,0,0,0,1,0,17.02610206604,3.88443183898926,11.4668922424316,12.3301839828491,0,12,20,1,101,19.8019801980198
"1012",44,"RI",1,1,2012,0,1,2.51178706429662,22.887,10.3615379333496,12.619987487793,85.4035949707031,8.12714862823486,1,0,1052637,90.8393684134207,7.40967684016427,13.2907165528098,15.0657824112206,32.0429549787819,1.42499266128779,2.89273510241422,8.35805695600668,2,11,0,0,1,0,0,0,1,0,27,0,0,0,0,0,0,0,0,7,7,21,21,1,1,1,1,1,0,0,1,0,0,0,0,1,0,16.8230838775635,3.79295039176941,11.4269208908081,12.5670099258423,0,15,26,0,105,24.7619047619048
"1013",44,"RI",1,1,2013,0,1,2.47210339543971,22.9136,9.24615383148193,11.6717643737793,87.1727676391602,9.44553279876709,1,1,1053354,91.0314804085759,7.54978858009748,13.6462195994889,15.451880374499,31.594696559751,1.70882723187077,2.9012089003317,8.16914351680442,7,21,2,0,1,0,0,0,1,0,4,0,0,0,0,0,0,0,0,7,7,21,21,1,1,1,1,1,0,0,1,0,0,0,0,1,0,16.6468257904053,3.72258520126343,11.2252864837646,12.8846521377563,1,18,34,2,132,25.7575757575758
"1014",44,"RI",1,1,2014,0,0,2.50764566568705,23.4359,7.68461561203003,11.717339515686,86.5326232910156,8.02096748352051,1,0,1055173,91.223592403731,7.69058723071951,14.0351392615239,15.7459487685906,31.2727865477983,1.23202545933226,2.96254737374819,8.1038843867309,6,36,0,2,1,0,0,0,1,0,0,0,0,0,0,0,0,0,0,7,7,21,21,1,1,1,1,1,0,0,1,0,0,0,0,1,0,16.4820365905762,3.69020056724548,11.100549697876,13.1514930725098,0,13,20,1,113,17.6991150442478
"1015",45,"SC",5,3,1989,1,0,4.28260568958225,13.8305,4.61538457870483,8.06524658203125,69.7638244628906,15.6660814285278,1,1,3456774,40.6383250792005,29.860630372957,0.887965357345668,11.164266063406,38.6118833477495,6.52767532151689,2.40021476671602,56.9212797828264,1,16,0,0,1,1,0,0,1,4,0,0.115714825441293,0.163888888888889,0,0,0,0,0,0,0,0,21,21,1,1,1,1,0,1,0,0,0,0,0,0,0,1,22.1790447235107,4.51458740234375,11.917592048645,17.1653785705566,28,226,323,9,424,76.1792452830189
"1016",45,"SC",5,3,1990,0,0,4.72097680979828,13.9096,4.79230785369873,9.74322986602783,68.8846130371094,14.5661468505859,1,0,3499064,40.9194301894942,29.8895933312452,0.878634972095395,11.3398040161597,38.0048492968405,7.47935654608473,2.32204955382354,54.4777117537719,3,7,0,1,1,1,0,0,1,0,0,0,0,4,1,0,0,0,0,0,0,21,21,1,1,1,1,0,1,0,0,0,0,0,0,0,1,21.9287071228027,4.37806940078735,11.7256736755371,16.9516639709473,31,262,331,7,434,76.2672811059908
"1017",45,"SC",5,3,1991,0,1,4.99905884864882,13.6517,6.1307692527771,9.51556301116943,70.1909332275391,13.8561506271362,1,1,3559470,41.4980140782411,29.9158301657269,0.915894782088345,11.4203800003933,37.6393395645981,7.92248173560019,2.57257400680438,55.2582266461018,0,18,0,0,1,1,0,0,1,0,4,0,0,0,0,0,0,0,0,0,0,21,21,1,1,1,1,0,1,0,0,0,0,0,0,0,1,21.9504566192627,4.26848077774048,11.53639793396,16.6655654907227,26,283,302,7,420,71.9047619047619
"1018",45,"SC",5,3,1992,0,0,5.12584653122167,13.9279,6.73076915740967,10.6106910705566,72.923698425293,13.619836807251,1,0,3600576,42.0765979669877,29.9947841678665,0.963401411329743,11.5780641763984,37.3204176220694,8.55884746007919,2.28991139195506,57.2122349312999,1,6,0,0,1,1,0,0,1,0,0,0,0,0,0,0,0,0,0,0,0,21,21,1,1,1,1,0,1,0,0,0,0,0,0,0,1,21.9136009216309,4.26724290847778,11.3531856536865,16.276725769043,29,310,351,10,465,75.4838709677419
"1019",45,"SC",5,3,1993,0,1,5.13769818024838,14.0472,7.26923084259033,9.58095836639404,73.2633590698242,14.5589809417725,1,1,3634507,42.6551818557346,30.0996531303971,0.9857182831124,11.7406294718926,36.9492203481793,7.31334661196938,2.68592136430058,57.3813724942613,0,9,0,0,1,1,0,0,1,0,4,0,0,0,0,0,0,0,0,0,0,21,21,1,1,1,1,0,1,0,0,0,0,0,0,0,1,21.8527545928955,4.26979494094849,11.1319694519043,15.8964805603027,37,268,340,8,491,69.2464358452139
"1020",45,"SC",5,3,1994,0,0,5.14147721941842,14.3646,6.2384614944458,11.0870628356934,74.8590621948242,13.7565774917603,1,0,3666456,43.2337657444814,30.1413681222412,1.005603231022,11.8729639739301,36.5869657238489,7.50033724537974,2.73779366232678,58.3904457056078,1,9,0,0,1,1,0,0,1,0,0,0,0,0,0,0,0,0,0,0,0,21,21,1,1,1,1,0,1,0,0,0,0,0,0,0,1,21.832857131958,4.33886051177979,10.8147659301758,15.5861034393311,38,279,329,4,468,70.2991452991453
"1021",45,"SC",5,3,1995,0,1,5.2173776731155,14.6157,5.20769214630127,9.93430995941162,74.2799682617188,12.8241300582886,2,1,3699943,43.812349633228,30.1594105638925,1.07374627122634,11.9906441801941,36.0565284384111,5.09400710067252,2.92707211975968,58.7444184950957,1,14,1,0,0,1,0,1,1,0,4,0,0,0,0,0,0,0,0,0,0,21,21,1,1,1,1,0,1,0,0,0,0,0,0,0,1,21.6387157440186,4.39470195770264,10.5152559280396,15.3640232086182,32,192,302,4,436,69.2660550458716
"1022",45,"SC",5,3,1996,0,0,5.35574732533577,14.903,5.7846155166626,12.5054311752319,73.8175888061523,14.1157970428467,2,0,3738974,44.3909335219748,30.1081526643405,1.11782002228419,12.0984526771248,35.606131521642,6.63635537683043,2.91256371400283,58.5853231394495,4,3,0,0,0,1,0,1,1,0,0,0,0,0,0,0,0,0,0,0,0,21,21,1,1,1,1,0,1,0,0,0,0,0,0.35792350769043,0,0.64207649230957,21.5776824951172,4.43717384338379,10.1964855194092,15.1646642684937,17,252,351,10,497,70.6237424547284
"1023",45,"SC",5,3,1997,1,1,5.48987801267841,15.2481,4.57692289352417,10.981330871582,77.3403701782227,12.1343660354614,2,1,3790066,44.9695174107217,30.0117464972905,1.22662771571788,12.16269057056,35.2886994580042,6.00920444349587,2.97171605982587,58.8704787726652,1,11,0,0,0,1,0,1,1,4,4,0.105539059214272,0,0,0,0,0,0,0,0,0,21,21,1,1,1,1,0,1,0,0,0,0,0,1,0,0,21.4938163757324,4.45851182937622,10.0217475891113,14.8577508926392,18,232,304,1,432,70.3703703703704
"1024",45,"SC",5,3,1998,0,0,5.59123945391915,15.8826,3.7615385055542,10.5737981796265,78.5615692138672,12.7460584640503,2,0,3839578,45.5481012994685,29.8854978333556,1.30639356720973,12.1755307484312,34.950820116169,5.94267840341401,3.13029192270609,58.3936568029091,1,9,0,0,0,1,0,1,1,0,0,0,0,0,0,0,0,4,1,0,0,21,21,1,1,1,1,0,1,0,0,0,0,0,1,0,0,21.2924213409424,4.38532018661499,10.0555849075317,14.5268907546997,27,233,325,3,449,72.3830734966593
"1025",45,"SC",5,3,1999,0,1,5.63239499543973,16.1568,4.2615385055542,11.9115362167358,78.6222534179688,13.5971250534058,2,1,3885736,46.1266851882151,29.7741792031162,1.39739292633365,12.1822738343521,34.7022546050478,5.61051173402048,3.18884247411559,67.6950261160305,1,12,0,0,0,0,0,1,1,0,9,0,0,0,0,0,0,0,0,0,0,21,21,1,1,1,1,0,1,0,0,0,0,0,1,0,0,21.0614585876465,4.27515983581543,10.1493406295776,14.2092370986938,30,223,287,6,418,68.6602870813397
"1026",45,"SC",5,3,2000,0,1,5.44030487376072,16.5747,3.7615385055542,12.0804805755615,82.9764862060547,13.2618427276611,2,0,4024223,46.7052690769619,29.6832456849434,2.39723295652353,12.1068588892812,35.3315907195004,4.21235031201303,3.05301172425087,64.2871928320076,2,12,0,0,0,0,0,1,1,0,4,0,0,0,0,0,0,0,0,0,0,21,21,1,1,1,1,0,1,0,0,0,0,0,1,0,0,20.8824157714844,4.23152494430542,10.2176494598389,13.889289855957,18,169,297,7,443,67.0428893905192
"1027",45,"SC",5,3,2001,0,0,5.45560326642468,16.5747,5.2153844833374,12.6790199279785,81.9322891235352,12.2739877700806,0,1,4064995,47.6127788383797,29.5982897887943,2.64735872983854,12.1509374550276,35.2828232261048,5.60886298753135,3.0302620298426,68.3127531522179,2,15,1,0,0,0,1,0,1,0,0,0,0,0,0,0,0,0,0,0,0,21,21,1,1,1,1,0,1,0,0,0,0,0,1,0,0,20.7715129852295,4.22566318511963,10.2856464385986,13.5630178451538,17,228,311,4,467,66.5952890792291
"1028",45,"SC",5,3,2002,0,0,5.63440970155521,16.5749,5.807692527771,13.4906396865845,80.1736526489258,12.5124931335449,0,0,4107795,48.5202885997976,29.4478181116633,2.91012574872894,12.183592413935,35.140580286991,5.52607907648751,2.95243555240707,67.9690685635481,2,9,1,0,0,0,1,0,1,0,0,0,0,0,0,0,0,0,0,0,0,21,21,1,1,1,1,0,1,0,0,0,0,0,1,0,0,20.6255416870117,4.2182240486145,10.2968139648438,13.4346771240234,31,227,304,4,440,69.0909090909091
"1029",45,"SC",5,3,2003,1,1,5.71453079141083,16.5963,6.90769243240356,12.230785369873,80.8122482299805,12.3449306488037,0,1,4150297,49.4277983612153,29.3280938689448,3.16040032797653,12.2589780924112,34.9411138528158,5.68634003783344,2.93352499833144,65.7186702542011,1,14,0,0,0,1,1,0,1,4,4,0.0963786447090413,0.225,0,0,0,0,0,0,0,0,21,21,1,1,1,1,0,1,0,0,0,0,0,1,0,0,20.4618377685547,4.20591592788696,10.2733612060547,13.3073606491089,24,236,328,2,476,68.9075630252101
"1030",45,"SC",5,3,2004,0,0,5.59806275159282,16.8753,6.82307720184326,11.1861953735352,83.5747680664062,12.2245397567749,0,0,4210921,50.3353081226333,29.1696994552973,3.42219671183572,12.3377522399494,34.7739603758893,5.2245102674688,3.4652751737684,66.304497282186,3,9,1,0,0,1,1,0,1,0,0,0,0,0,0,4,1,0,0,0,0,21,21,1,1,1,1,0,1,0,0,0,0,0,1,0,0,20.1954860687256,4.24360847473145,10.334864616394,13.2107200622559,17,220,328,3,482,68.0497925311203
"1031",45,"SC",5,3,2005,0,0,5.45507769047926,17.0783,6.72307682037354,12.6367511749268,82.988395690918,11.8072938919067,0,1,4270150,51.2428178840512,28.9897544582743,3.71120452443123,12.4856738053698,34.5092795335058,5.50331955551913,3.55116330808051,49.5544652998138,1,8,0,1,0,1,1,0,1,0,0,0,0,0,0,0,0,0,0,0,0,21,21,1,1,1,1,0,1,0,0,0,0,0,1,0,0,19.9312896728516,4.35218906402588,10.2257995605469,13.0776672363281,34,235,314,2,510,61.5686274509804
"1032",45,"SC",5,3,2006,0,0,5.36687038347147,17.5347,6.43076944351196,14.4974040985107,83.1418609619141,9.52819347381592,0,0,4357847,52.1503276454689,28.7886426485372,4.03155503164751,12.7395477629205,34.2098058972699,6.28750848756278,3.28877998699817,48.2201417351275,1,10,0,0,0,1,1,0,1,0,0,0,0,0,0,0,0,0,0,0,0,21,21,1,1,1,1,0,1,0,0,0,0,0,1,0,0,19.7076683044434,4.38776302337646,10.1143751144409,12.9637870788574,17,274,315,5,524,60.1145038167939
"1033",45,"SC",5,3,2007,0,0,5.38398014450587,17.7279,5.66923093795776,14.2376689910889,82.4222717285156,11.0505313873291,0,1,4444110,53.0578374068868,28.5442304533416,4.37007634824521,12.906836239427,34.0973783277192,5.7379317793664,3.37502897093006,49.532077288816,2,11,0,0,0,1,1,0,1,0,0,0,0,0,0,0,0,0,0,0,0,21,21,1,1,1,1,0,1,0,0,0,0,0,1,0,0,19.6052303314209,4.3408465385437,10.1513013839722,12.8375082015991,14,255,311,7,530,58.6792452830189
"1034",45,"SC",5,3,2008,0,0,5.36145317858528,17.4975,6.79230785369873,12.3495473861694,85.0044097900391,10.6212692260742,0,0,4528996,53.9653471683048,28.3820299245131,4.68147907394928,13.1812437016946,33.9295066721189,5.49790726244845,3.38176496512693,44.0583299256612,5,8,0,2,0,1,1,0,1,0,0,0,0,0,0,0,0,0,0,0,0,18.7540988922119,18.7540988922119,1,0.25136610865593,1,0.25136610865593,0,1,0,0,0,0,0,1,0,0,19.5128898620605,4.20353651046753,10.213080406189,12.819375038147,14,249,343,5,565,60.7079646017699
"1035",45,"SC",5,3,2009,0,1,5.29579038369697,17.1655,11.2538461685181,11.6564083099365,84.3837356567383,10.8945913314819,0,1,4589872,54.8728569297225,28.2236410950022,4.92031150324018,13.4411591434358,33.8132087343612,5.11996848713864,2.80639634395033,44.6764092767729,1,11,1,0,0,1,1,0,1,0,12,0,0,0,0,0,0,0,0,0,0,18,18,1,0,1,0,0,1,0,0,0,0,0,1,0,0,19.4409561157227,4.08320760726929,10.2890453338623,12.786413192749,17,235,377,3,619,60.9046849757674
"1036",45,"SC",5,3,2010,0,0,5.16210159416257,17.0195,11.1615381240845,12.7714242935181,85.5556869506836,10.4761781692505,0,0,4636290,55.7803666911404,28.1514098557252,5.10628109975864,13.7374279866014,33.5969277159108,4.9509616972848,3.02612649338156,44.0966807512041,4,12,0,0,0,1,1,0,1,0,0,0,0,0,0,0,0,0,0,0,0,18,18,1,0,1,0,0,1,0,0,0,0,0,1,0,0,19.3191108703613,3.97557091712952,10.30224609375,12.8037719726562,20,229,392,1,637,61.5384615384615
"1037",45,"SC",5,3,2011,0,0,4.97447707644722,17.2107,10.5461540222168,12.0298767089844,86.0273971557617,10.0526561737061,0,1,4673054,56.6878764525584,28.0553145758641,5.1821571075361,14.0635010851576,33.3684780873493,5.41401832720101,3.3573333413224,47.7221106368555,0,13,0,0,0,1,1,0,1,0,0,0,0,0,0,0,0,0,0,0,0,18,18,1,0,1,0,0,1,0,0,0,0,0,1,0,0,19.1846485137939,3.85446000099182,10.3293695449829,12.836594581604,17,253,426,2,658,64.741641337386
"1038",45,"SC",5,3,2012,0,0,4.79606557460359,17.489,9.16923046112061,13.4697437286377,86.506477355957,10.1857147216797,0,0,4722621,57.5953862139761,27.962481003663,5.25805479626673,14.7260176075954,33.130437526111,5.78068830846261,3.22448064326991,49.6455252284695,2,20,0,1,0,1,1,0,1,0,0,0,0,0,0,0,0,0,0,0,0,18,18,1,0,1,0,0,1,0,0,0,0,0,1,0,0,19.0373725891113,3.77349781990051,10.3195657730103,12.8190889358521,26,273,433,5,673,64.3387815750371
"1039",45,"SC",5,3,2013,1,0,4.65681698114117,17.4726,7.63846158981323,15.2191219329834,87.611213684082,8.34671592712402,0,1,4771929,58.502895975394,27.8936463639757,5.33318915683783,15.2515261647858,32.8092685368957,5.11323617765478,3.15386083908625,36.4510871808864,2,23,1,0,0,1,1,0,1,5,0,0.104779429869975,0.9,0,0,0,0,0,0,0,0,18,18,1,0,1,0,0,1,0,0,0,0,0,1,0,0,18.8659763336182,3.74575972557068,10.1975326538086,12.8647136688232,15,244,470,6,696,67.5287356321839
"1040",45,"SC",5,3,2014,0,0,4.49644716731485,17.7235,6.43076944351196,12.4168539047241,88.0548858642578,8.52303886413574,0,0,4832482,59.410405736812,27.7767822001199,5.41651267402548,15.7655010406661,32.4206898235731,5.50441781262713,2.63467096204394,42.387535018237,4,30,0,1,0,1,1,0,1,0,0,0,0,0,0,5,1,0,0,0,0,18,18,1,0,1,0,0,1,0,0,0,0,0,1,0,0,18.6931476593018,3.75386810302734,9.97367382049561,12.9968614578247,13,266,479,3,753,63.6122177954847
"1041",46,"SD",4,2,1989,0,0,1.63343576994679,13.8113,4.00769233703613,7.6939172744751,78.3109512329102,15.2073040008545,0,1,696691,23.2129901887747,0.464768455455862,0.731601240722214,14.5644195202751,38.7173079600569,1.43572338204743,1.8099846273312,214.891537281234,NA,NA,NA,NA,0,1,1,0,1,0,0,0,0,0,0,0,0,0,0,2,0,0,15,0,0,0,0,0,1,0,0,0,0,0,1,0,0,24.3667011260986,4.28064823150635,10.0633335113525,15.9949884414673,8,10,51,3,90,56.6666666666667
"1042",46,"SD",4,2,1990,0,0,1.86315700327416,14.3372,3.77692317962646,8.32418823242188,78.8528823852539,16.0623321533203,0,0,696667,23.5610714880949,0.473683983883261,0.755454183993213,14.6972656950882,38.3971108147795,1.0060289880067,2.01243922849798,209.315210853966,0,1,0,0,0,1,1,0,1,0,0,0,0,0,0,0,0,0,0,2,0,0,15,0,0,0,0,0,1,0,0,0,0,0,1,0,0,24.3093891143799,4.30238962173462,9.77907085418701,15.5942974090576,4,7,57,1,91,62.6373626373626
"1043",46,"SD",4,2,1991,0,1,1.93457790703476,14.2072,3.5,8.45499420166016,80.446418762207,14.6435928344727,0,1,701445,23.782768494846,0.496831540605464,0.796926344902309,14.6939531966156,38.4159841470108,0.85226183187999,1.99587993356571,210.960232092324,1,1,0,0,0,1,1,0,1,0,5,0,0,0,0,0,0,0,0,2,0,0,15,0,0,0,0,0,1,0,0,0,0,0,1,0,0,24.273344039917,4.39766407012939,9.67571353912354,15.1423463821411,11,6,58,0,95,61.0526315789474
"1044",46,"SD",4,2,1992,0,0,2.01778472635735,14.749,3.30769228935242,8.30158996582031,82.4415512084961,14.449688911438,0,0,708698,24.0044655015972,0.545507395251574,0.821506480898775,14.6431907526196,38.6741602205735,0.420700719117763,1.89643543512187,232.616714030518,0,0,0,0,0,1,1,0,1,0,0,0,0,0,0,0,0,0,0,2,0,0,15,0,0,0,0,0,1,0,0,0,0,0,1,0,0,24.4077949523926,4.58094215393066,9.58654689788818,14.5938348770142,4,3,44,1,79,55.6962025316456
"1045",46,"SD",4,2,1993,0,0,2.12214034607641,14.7814,3.37692308425903,8.88715267181396,80.2722930908203,14.4275455474854,2,1,716258,24.2261625083483,0.554129936419558,0.849973054402185,14.5918090967221,38.588469517967,1.79929052590494,1.6083589991316,251.124594768924,4,5,3,0,0,1,0,1,1,0,0,0,0,0,0,0,0,0,0,2,0,0,15,0,0,0,0,0,1,0,0,0,0,0,1,0,0,24.1280651092529,4.67099332809448,9.6473217010498,14.1639165878296,3,13,82,3,117,70.0854700854701
"1046",46,"SD",4,2,1994,0,0,2.25437667176552,15.3365,3.25384616851807,10.0936050415039,82.1570663452148,13.8971996307373,2,0,723038,24.4478595150994,0.58268030172688,0.890824548640597,14.5358888467826,38.3746082501888,0.547085606588005,2.12022051399788,259.640572141437,3,4,2,0,0,1,0,1,1,0,0,0,0,0,0,0,0,0,0,2,0,0,16.5123291015625,0,0,0.504109561443329,0,0,1,0,0,0,0,0,1,0,0,23.7087268829346,4.81424188613892,9.67843055725098,13.7893238067627,11,4,67,2,97,69.0721649484536
"1047",46,"SD",4,2,1995,0,0,2.45657060546433,15.0719,3.05384612083435,9.30472278594971,83.7409896850586,13.6879291534424,0,1,728251,24.6695565218506,0.550085066824488,0.950496463444609,14.4895097981328,38.1352033845474,1.0834603013374,2.25334397069142,288.54062678939,0,1,0,0,0,1,1,0,1,0,0,0,0,0,0,0,0,0,0,2,0,0,18,0,0,1,0,0,1,0,0,0,0,0,1,0,0,23.2031707763672,4.96893310546875,9.74218273162842,13.4510955810547,6,8,57,0,86,66.2790697674419
"1048",46,"SD",4,2,1996,0,1,2.69194292040909,16.0838,3.15384602546692,9.0584545135498,82.3581695556641,14.1238851547241,0,0,730699,24.8912535286017,0.623512554417072,1.00109621061477,14.4672430097756,37.755081093583,0.53858779586984,2.30053688317625,297.515119084603,2,7,1,1,0,1,1,0,1,0,9,0,0,0,0,0,0,0,0,2,0,0,18,0,0,1,0,0,1,0,0,0,0,0,1,0,0,22.6483497619629,5.07684469223022,9.77428340911865,13.1805830001831,4,4,74,1,124,59.6774193548387
"1049",46,"SD",4,2,1997,0,0,2.94449651435647,16.0103,2.93846154212952,9.91427707672119,85.6463851928711,14.9500217437744,0,1,730855,25.1129505353528,0.6445875036772,1.09241915290995,14.4578609984197,37.8248763434607,0.805981457053278,2.36572233890443,292.989717522628,0,0,0,0,0,1,1,0,1,0,0,0,0,0,0,0,0,0,0,2,0,0,18,0,0,1,0,0,1,0,0,0,0,0,1,0,0,22.5122032165527,5.16471529006958,9.85887336730957,12.7322053909302,6,6,73,0,127,57.4803149606299
"1050",46,"SD",4,2,1998,0,0,3.19107156785337,17.0144,2.79230761528015,8.44308280944824,86.3007278442383,13.1197986602783,0,0,730789,25.3346475421039,0.677897450563706,1.18173645197177,14.4527353312652,37.8382816380652,0.401874880274775,2.40972428430094,252.92799973727,4,5,1,0,0,1,1,0,1,0,0,0,0,0,0,0,0,0,0,2,0,0,18,0,0,1,0,0,1,0,0,0,0,0,1,0,0,22.3172988891602,5.13177251815796,10.0556526184082,12.3742389678955,3,3,72,0,115,62.6086956521739
"1051",46,"SD",4,2,1999,0,0,3.36091814172872,17.4763,2.72307682037354,9.84311389923096,88.7161254882812,13.2996921539307,0,1,733133,25.5563445488551,0.695508182007903,1.2248800695099,14.3823835511428,37.6733825922445,1.19934116192172,2.47704031874162,279.074874545273,3,6,1,1,0,1,1,0,1,0,0,0,0,0,0,0,0,0,0,2,0,0,18,0,0,1,0,0,1,0,0,0,0,0,1,0,0,22.0995941162109,5.05042552947998,10.2205190658569,12.1162776947021,4,9,56,3,103,54.3689320388349
"1052",46,"SD",4,2,2000,0,0,3.3882653034224,17.9839,2.46153855323792,9.82322120666504,91.8027420043945,13.1382350921631,0,0,755844,25.7780415556062,0.659527627394013,1.45466524838459,14.3145940167548,37.1359698562137,0.132477704002416,2.39996613057721,301.92605881637,0,3,0,0,0,1,1,0,1,0,0,0,0,0,0,0,0,0,0,2,0,0,18,0,0,1,0,0,1,0,0,0,0,0,1,0,0,21.8187885284424,4.99640130996704,10.3207807540894,11.9948034286499,4,1,51,0,95,53.6842105263158
"1053",46,"SD",4,2,2001,0,0,3.56609478978115,18.2425,3.09230780601501,8.32949829101562,87.7054824829102,12.2317447662354,0,1,757972,26.1920451084146,0.730633849271477,1.65982384573573,14.2650388140987,37.0080952858417,0.923516963687313,2.62410748682009,286.299493912704,1,6,1,0,0,1,1,0,1,0,0,0,0,0,0,0,0,0,0,2,0,0,18,0,0,1,0,0,1,0,0,0,0,0,1,0,0,21.5286312103271,4.96245241165161,10.5170116424561,11.8121776580811,3,7,43,1,105,40.9523809523809
"1054",46,"SD",4,2,2002,0,0,3.75516433778059,18.0683,3.18461537361145,8.65524578094482,89.1531753540039,12.3979978561401,0,0,760020,26.6060486612232,0.799452645983,1.81639956843241,14.2115996947449,36.8288992394937,0.657877424278308,2.65256177469014,284.40304202521,2,4,1,0,0,1,1,0,1,0,0,0,0,0,0,0,0,0,0,2,0,0,18,0,0,1,0,0,1,0,0,0,0,0,1,0,0,21.2649669647217,4.87829256057739,10.6856393814087,11.7739009857178,5,5,50,1,94,53.1914893617021
"1055",46,"SD",4,2,2003,0,0,3.89143269405771,19.177,3.53076934814453,9.87649345397949,88.7015380859375,10.7609720230103,0,1,763729,27.0200522140318,0.860907468486859,1.97556986836954,14.1713880185249,36.7214024870078,0.52374598843307,2.68027009580623,272.312561130977,0,1,0,0,0,1,1,0,1,0,0,0,0,0,0,0,0,0,0,2,0,0,18,0,0,1,0,0,1,0,0,0,0,0,1,0,0,21.0604801177979,4.77669429779053,10.8842267990112,11.7171144485474,7,4,60,0,102,58.8235294117647
"1056",46,"SD",4,2,2004,0,0,3.97198323978837,19.6133,3.72307682037354,9.74946117401123,87.509521484375,11.144082069397,0,0,770396,27.4340557668403,0.915373392385215,2.12501103328678,14.116636119606,36.5496445983624,0.908623616945052,2.89980737179321,280.572588642724,0,1,0,0,0,1,1,0,1,0,0,0,0,0,0,0,0,0,0,2,0,0,18,0,0,1,0,0,1,0,0,0,0,0,1,0,0,20.8751087188721,4.67071485519409,11.0038213729858,11.7433109283447,6,7,61,2,112,54.4642857142857
"1057",46,"SD",4,2,2005,0,1,4.22827801153589,19.4567,3.81538462638855,9.62870597839355,88.380744934082,12.0718221664429,0,1,775493,27.8480593196488,0.977700636885181,2.26294757012636,14.0818808164613,36.2531963538033,0.902651603560574,2.92330169324546,268.181659924719,3,3,0,0,0,1,1,0,1,0,9,0,0,0,0,0,0,0,0,2,0,0,18,0,0,1,0,0,1,0,0,0,0,0,1,0,0,20.7270736694336,4.6085524559021,10.9175710678101,11.8381471633911,4,7,71,0,121,58.6776859504132
"1058",46,"SD",4,2,2006,0,0,4.35613824704706,19.1142,3.1076922416687,9.72642803192139,89.9307861328125,13.1644277572632,0,0,783033,28.2620628724574,1.03367291033711,2.37640048375994,14.1236703944789,35.9831577979472,0.38312561539552,2.64356674622909,296.351494764588,3,4,0,1,0,1,1,0,1,0,0,0,0,0,0,0,0,0,0,2,0,0,18,0,0,1,0,0,1,0,0,0,0,0,1,0,0,20.6783103942871,4.52267026901245,10.7821760177612,11.8657836914062,2,3,71,1,125,56.8
"1059",46,"SD",4,2,2007,0,1,4.21286395165375,20.3748,2.83846163749695,11.4410161972046,89.778076171875,13.0873050689697,0,1,791623,28.676066425266,1.11239819964806,2.47921043223858,14.1543386182564,35.5334546873954,0.631613785855136,2.8043652091968,307.119676916916,1,2,0,0,0,1,1,0,1,0,8,0,0,0,0,0,0,0,0,2,0,0,18,0,0,1,0,0,1,0,0,0,0,0,1,0,0,20.6717090606689,4.44719266891479,10.4145536422729,12.243706703186,2,5,44,0,102,43.1372549019608
"1060",46,"SD",4,2,2008,0,0,4.16205745291094,21.2969,3.05384612083435,10.9145450592041,91.1855239868164,11.878210067749,0,0,799124,29.0900699780744,1.17140769142211,2.59997196930639,14.2499787267057,35.2986520239662,1.25137025042421,2.84436457921424,299.601813986315,1,2,1,0,0,1,1,0,1,0,0,0,0,0,0,0,0,0,0,2,0,0,18,0,0,1,0,0,1,0,0,0,0,0,1,0,0,20.684398651123,4.32398462295532,10.2902679443359,12.4517593383789,4,10,68,1,124,54.8387096774194
"1061",46,"SD",4,2,2009,0,0,4.19791665375985,20.7472,4.92307710647583,11.3563938140869,92.0578689575195,11.8658561706543,0,1,807067,29.5040735308829,1.25194066911421,2.68986341902221,14.2916263457681,35.064622887567,1.23905450229039,2.89443131735036,307.898848546651,2,5,0,1,0,1,1,0,1,0,0,0,0,0,0,0,0,0,0,0.991780817508698,0,0,18,0,0,1,0,0,1,0,0,0,0,0,1,0,0,20.6925811767578,4.23769044876099,10.1343507766724,12.7867946624756,4,10,61,0,129,47.2868217054264
"1062",46,"SD",4,2,2010,0,0,4.20734337018741,21.1581,4.98461532592773,10.4339323043823,89.5523147583008,11.6937665939331,0,0,816192,29.9180770836916,1.3190523798322,2.76025739041794,14.3134213518388,34.9132312005018,0.368468888943477,2.95396181290677,317.522102642516,2,4,0,1,0,1,1,0,1,0,0,0,0,0,0,0,0,0,0,0,0,0,18,0,0,1,0,0,1,0,0,0,0,0,1,0,0,20.7747688293457,4.11398315429688,10.0244798660278,12.9857921600342,4,3,65,1,140,46.4285714285714
"1063",46,"SD",4,2,2011,0,0,4.22727807700101,22.4428,4.72307682037354,11.3865776062012,90.9745330810547,11.1705741882324,0,1,824171,30.3320806365002,1.44472445645382,2.97232006464678,14.3748081405436,34.8265105178416,0.728004261251609,3.43739345354301,310.846899490518,2,5,0,0,0,1,1,0,1,0,0,0,0,0,0,0,0,0,0,0,0,0,18,0,0,1,0,0,1,0,0,0,0,0,1,0,0,20.736837387085,4.0242862701416,10.0653867721558,13.107837677002,1,6,60,0,128,46.875
"1064",46,"SD",4,2,2012,0,1,4.30435324456204,22.5996,4.2846155166626,13.2369546890259,90.7897644042969,10.1797380447388,0,0,834504,30.7460841893088,1.73276581058928,3.26625156979475,14.6425900894424,34.7508220451909,0.718989962900118,3.34210501088071,301.562365189382,1,6,0,0,0,1,1,0,1,0,10,0,0,0,0,0,0,0,0,0,0,0,18,0,0,1,0,0,1,0,0,0,0,0,1,0,0,20.6718006134033,3.97589468955994,10.1031274795532,13.1518840789795,2,6,76,0,141,53.9007092198582
"1065",46,"SD",4,2,2013,0,0,4.33584463814739,22.4504,3.78461527824402,12.2826366424561,91.2713775634766,10.1146001815796,0,1,845510,31.1600877421175,1.88820948303391,3.48641648235976,14.9173871391231,34.7423448569502,0.473087249115918,3.13656846163854,299.833236744687,1,5,0,0,0,1,1,0,1,0,0,0,0,0,0,0,0,0,0,0,0,0,18,0,0,1,0,0,1,0,0,0,0,0,1,0,0,20.718147277832,3.9524073600769,10.0717906951904,13.1770172119141,1,4,71,0,147,48.2993197278912
"1066",46,"SD",4,2,2014,0,0,4.27227708266182,22.2396,3.40000009536743,11.9372777938843,92.0057983398438,10.2789173126221,0,0,853175,31.5740912949261,1.87194889676795,3.57921880036335,15.2633398775163,34.7039001377209,0.937673982477217,3.41430538869517,288.703958742345,3,7,0,0,0,1,1,0,1,0,0,0,0,0,0,0,0,0,0,0,0,0,18,0,0,1,0,0,1,0,0,0,0,0,1,0,0,20.6950511932373,3.96659541130066,10.0422534942627,13.1196994781494,2,8,76,0,141,53.9007092198582
"1067",47,"TN",6,3,1989,0,1,1.89124779301209,14.5387,5.0692310333252,10.7964124679565,65.4454345703125,12.0476198196411,1,1,4854467,45.4741063699497,15.9521744172848,0.673543760568861,12.5521659356209,36.1815039815955,6.72764200879572,2.40438342664602,123.312404842797,1,11,0,0,1,0,0,0,1,0,12,0,0,0,0,0,0,0,0,15,0,18,0,1,0,0,0,0,0,1,0,0,0,0,0,0.167123287916183,0.832876741886139,20.8191928863525,4.33191061019897,11.0308599472046,16.8401737213135,78,327,498,22,652,76.3803680981595
"1068",47,"TN",6,3,1990,0,0,2.14880467244888,14.5441,5.33846139907837,10.6102447509766,66.9196395874023,13.0041198730469,1,0,4890626,45.477196374548,15.9972772401733,0.675087401899062,12.6563347923149,35.7736616948423,7.82649119755354,2.82254255385711,122.768128251884,0,5,0,0,1,0,0,0,1,0,0,0,0,0,0,0,0,0,0,15,0,18,0,1,0,0,0,0,0,1,0,0,0,0,0,1,0,20.7187786102295,4.21128463745117,10.8469066619873,16.6504306793213,81,382,482,25,653,73.8131699846861
"1069",47,"TN",6,3,1991,0,1,2.20967291342473,14.4482,6.74615383148193,12.5916509628296,67.406135559082,13.6958894729614,1,1,4946886,46.1405411190196,16.0686743134974,0.710042640966459,12.702354572149,35.4745591469057,8.09020294535712,2.86321536417051,118.822629023592,0,4,0,0,1,0,0,0,1,0,4,0,0,0,0,0,0,0,0,15,0,18,0,1,0,0,0,0,0,1,0,0,0,0,0,1,0,20.7228031158447,4.1083345413208,10.6592311859131,16.4665393829346,81,402,498,18,662,75.226586102719
"1070",47,"TN",6,3,1992,0,1,2.32568853723345,15.1028,6.5,12.1741390228271,69.6789169311523,13.4793787002563,1,0,5013999,46.8038858634914,16.1702864320476,0.733346775697402,12.7223798808097,35.3777493772935,7.99811846242904,2.91284461763953,120.15658559166,2,7,1,0,1,0,0,0,1,0,4,0,0,0,0,0,0,0,0,15,0,18,0,1,0,0,0,0,0,1,0,0,0,0,0,1,0,20.8227272033691,4.11830949783325,10.4731492996216,16.1400527954102,76,404,488,13,650,75.0769230769231
"1071",47,"TN",6,3,1993,0,1,2.42564100749046,15.3443,5.807692527771,13.8393478393555,71.9657211303711,13.4669857025146,1,1,5085666,47.4672306079631,16.2892922972134,0.777282660717397,12.7188061504629,35.2922508084487,7.88044144481765,2.78115000080619,112.424999990168,2,10,1,0,1,0,0,0,1,0,8,0,0,0,0,0,0,0,0,15,0,18,0,1,0,0,0,0,0,1,0,0,0,0,0,1,0,20.880184173584,4.13242864608765,10.3350915908813,15.8375997543335,81,406,510,17,673,75.7800891530461
"1072",47,"TN",6,3,1994,0,1,2.63644350511407,15.6232,4.86153841018677,15.9380569458008,75.0824584960938,12.6571769714355,1,0,5163016,48.1305753524348,16.3511792332234,0.840807001179156,12.6537279760512,35.1172066869442,7.29937886489691,2.79662119970188,114.630479549163,2,28,1,0,1,0,0,0,1,0,9,0,0,0,0,0,0,0,0,15,0,18,9.07397270202637,1,0,0.504109561443329,0,0,0,1,0,0,0,0,0.252054780721664,0.747945189476013,0,20.8517055511475,4.20809745788574,10.1391620635986,15.6090927124023,71,382,506,15,660,76.6666666666667
"1073",47,"TN",6,3,1995,0,1,2.82437044567165,16.0171,5.1538462638855,13.4638471603394,77.3680953979492,13.2703886032104,1,1,5241168,48.7939200969065,16.3676684281061,0.911247263968642,12.62884532608,34.834315557143,7.56254913076661,2.85337161487668,114.46589767777,6,31,2,0,1,1,0,0,1,0,9,0,0,0,0,0,0,0,0,15,0,18,18,1,0,1,0,0,0,1,0,0,0,0,1,0,0,20.732349395752,4.26543521881104,9.93651866912842,15.4491996765137,61,403,497,16,681,72.9809104258443
"1074",47,"TN",6,3,1996,0,1,2.90124767200093,16.1548,5.16923093795776,13.047758102417,78.9804458618164,12.7303600311279,1,0,5313576,49.4572648413782,16.4208811542359,0.989465474851588,12.585328599798,34.4373356097664,6.77164250155914,3.06516741268027,110.152560159109,1,13,0,0,1,1,0,0,1,0,5,0,0,0,0,0,0,0,0,15,0,18,18,1,0,1,0,0,0,1,0,0,0,0,1,0,0,20.5704154968262,4.2738094329834,9.71947002410889,15.3729906082153,83,367,498,11,691,72.0694645441389
"1075",47,"TN",6,3,1997,0,1,3.00124590191976,16.476,5.27692317962646,14.329981803894,76.0534515380859,13.5261688232422,1,1,5378433,50.1206095858499,16.4663202088787,1.05434054863192,12.539786216543,34.1671635586053,7.61586105761226,3.09049122671975,111.578409547911,3,38,0,0,1,1,0,0,1,0,4,0,0,0,0,0,0,0,0,15,0,18,18,1,0,1,0,0,0,1,0,0,0,0,1,0,0,20.4445781707764,4.26850414276123,9.60101127624512,15.1550226211548,74,419,504,24,729,69.1358024691358
"1076",47,"TN",6,3,1998,0,1,3.50618911958538,17.6235,4.30000019073486,14.0296039581299,76.8749847412109,12.6662921905518,1,0,5432679,50.7839543303216,16.5596384398931,1.14495997278691,12.4829388962609,34.0508798697659,6.26128578822681,3.46440494643619,109.633755279854,2,24,0,0,1,1,0,0,1,0,10,0,0,0,0,0,0,0,0,12.4931507110596,0,18,18,1,0,1,0,0,0.167123287916183,0.832876741886139,0,0,0,0,1,0,0,20.3937129974365,4.20190477371216,9.63182544708252,14.8684072494507,61,349,515,14,744,69.2204301075269
"1077",47,"TN",6,3,1999,0,1,4.00653957711586,17.7982,3.96923089027405,13.8903160095215,79.1208114624023,13.1172180175781,1,1,5483535,51.4472990747934,16.6421295751737,1.22326200161028,12.4181572653407,33.9330194846937,5.07208568774467,3.56959516078588,111.908467804072,4,54,1,1,1,1,0,0,1,0,9,0,0,0,0,0,0,0,0,0,0,18,18,1,0,1,0,0,1,0,0,0,0,0,1,0,0,20.4523868560791,4.12766695022583,9.6460075378418,14.5482492446899,47,286,497,13,726,68.4573002754821
"1078",47,"TN",6,3,2000,1,1,3.91569079753052,18.131,3.8692307472229,10.8713235855103,79.9054718017578,12.756591796875,1,0,5703719,52.1106438192651,16.5072472890056,2.20158110874677,12.3670187819561,34.2278257396621,6.02887921026252,3.78560023731884,110.731261480448,1,23,0,0,1,1,0,0,1,4,4,0.0701296820548137,0.886111111111111,0,0,0,0,0,0,0,0,18,18,1,0,1,0,0,1,0,0,0,0,0,1,0,0,20.4393138885498,4.10055255889893,9.68795967102051,14.2498607635498,44,343,501,5,730,68.6301369863014
"1079",47,"TN",6,3,2001,0,0,3.98519229274453,18.0411,4.55384635925293,12.402904510498,78.1192016601562,11.6665449142456,1,1,5750789,52.3371115928891,16.5779165258889,2.41773780954231,12.3868394406402,34.2708800479378,5.33839791374714,3.99840787064175,109.024692090077,4,40,0,0,1,1,0,0,1,0,0,0,0,4,1,0,0,0,0,0,0,18,18,1,0,1,0,0,1,0,0,0,0,0,1,0,0,20.3836555480957,4.09260368347168,9.79462146759033,13.923394203186,49,307,480,6,711,67.5105485232068
"1080",47,"TN",6,3,2002,0,0,4.19778195619745,18.0917,5.18461513519287,12.3589363098145,80.1007461547852,11.6732158660889,1,0,5795918,52.5635793665131,16.6487517594279,2.63858115314951,12.3800405733829,34.206815900432,5.57288767715485,4.13428899442677,125.107014971571,2,24,0,0,1,1,0,0,1,0,0,0,0,0,0,0,0,0,0,0,0,18,18,1,0,1,0,0,1,0,0,0,0,0,1,0,0,20.3175754547119,4.09369134902954,9.7955493927002,13.7303705215454,46,323,521,12,778,66.9665809768638
"1081",47,"TN",6,3,2003,0,1,4.30862004455684,18.2293,5.6307692527771,13.3910913467407,80.9717712402344,11.0791788101196,1,1,5847812,52.7900471401371,16.6992714540071,2.85578606152181,12.4303756687116,34.1100910904797,5.11302346929074,4.05382389173934,124.409779247349,3,58,1,0,1,0,0,0,1,0,14,0,0,0,0,0,0,0,0,0,0,18,18,1,0,1,0,0,1,0,0,0,0,0,1,0,0,20.2777729034424,4.08793926239014,9.74437999725342,13.5892534255981,37,299,493,5,762,64.6981627296588
"1082",47,"TN",6,3,2004,0,1,4.33832323121928,18.6018,5.33076906204224,12.8342628479004,82.9337921142578,11.3129053115845,1,0,5910809,53.0165149137612,16.7589580377238,3.11217973715612,12.4633531552111,33.9871411849038,4.83859316042863,4.09233321530099,122.675254774769,4,16,1,0,1,0,0,0,1,0,4,0,0,0,0,0,0,0,0,0,0,18,18,1,0,1,0,0,1,0,0,0,0,0,1,0,0,20.1312198638916,4.11830282211304,9.7376184463501,13.5348310470581,38,286,526,17,792,66.4141414141414
"1083",47,"TN",6,3,2005,0,0,4.36083315515109,18.4597,5.55384635925293,13.6335458755493,81.7759780883789,11.8959474563599,2,1,5991057,53.2429826873852,16.7941984194108,3.40540909559031,12.5496385696214,33.8333953424246,6.19256334900503,4.0373510050063,121.435165781264,3,69,1,0,0,0,0,1,1,0,0,0,0,0,0,0,0,0,0,0,0,18,18,1,0,1,0,0,1,0,0,0,0,0,1,0,0,19.9861888885498,4.20530128479004,9.64190483093262,13.4153289794922,36,371,552,14,856,64.4859813084112
"1084",47,"TN",6,3,2006,0,1,4.27952067791733,18.6662,5.19999980926514,13.9816093444824,80.6777267456055,11.4323835372925,2,0,6088766,53.4694504610092,16.8390278095759,3.67752677636158,12.7178479186095,33.5548286795715,5.41981741456315,3.96155805626296,119.974227947009,1,28,0,1,0,0,0,1,1,0,8,0,0,0,0,0,0,0,0,0,0,18,18,1,0,1,0,0,1,0,0,0,0,0,1,0,0,19.8764419555664,4.26910829544067,9.40927886962891,13.2900819778442,30,330,569,9,874,65.1029748283753
"1085",47,"TN",6,3,2007,0,1,4.21100220265565,18.7273,4.6769232749939,14.2139749526978,81.5767440795898,11.1041069030762,2,1,6175727,53.6959182346332,16.8049364876394,3.978349431573,12.8364158584082,33.4698894559296,5.55400198227674,4.86485234855751,125.574041728205,4,50,2,1,0,0,0,1,1,0,32,0,0,0,0,0,0,0,0,0,0,18,18,1,0,1,0,0,1,0,0,0,0,0,1,0,0,19.7608795166016,4.24839067459106,9.46061897277832,13.1975393295288,22,343,545,12,844,64.5734597156398
"1086",47,"TN",6,3,2008,1,1,4.2812934830124,18.5089,6.57692337036133,13.0719165802002,83.161750793457,10.9060115814209,2,0,6247411,53.9223860082573,16.7802150362766,4.20274894672369,13.0773531627741,33.350551132301,5.37822787711582,4.01238208915661,124.860202090114,6,63,3,0,0,0,0,1,1,10,12,0.160066305866542,0.266666666666667,0,0,0,0,0,0,0,0,18,18,1,0,1,0,0,1,0,0,0,0,0,1,0,0,19.7351188659668,4.18445348739624,9.43097877502441,13.0656518936157,17,336,609,19,973,62.589928057554
"1087",47,"TN",6,3,2009,0,1,4.29684718679091,18.2362,10.4846153259277,14.0447664260864,83.8215560913086,8.83225250244141,0,1,6306019,54.1488537818813,16.7973328339163,4.41796956209615,13.2784883775326,33.2418757380845,5.50267926563494,4.02900784155582,105.868060340446,16,181,4,6,0,0,1,0,1,0,26,0,0,0,0,10,1,0,0,0,0,18,18,1,0,1,0,0,1,0,0,0,0,0,1,0,0,19.6090106964111,4.09353351593018,9.53933048248291,13.0329608917236,29,347,574,15,947,60.6124604012672
"1088",47,"TN",6,3,2010,0,1,4.28025676506475,18.4558,9.67692279815674,13.4602766036987,83.8170852661133,9.47854995727539,0,0,6356628,54.3753215555053,16.8413032821804,4.58552867967105,13.505383671972,33.0571648993775,4.61700523391907,4.03814726927547,105.577988833073,8,37,2,2,0,0,1,0,1,0,13,0,0,0,0,0,0,0,0,0,0,18,18,1,0,1,0,0,1,0,0,0,0,0,1,0,0,19.4829711914062,4.03720331192017,9.53699016571045,12.9814577102661,32,293,585,16,943,62.0360551431601
"1089",47,"TN",6,3,2011,0,0,4.37063141987772,18.7622,8.9769229888916,14.6954898834229,85.8818969726562,8.88480472564697,0,1,6398389,54.6017893291294,16.9126478555774,4.69205607849101,13.7124829390648,32.916191872673,4.82934063558811,4.02976436724932,109.499594351016,6,53,1,1,0,1,1,0,1,0,0,0,0,0,0,0,0,0,0,0,0,18,18,1,0,1,0,0,1,0,0,0,0,0,1,0,0,19.3382263183594,3.97570395469666,9.60226058959961,13.0103378295898,27,309,591,14,955,61.8848167539267
"1090",47,"TN",6,3,2012,0,0,4.40654067270348,19.2974,7.79230785369873,14.1138973236084,86.836067199707,9.01790142059326,0,0,6455177,54.8282571027534,17.0048319356696,4.8347241291757,14.2305470477417,32.8345760309903,5.06570152917573,4.06929198068465,108.284095075937,6,45,3,0,0,1,1,0,1,0,0,0,0,0,0,0,0,0,0,0,0,18,18,1,0,1,0,0,1,0,0,0,0,0,1,0,0,19.2087688446045,3.91149616241455,9.71431159973145,13.0182180404663,25,327,626,14,978,64.0081799591002
"1091",47,"TN",6,3,2013,0,0,4.38122540408901,19.29,7.7615385055542,14.3266592025757,86.8952407836914,9.74492835998535,0,1,6497269,55.0547248763775,17.0520260127755,4.91580385543526,14.6583741568958,32.6583369104773,4.75584434013737,4.08848702431745,81.6569238552382,8,87,2,1,0,1,1,0,1,0,0,0,0,0,0,0,0,0,0,0,0,18,18,1,0,1,0,0,1,0,0,0,0,0,1,0,0,19.0932998657227,3.85994482040405,9.70509338378906,13.0231027603149,19,309,676,19,1030,65.631067961165
"1092",47,"TN",6,3,2014,0,1,4.37371514006271,19.5086,6.66153860092163,12.8827409744263,86.1474456787109,10.0207386016846,0,0,6549352,55.2811926500015,17.087476745791,5.02307709220698,15.0503439118862,32.4640055993326,4.22942605619609,4.07811337671269,86.498175697382,10,52,2,2,0,1,1,0,1,0,4,0,0,0,0,0,0,0,0,0,0,18,18,1,0,1,0,0,1,0,0,0,0,0,1,0,0,18.9369430541992,3.88250613212585,9.64455699920654,13.1054954528809,105,277,596,39,948,62.8691983122363
"1093",48,"TX",7,3,1989,0,0,2.51262545351643,14.9345,6.66153860092163,10.439884185791,74.2808532714844,12.7042322158813,1,1,16806723,66.6690533137464,12.0001342320854,25.1826175161447,9.99374417421017,39.8800385607341,8.24604045989855,3.08221894297895,70.7500801911235,NA,NA,NA,NA,1,1,0,0,1,0,0,0,0,0,0,0,0,0,0,0,0,18,0,1,0,0,0,0,1,0,0,0,0,0,0,0,1,24.0572547912598,4.51355171203613,11.3090562820435,18.3935394287109,162,1389,1485,27,2126,69.8494825964252
"1094",48,"TX",7,3,1990,0,0,2.75933054670204,15.0874,6.33076906204224,10.8470602035522,75.4277114868164,13.280029296875,1,0,17044714,66.9486904608422,12.0667733116554,25.6690490670597,10.0867752899814,39.8701145704175,9.78320097399291,3.19559483368275,66.7662126803653,0,0,0,0,1,1,0,0,0,0,0,0,0,0,0,0,0,0,0,0,0,18,0,1,0,0,0,0,1,0,0,0,0,0,0,0,1,24.3009300231934,4.46315860748291,11.0965299606323,18.0732326507568,166,1664,1596,38,2206,72.3481414324569
"1095",48,"TX",7,3,1991,1,1,2.93306122110019,14.8519,6.90769243240356,11.3899545669556,76.5743865966797,13.1529808044434,1,1,17339904,67.3495387190508,12.096814376827,26.1268055463283,10.1807022691706,39.6234373615909,11.1517679200465,3.29459724805858,63.7482768070688,1,14,0,0,1,0,0,0,1,23,7,0.13264202616116,0.891666666666667,0,0,0,0,0,0,0,0,18,0,1,0,0,0,0,1,0,0,0,0,0,0,0,1,24.3320598602295,4.41142511367798,10.8377485275269,17.8659229278564,164,1941,1571,31,2249,69.8532681191641
"1096",48,"TX",7,3,1992,0,0,3.17679763818308,15.2785,7.6307692527771,12.4108819961548,76.6854095458984,13.688814163208,1,0,17650479,67.7503869772594,12.1176938030974,26.6641318912648,10.2217735847282,39.4941519717397,9.72599923948089,3.38506394075764,59.2538026871679,0,7,0,0,1,0,0,0,0,0,0,0,0,23,1,0,0,0,0,0,0,18,0,1,0,0,0,0,1,0,0,0,0,0,0,0,1,24.3382129669189,4.43362951278687,10.6497631072998,17.5338001251221,154,1728,1536,32,2258,68.0248007085917
"1097",48,"TX",7,3,1993,0,1,4.23631715123897,15.3498,7.16153860092163,12.5258550643921,77.3206405639648,12.5445585250854,1,1,17996764,68.1512352354681,12.1599805387235,27.2018847388342,10.2203207198805,39.4074012416899,8.86060344561901,3.49112762716675,60.0986932984174,1,20,1,0,1,0,0,0,1,0,4,0,0,0,0,0,0,0,0,0,0,18,0,1,0,0,0,0,1,0,0,0,0,0,0,0,1,24.3063507080078,4.42402362823486,10.5660390853882,17.1827640533447,158,1610,1557,113,2266,68.711385701677
"1098",48,"TX",7,3,1994,0,0,5.73138682994881,15.4791,6.49230766296387,12.0105075836182,77.3384704589844,12.9748182296753,1,0,18338319,68.5520834936767,12.1875456523578,27.7110895497019,10.2111812974788,39.3180203703513,8.44276122875129,3.57328280743726,58.4757523304072,0,8,0,0,1,0,0,0,0,0,0,0,0,0,0,0,0,0,0,0,0,18,0,1,0,0,0,0,1,0,0,0,0,0,0,0,1,24.2341194152832,4.48547840118408,10.4600114822388,16.8518676757812,113,1568,1652,44,2337,70.68891741549
"1099",48,"TX",7,3,1995,1,0,6.5836153952316,15.7689,6.06923055648804,11.7803230285645,76.1599349975586,12.3654413223267,1,1,18679706,68.9529317518853,12.2587689549289,28.1902348998426,10.1969217288538,39.119887647054,6.54280502335586,3.57436032451474,57.0031990867522,5,20,0,0,1,1,0,0,1,5,0,0.0267670165686762,0.397222222222222,0,0,0,0,0,0,0,0,18,0,1,0,0,0,0,1,0,0,0,0,0,0,0,1,24.0155582427979,4.5822319984436,10.3679399490356,16.5662231445312,85,1241,1469,39,2234,65.7564905998209
"1100",48,"TX",7,3,1996,1,1,6.84375236764347,16.1389,5.70769214630127,13.0014200210571,76.4134216308594,11.2274227142334,1,0,19006240,69.3537800100939,12.2804668361549,28.6674113343828,10.1886590930137,39.0704316056201,5.35853924050018,3.58245502529695,54.7682234887069,0,5,0,0,1,1,0,0,0,4,4,0.021045719721523,0.0611111111111111,5,1,0,0,0,0,0,0,18,0,1,0,0,0,0,1,0,0,0,0,0,1,0,0,24.0033187866211,4.70065641403198,10.2090282440186,16.259521484375,78,1037,1449,34,2223,65.1821862348178
"1101",48,"TX",7,3,1997,1,1,7.04541418796909,16.8405,5.307692527771,13.0419569015503,78.4934463500977,10.8942165374756,2,1,19355427,69.7546282683027,12.291947886244,29.1869303632516,10.1719894890461,39.007199376175,4.81469280209501,3.62177491615142,48.6870684898866,3,22,0,0,0,1,0,1,1,5,4,0.0258325481530322,0.0972222222222222,0,0,0,0,4,1,0,0,18,0,1,0,0,0,0,1,0,0,0,0,0,1,0,0,23.8645057678223,4.78489255905151,10.197455406189,15.9274797439575,77,951,1361,32,2146,63.4203168685927
"1102",48,"TX",7,3,1998,1,1,7.22540530221882,17.7455,4.88461542129517,12.7723951339722,78.3246154785156,10.63405418396,2,0,19712389,70.1554765265113,12.3011218985177,29.6753224583788,10.1143346958098,39.0338583517198,4.69468020849734,3.64618413323722,49.5091183519156,0,9,0,0,0,1,0,1,0,4,10,0.0202918073501898,0.102777777777778,0,0,0,0,5,1,0,0,18,0,1,0,0,0,0,1,0,0,0,0,0,1,0,0,23.7858695983887,4.7843656539917,10.3071699142456,15.5697593688965,74,947,1365,29,2133,63.9943741209564
"1103",48,"TX",7,3,1999,1,0,7.67555965606109,18.0143,4.66923093795776,12.4666261672974,78.2049255371094,10.4783697128296,2,1,20044141,70.5563247847199,12.3237708216082,30.1605840828998,10.0602814558129,39.0110556496285,3.86220207780635,3.44759099429604,48.83407076412,5,39,1,0,0,1,0,1,1,11,0,0.0548788795688476,0.758333333333333,0,0,0,0,4,1,0,0,18,0,1,0,0,0,0,1,0,0,0,0,0,1,0,0,23.6827697753906,4.72538471221924,10.443943977356,15.2828750610352,66,794,1224,23,2005,61.0473815461347
"1104",48,"TX",7,3,2000,1,1,7.87576728381042,18.6971,4.29230785369873,12.6823720932007,79.194709777832,10.5782327651978,2,0,20944499,70.9571730429286,11.7544134142335,32.1796572933065,9.93598844259775,38.7693494124639,3.85577853635798,3.51046830960244,46.9567211896546,0,9,0,0,0,1,0,1,0,5,4,0.0238726168623083,0.152777777777778,0,0,0,0,11,1,0,0,18,0,1,0,0,0,0,1,0,0,0,0,0,1,0,0,23.5081825256348,4.69158983230591,10.5695772171021,15.101053237915,60,804,1269,12,2053,61.8119824646858
"1105",48,"TX",7,3,2001,1,0,7.71092470588831,19.0417,4.94615411758423,12.3134937286377,78.4455261230469,9.95584201812744,2,1,21319622,71.3967646545912,11.7799977879533,32.7726495338426,9.88134311199326,38.7591581126532,4.094819317153,3.53472495900725,47.8748638226325,4,31,0,0,0,1,0,1,1,4,0,0.0187620587269324,0.144444444444444,0,0,0,0,5,1,0,0,18,0,1,0,0,0,0,1,0,0,0,0,0,1,0,0,23.3928394317627,4.65731525421143,10.7090034484863,14.9459314346313,58,873,1377,13,2225,61.8876404494382
"1106",48,"TX",7,3,2002,0,0,7.47042748322121,18.5337,6.3461537361145,11.3913373947144,78.1155624389648,9.07797908782959,2,0,21690325,71.8363562662537,11.7936637648352,33.4012929727886,9.83603519080512,38.7303694158571,4.0986015654445,3.57136188600217,47.3901612815852,0,5,0,0,0,1,0,1,0,0,0,0,0,0,0,0,0,4,1,0,0,18,0,1,0,0,0,0,1,0,0,0,0,0,1,0,0,23.2906875610352,4.64975070953369,10.7899303436279,14.8437061309814,53,889,1315,16,2311,56.901774123756
"1107",48,"TX",7,3,2003,0,0,7.46482298001841,18.5368,6.68461561203003,12.4323568344116,77.2331237792969,9.2235107421875,0,1,22030931,72.2759478779162,11.7943222644563,34.0366324055937,9.84960644650015,38.6725826520904,4.42105692219725,3.45632238601265,47.1758093200873,5,18,0,0,0,1,1,0,1,0,0,0,0,0,0,0,0,0,0,0,0,18,0,1,0,0,0,0,1,0,0,0,0,0,1,0,0,23.221923828125,4.61611890792847,10.8345394134521,14.6832427978516,57,974,1350,14,2363,57.1307659754549
"1108",48,"TX",7,3,2004,0,0,7.48003161379266,18.6908,5.93846130371094,12.3606815338135,78.296501159668,9.63064575195312,0,0,22394023,72.7155394895788,11.809177832853,34.6074262761988,9.86506533462076,38.5319511371405,4.12163549175599,3.54625874948865,45.9009977796307,0,2,0,0,0,1,1,0,0,0,0,0,0,0,0,0,0,0,0,0,0,18,0,1,0,0,0,0,1,0,0,0,0,0,1,0,0,23.1259880065918,4.59685134887695,10.8091115951538,14.5714015960693,63,923,1318,19,2300,57.304347826087
"1109",48,"TX",7,3,2005,1,1,7.39981955492997,19.3131,5.40769243240356,12.042670249939,78.2195816040039,9.92692279815674,0,1,22778123,73.1551311012413,11.8367259672801,35.1686001519967,9.91220391601187,38.3056101681425,4.42968896076292,3.54375116861034,45.6282986969558,13,30,2,1,0,1,1,0,1,4,4,0.0175607094579303,0.588888888888889,0,0,0,0,0,0,0,0,18,0,1,0,0,0,0,1,0,0,0,0,0,1,0,0,22.9902534484863,4.62822151184082,10.6871356964111,14.4774618148804,62,1009,1381,13,2418,57.1133167907361
"1110",48,"TX",7,3,2006,0,1,7.30145833101451,19.987,4.8923077583313,12.2898054122925,78.7091369628906,9.60397338867188,0,0,23359580,73.5947227129038,12.160967791373,35.5657421922826,9.97300037072584,38.1455788160575,4.4221685492633,3.48730585053327,45.9703042606074,0,5,0,0,0,1,1,0,0,0,4,0,0,0,0,4,1,0,0,0,0,18,0,1,0,0,0,0,1,0,0,0,0,0,1,0,0,22.9598255157471,4.63826417922974,10.5474882125854,14.3918552398682,45,1033,1311,13,2347,55.8585428206221
"1111",48,"TX",7,3,2007,1,0,7.21521998400217,20.1967,4.29230785369873,12.3529138565063,79.5340576171875,9.00258541107178,0,1,23831983,74.0343143245664,12.1399843227481,36.1626223046567,10.0205551506142,37.94484915502,4.31772714842907,3.54158527219493,43.6266256148303,17,31,5,0,0,1,1,0,1,6,0,0.0251762515943386,0.272222222222222,0,0,0,0,0,0,0,0,18,0,1,0,0,0,0,1,0,0,0,0,0,1,0,0,22.9120674133301,4.63860702514648,10.3941745758057,14.375509262085,78,1029,1411,19,2433,57.9942457870941
"1112",48,"TX",7,3,2008,0,0,7.08164563806903,20.917,4.80769205093384,12.9027824401855,80.138427734375,9.25352478027344,0,0,24309039,74.4739059362288,12.1458236172973,36.7241995868286,10.1360979345996,37.794357070224,4.13837832092005,3.5986202498585,41.3519432010455,0,4,0,0,0,1,1,0,0,0,0,0,0,0,0,6,1,0,0,0,0,18,0,1,0,0,0,0,1,0,0,0,0,0,1,0,0,22.8855323791504,4.57716178894043,10.3316631317139,14.3810787200928,46,1006,1506,16,2552,59.012539184953
"1113",48,"TX",7,3,2009,1,0,6.93003210538155,19.5637,7.56153869628906,13.0501928329468,79.6529846191406,8.75612258911133,0,1,24801761,74.9134975478913,12.1785868350235,37.2550400755817,10.2522760379797,37.6645311597027,4.04406767729114,3.62341206336115,40.8215368255504,12,41,1,2,0,1,1,0,1,13,0,0.0524156329060666,1.60833333333333,0,0,0,0,0,0,0,0,18,0,1,0,0,0,0,1,0,0,0,0,0,1,0,0,22.8574085235596,4.53140020370483,10.2757215499878,14.3782892227173,55,1003,1583,24,2809,56.3545745817017
"1114",48,"TX",7,3,2010,0,1,6.83082203607051,19.8307,8.14615345001221,13.365797996521,80.5385437011719,8.74101638793945,0,0,25245717,75.3530891595538,12.21533933855,37.6932213888003,10.3848506263458,37.4835858296281,3.63085953819046,3.5608812377957,40.4337496138454,0,8,0,0,0,1,1,0,0,0,4,0,0,0,0,13,1,0,0,0,0,18,0,1,0,0,0,0,1,0,0,0,0,0,1,0,0,22.7803783416748,4.46739530563354,10.2358112335205,14.385196685791,54,913,1702,24,2891,58.8723625043238
"1115",48,"TX",7,3,2011,0,0,6.74017948062469,20.7141,7.74615383148193,13.5940160751343,80.8759613037109,8.23800754547119,0,1,25657477,75.7926807712164,12.2509317654265,37.9772181029335,10.5453158936867,37.2690268805464,3.16476947441091,3.50147444349263,39.9306603685156,9,31,1,1,0,1,1,0,1,0,0,0,0,0,0,0,0,0,0,0,0,18,0,1,0,0,0,0,1,0,0,0,0,0,1,0,0,22.6259937286377,4.39276647567749,10.2502670288086,14.4103174209595,57,812,1684,21,2896,58.1491712707182
"1116",48,"TX",7,3,2012,0,0,6.48789998107642,21.4096,6.72307682037354,12.756254196167,81.8220901489258,8.17627429962158,0,0,26094422,76.2322723828788,12.3321988124512,38.1652369996929,10.9055605830242,37.0599548056669,3.42601955314435,2.7928190936745,39.0975128707584,0,5,0,0,0,1,1,0,0,0,0,0,0,0,0,0,0,0,0,0,0,18,0,1,0,0,0,0,1,0,0,0,0,0,1,0,0,22.4297752380371,4.33948659896851,10.2906932830811,14.4544382095337,45,894,1744,32,3037,57.4250905498848
"1117",48,"TX",7,3,2013,1,0,6.31284582973803,21.3888,6.19999980926514,12.7051649093628,82.4443664550781,8.505784034729,0,1,26505637,76.6718639945414,12.4028711326576,38.4182655183877,11.2166630818946,36.8509536292223,3.440777522155,2.960011864646,39.1217158825498,17,96,1,1,0,1,1,0,1,5,0,0.01886391185392,0.9,0,0,0,0,0,0,0,0,18,0,1,0,0,0,0,1,0,0,0,0,0,1,0,0,22.2725868225098,4.30770254135132,10.2706642150879,14.4875068664551,38,912,1780,20,3059,58.1889506374632
"1118",48,"TX",7,3,2014,0,0,6.20103351424148,21.7986,5.06923055648804,12.8741044998169,82.6232604980469,8.48561000823975,0,0,26956958,77.1114556062039,12.4806960785412,38.6220878483396,11.4964047501205,36.5890542990793,3.57978077496726,2.28249047982343,37.8419924087874,0,23,0,0,0,1,1,0,0,0,0,0,0,0,0,5,1,0,0,0,0,18,0,1,0,0,0,0,1,0,0,0,0,0,1,0,0,22.100528717041,4.29567766189575,10.1928491592407,14.5626850128174,40,965,1789,30,3254,54.9784880147511
"1119",49,"UT",8,4,1989,0,0,1.27618614379575,12.7219,4.5461540222168,8.79393291473389,88.2074508666992,13.410213470459,0,1,1705864,76.1162941319608,0.694546217689356,4.83714391902745,8.56860470364923,48.1022846446997,1.52331938324314,2.12736771512852,135.488526635183,NA,NA,NA,NA,0,1,1,0,1,0,0,0,0,0,0,0,0,0,0,0,0,0,18,0,0,1,0,0,1,0,0,0,0,0,1,0,0,31.497766494751,5.10966157913208,11.497896194458,16.4756031036377,6,26,133,4,211,63.0331753554502
"1120",49,"UT",8,4,1990,0,0,1.41352194167618,12.9144,4.4153847694397,8.76573371887207,87.4942474365234,13.3093299865723,0,0,1729722,76.5911716051891,0.702078137411677,4.93183297662861,8.71648738930302,47.9329048251684,1.27656858364716,2.14658771756386,133.124282399137,1,2,0,0,0,1,1,0,1,0,0,0,0,0,0,0,0,0,0,0,0,0,18,0,0,1,0,0,1,0,0,0,0,0,1,0,0,30.9505481719971,5.27367067337036,11.686824798584,15.9789924621582,7,22,169,2,264,64.0151515151515
"1121",49,"UT",8,4,1991,0,1,1.44474336335126,12.9394,4.69999980926514,9.12796115875244,88.2931671142578,11.7021942138672,0,1,1771941,76.759854311138,0.722992469839571,5.06083441830174,8.79606036544106,47.6531667815125,1.68512818208372,2.16824375077951,131.830574494298,0,0,0,0,0,1,1,0,1,0,7,0,0,0,0,0,0,0,0,0,0,0,18,0,0,1,0,0,1,0,0,0,0,0,1,0,0,30.3356590270996,5.46741724014282,11.7242021560669,15.8483629226685,1,30,180,3,286,62.9370629370629
"1122",49,"UT",8,4,1992,0,1,1.46143448963436,13.1854,4.85384607315063,9.51537799835205,88.6838150024414,12.1537237167358,0,0,1821498,76.9285370170869,0.744826510926721,5.16201500083997,8.83124768734305,47.3531675576915,1.5235301063152,2.22838564741767,128.156056169153,0,3,0,0,0,1,1,0,1,0,9,0,0,0,0,0,0,0,0,0,0,0,18,0,0,1,0,0,1,0,0,0,0,0,1,0,0,29.5391597747803,5.77907562255859,11.8047752380371,15.7027521133423,8,28,156,3,256,60.9375
"1123",49,"UT",8,4,1993,0,1,1.48881152541614,13.375,4.0615382194519,8.41445732116699,90.0398483276367,12.2386226654053,0,1,1875993,77.0972197230357,0.760237378284461,5.32155503778532,8.83500098347915,47.2467647800392,1.47453090169144,2.2558719568783,109.176313557673,4,14,2,0,0,1,1,0,1,0,8,0,0,0,0,0,0,0,0,0,0,3.55068492889404,18,0.197260275483131,0,1,0,0,1,0,0,0,0,0,1,0,0,28.9191341400146,6.00325345993042,11.9985523223877,15.4936990737915,6,28,154,6,260,59.2307692307692
"1124",49,"UT",8,4,1994,0,0,1.53644047251502,13.6985,3.79999995231628,10.3985872268677,89.3139572143555,11.6359930038452,0,0,1930436,77.2659024289846,0.78821571914324,5.52269021091608,8.81500344999782,47.1273846944421,2.19267829024126,2.24871479810778,85.0103292727653,2,5,1,0,0,1,1,0,1,0,0,0,0,0,0,0,0,0,0,0,0,18,18,1,0,1,0,0,1,0,0,0,0,0,1,0,0,28.2053680419922,6.17124891281128,12.3388252258301,15.2967739105225,0,43,176,5,291,60.4810996563574
"1125",49,"UT",8,4,1995,0,0,1.64813984805547,14.1387,3.51538467407227,8.47873020172119,90.216438293457,10.9189252853394,0,1,1976774,77.4345851349335,0.811271293531785,5.73398881207462,8.80464838165617,47.0460963165238,2.53137037969067,2.46310402706632,84.3991270625777,1,6,0,0,0,1,1,0,1,0,0,0,0,0,0,0,0,0,0,0,0,18,18,1,0,1,0,0,1,0,0,0,0,0,1,0,0,27.5319900512695,6.21062612533569,12.8074150085449,15.1037368774414,5,51,166,1,288,57.6388888888889
"1126",49,"UT",8,4,1996,0,0,1.84744440977464,14.5591,3.38461542129517,8.58235836029053,90.6619720458984,10.4815912246704,0,0,2022253,77.6032678408824,0.833080727287832,6.0597759034107,8.80161878854921,46.9345329194715,1.594608098483,2.5273791162629,105.243508107047,0,4,0,0,0,1,1,0,1,0,0,0,0,0,0,0,0,0,0,0,0,18,18,1,0,1,0,0,1,0,0,0,0,0,1,0,0,27.0373058319092,6.18735408782959,13.1277151107788,15.0278339385986,0,33,171,4,287,59.581881533101
"1127",49,"UT",8,4,1997,0,0,2.00978310707336,15.0138,3.18461537361145,8.65614128112793,89.535888671875,12.4840450286865,0,1,2065397,77.7719505468312,0.864240627830872,6.45837095725422,8.76504613882948,47.0811664779217,1.65066387342898,2.58836436772204,92.836873492118,3,10,0,0,0,1,1,0,1,0,0,0,0,0,0,0,0,0,0,0,0,18,18,1,0,1,0,0,1,0,0,0,0,0,1,0,0,26.8685398101807,6.13142681121826,13.4192447662354,14.8546743392944,0,35,168,3,301,55.8139534883721
"1128",49,"UT",8,4,1998,0,1,2.1770364312027,15.6108,3.64615392684937,8.63064002990723,89.3125305175781,11.3725118637085,0,0,2100562,77.9406332527801,0.886096197112963,6.80256045762991,8.74185099035401,47.3238114371297,1.52233753544625,2.75545306446561,93.6977818317193,4,7,1,1,0,1,1,0,1,0,5,0,0,0,0,0,0,0,0,0,0,18,18,1,0,1,0,0,1,0,0,0,0,0,1,0,0,26.7895526885986,5.9620213508606,13.8107814788818,14.6663370132446,4,33,199,2,336,59.2261904761905
"1129",49,"UT",8,4,1999,0,1,2.35464139022911,15.9386,3.53846144676208,8.3896598815918,90.9916915893555,7.83969593048096,0,1,2129836,78.109315958729,0.914671364367961,7.07561521168766,8.71442683849836,47.3440208541878,1.36148150971962,2.8875462711683,89.2519424030771,3,9,2,1,0,1,1,0,1,0,17,0,0,0,0,0,0,0,0,0,0,18,18,1,0,1,0,0,1,0,0,0,0,0,1,0,0,26.7342319488525,5.73247241973877,14.0900173187256,14.5918140411377,1,30,153,2,282,54.2553191489362
"1130",49,"UT",8,4,2000,0,0,2.3902852392201,16.3412,3.33846163749695,10.1570072174072,90.6581115722656,8.99734783172607,0,0,2244502,78.2779986646779,0.867230236373146,9.10473681912513,8.5197518202256,46.3993349081444,0.716470629853809,3.0273976142592,76.5024936489252,6,12,3,0,0,1,1,0,1,0,0,0,0,0,0,0,0,0,0,0,0,18,18,1,0,1,0,0,1,0,0,0,0,0,1,0,0,26.5843372344971,5.56916427612305,14.2458324432373,14.5886707305908,1,16,174,1,298,58.3892617449664
"1131",49,"UT",8,4,2001,0,1,2.36631979034161,16.4869,4.4153847694397,9.88626670837402,89.9650573730469,8.81805896759033,0,1,2283715,78.5671826814034,0.911278333767567,9.5304361533729,8.51100071593872,46.211195354937,1.75153204318402,2.9929303787907,73.2985508261758,3,12,0,1,0,1,1,0,1,0,4,0,0,0,0,0,0,0,0,0,0,18,18,1,0,1,0,0,1,0,0,0,0,0,1,0,0,26.4311447143555,5.3950252532959,14.3850259780884,14.6231908798218,4,40,182,0,321,56.6978193146417
"1132",49,"UT",8,4,2002,0,0,2.31158178177618,16.3646,5.79999971389771,10.1788949966431,90.9687118530273,7.98330879211426,0,0,2324815,78.8563666981291,0.947215154754249,9.94104907272192,8.51422586313319,45.9064914842686,1.16138273367988,2.95593412809191,68.6841748698284,1,4,0,0,0,1,1,0,1,0,0,0,0,0,0,0,0,0,0,0,0,18,18,1,0,1,0,0,1,0,0,0,0,0,1,0,0,26.3054904937744,5.24613809585571,14.3548622131348,14.7839288711548,0,27,174,0,340,51.1764705882353
"1133",49,"UT",8,4,2003,0,1,2.36893027819995,16.2314,5.6307692527771,9.95437622070312,89.389892578125,7.39038801193237,0,1,2360137,79.1455507148547,0.961130646229435,10.2980038870625,8.54030931255262,45.4999010650653,1.56770560353064,2.98626732261729,65.625003972227,3,3,1,1,0,1,1,0,1,0,4,0,0,0,0,0,0,0,0,0,0,18,18,1,0,1,0,0,1,0,0,0,0,0,1,0,0,26.2842788696289,5.09029769897461,14.1253242492676,15.0211191177368,5,37,181,4,336,53.8690476190476
"1134",49,"UT",8,4,2004,0,0,2.41965705910276,16.5566,4.99230766296387,8.26233673095703,90.9706802368164,7.78505277633667,0,0,2401580,79.4347347315803,0.994053914506283,10.6123468716428,8.57169030388328,44.9994586896959,1.24917762473039,2.94056412861533,66.4887282538995,5,8,1,1,0,1,1,0,1,0,0,0,0,0,0,0,0,0,0,0,0,18,18,1,0,1,0,0,1,0,0,0,0,0,1,0,0,26.2856960296631,5.01748847961426,13.6962747573853,15.3142518997192,4,30,183,3,377,48.5411140583554
"1135",49,"UT",8,4,2005,0,0,2.48441746188234,17.1132,4.09230756759644,9.1498327255249,92.5385360717773,7.50679159164429,0,1,2457719,79.723918748306,1.0336820442044,10.9641907801502,8.65729564689861,44.5377604193156,1.34270842191479,2.96331679903195,63.0194094605608,1,2,0,0,0,1,1,0,1,0,0,0,0,0,0,0,0,0,0,0,0,18,18,1,0,1,0,0,1,0,0,0,0,0,1,0,0,26.2487697601318,4.99516010284424,13.293830871582,15.4590492248535,1,33,190,2,348,54.5977011494253
"1136",49,"UT",8,4,2006,0,1,2.50246782131271,17.9083,2.9769229888916,7.88359403610229,91.2101516723633,8.53185653686523,0,0,2525507,80.0131027650316,1.07594237513497,11.3806059535768,8.74541230731097,44.0452154755461,1.14828428509602,2.97049265751392,60.7802710505257,2,4,1,0,0,1,1,0,1,0,5,0,0,0,0,0,0,0,0,0,0,18,18,1,0,1,0,0,1,0,0,0,0,0,1,0,0,26.3270702362061,4.95207500457764,12.7660703659058,15.6704378128052,2,29,189,2,362,52.2099447513812
"1137",49,"UT",8,4,2007,1,1,2.46136458298848,18.4221,2.56923079490662,9.78039741516113,91.5838317871094,7.72701072692871,0,1,2597746,80.3022867817572,1.13163488655165,11.9203725075508,8.73411026328209,43.7114714063654,1.53979642351485,2.9999083821128,57.2992894609404,3,5,0,0,0,1,1,0,1,5,4,0.192474552939356,0.261111111111111,0,0,0,0,0,0,0,0,18,18,1,0,1,0,0,1,0,0,0,0,0,1,0,0,26.5055160522461,4.88692903518677,12.3190259933472,15.9480953216553,3,40,197,1,378,52.1164021164021
"1138",49,"UT",8,4,2008,0,0,2.41717232519811,18.0673,3.59230756759644,10.3565435409546,92.1597366333008,7.45766258239746,0,0,2663029,80.5914707984828,1.1600699804621,12.4193916025699,8.8317100564808,43.4405333175118,0.901229389541008,2.89857902411127,59.0369087231119,6,11,0,0,0,1,1,0,1,0,0,0,0,0,0,5,1,0,0,0,0,18,18,1,0,1,0,0,1,0,0,0,0,0,1,0,0,26.6460475921631,4.79401445388794,12.000470161438,16.1233310699463,5,24,196,6,390,50.2564102564103
"1139",49,"UT",8,4,2009,0,0,2.38266503783293,17.1634,7.3230767250061,10.0104742050171,91.4096984863281,7.63753223419189,0,1,2723421,80.8806548152085,1.20319260224548,12.7627348103727,8.93706848849297,43.2260381336562,1.10155572715346,2.87506044787053,57.7277622519618,5,10,2,1,0,1,1,0,1,0,0,0,0,0,0,0,0,0,0,0,0,18,18,1,0,1,0,0,1,0,0,0,0,0,1,0,0,26.791561126709,4.70753526687622,11.7269420623779,16.1798706054688,2,30,217,4,449,48.3296213808463
"1140",49,"UT",8,4,2010,0,1,2.40489109865893,16.9039,7.83076906204224,9.55134963989258,91.8464202880859,7.38424682617188,0,0,2774346,81.169838831934,1.22933476934744,12.9910977217694,9.0552512195667,42.943706372601,0.976885796623231,2.51843137085281,59.4853706062618,3,5,0,1,0,1,1,0,1,0,5,0,0,0,0,0,0,0,0,0,0,18,18,1,0,1,0,0,1,0,0,0,0,0,1,0,0,26.7853393554688,4.68164396286011,11.4767227172852,16.0947113037109,4,27,275,2,473,58.1395348837209
"1141",49,"UT",8,4,2011,0,1,2.4306261020046,17.2895,6.74615383148193,12.1767568588257,91.6484603881836,7.91407299041748,0,1,2815324,81.4590228486596,1.24973182482727,13.143140896039,9.19258316271946,42.7101108078502,0.959037041562534,2.47396036832706,73.6085793322545,6,10,1,0,0,1,1,0,1,0,15,0,0,0,0,0,0,0,0,0,0,18,18,1,0,1,0,0,1,0,0,0,0,0,1,0,0,26.6451396942139,4.66120433807373,11.4037675857544,15.8618335723877,1,27,268,2,502,53.3864541832669
"1142",49,"UT",8,4,2012,0,1,2.42365317382987,17.7582,5.4384617805481,10.5189809799194,90.9539489746094,6.4712233543396,0,0,2855194,81.7482068653852,1.2891593355828,13.2621110859717,9.5028218748008,42.5288089005511,0.980668914266421,2.46638231938005,74.3830366693121,4,5,1,0,0,1,1,0,1,0,16,0,0,0,0,0,0,0,0,0,0,18,18,1,0,1,0,0,1,0,0,0,0,0,1,0,0,26.4082221984863,4.69246578216553,11.4281196594238,15.5037803649902,3,28,283,5,550,51.4545454545455
"1143",49,"UT",8,4,2013,0,1,2.41802102600019,17.8671,4.67692279815674,10.7531881332397,93.269287109375,6.40926122665405,0,1,2902787,82.0373908821108,1.32159197350684,13.4152109679422,9.76885317455259,42.3539171148279,1.13683849348919,1.64531534694072,72.9860647715454,8,13,1,1,0,1,1,0,1,0,4,0,0,0,0,0,0,0,0,0,0,18,18,1,0,1,0,0,1,0,0,0,0,0,1,0,0,26.1814250946045,4.7248387336731,11.4476537704468,15.1957063674927,2,33,295,4,579,50.9499136442142
"1144",49,"UT",8,4,2014,0,0,2.39593435323365,18.1228,3.78461527824402,10.4913263320923,92.5429916381836,5.8299732208252,0,0,2942902,82.3265748988364,1.34747946074997,13.549890550212,10.0329538666255,42.0504318526407,1.22328232472573,2.38472093192366,70.2252402560466,6,8,2,1,0,1,1,0,1,0,0,0,0,0,0,0,0,0,0,0,0,18,18,1,0,1,0,0,1,0,0,0,0,0,1,0,0,25.9433040618896,4.77858257293701,11.3285455703735,14.9723644256592,7,36,278,2,559,49.7316636851521
"1145",50,"VT",1,1,1989,0,0,1.33405295688176,16.175,3.53846144676208,8.92594051361084,81.7908020019531,13.714225769043,1,1,557699,15.4239691266386,0.344630347194454,0.648199118162306,11.7228110504053,36.8236270819923,1.07534590293211,2.21087002128388,203.61162562601,2,7,0,0,1,0,0,0,1,0,0,0,0,0,0,0,0,0,0,0,0,16,16,0,0,0,0,0,1,0,0,0,0,1,0,0,0,21.3404693603516,4.02302265167236,11.4614095687866,17.1926517486572,2,6,69,0,94,73.4042553191489
"1146",50,"VT",1,1,1990,0,0,1.50745935528213,15.7114,5.00769233703613,9.62160110473633,82.0656509399414,12.1274518966675,1,0,564526,15.4752131466812,0.350205304981524,0.653114294115771,11.7185036650216,36.6211653670513,1.4222500351118,1.79973995883272,194.743909049362,1,0,0,0,1,0,0,0,1,0,0,0,0,0,0,0,0,0,0,0,0,16,16,0,0,0,0,0,1,0,0,0,0,1,0,0,0,21.4821929931641,3.88900113105774,11.2723484039307,16.8068943023682,0,8,51,0,84,60.7142857142857
"1147",50,"VT",1,1,1991,0,0,1.65390969794108,15.2281,6.5846152305603,9.76345729827881,83.693733215332,14.1606016159058,2,1,567141,15.6583148168675,0.357935680897696,0.67337751987601,11.8201646504132,36.384073801753,2.46179383883339,2.0559261277178,195.478725748976,1,5,0,1,0,1,0,1,1,0,0,0,0,0,0,0,0,0,0,0,0,16,16,0,0,0,0,0,1,0,0,0,0,1,0,0,0,21.6839084625244,3.85556960105896,11.0120191574097,16.0816097259521,1,14,64,2,92,69.5652173913043
"1148",50,"VT",1,1,1992,0,1,1.83822562114661,15.7093,6.1076922416687,11.8779754638672,82.15625,15.4986305236816,2,0,570115,15.8414164870539,0.396411250361769,0.680915253939995,11.9219806530261,36.0672846706366,2.09451498887289,2.03818527840874,187.965585890566,0,0,0,0,0,0,0,1,1,0,4,0,0,0,0,0,0,0,0,0,0,16,16,0,0,0,0,0,1,0,0,0,0,1,0,0,0,21.7440032958984,3.91863131523132,10.7173976898193,15.3646173477173,3,12,57,3,80,71.25
"1149",50,"VT",1,1,1993,0,1,1.93552658169629,15.6926,5.16923046112061,12.5741910934448,85.1732482910156,13.9453868865967,2,1,574004,16.0245181572403,0.484491397272493,0.744071469885227,12.02448066564,35.6553264437182,1.73033132384189,1.99301747026153,189.162444861011,1,4,1,0,0,0,0,1,1,0,6,0,0,0,0,0,0,0,0,0,0,16,16,0,0,0,0,0,1,0,0,0,0,1,0,0,0,21.7757568359375,3.96297359466553,10.3719959259033,14.7933006286621,2,10,68,2,92,73.9130434782609
"1150",50,"VT",1,1,1994,0,0,1.95025047503887,15.9076,4.56923055648804,12.6137466430664,86.0183563232422,12.8094520568848,2,0,578900,16.2076198274266,0.463119709794438,0.755052686128865,12.0706512351011,35.1394023147348,0.342408294498526,1.98998099844533,179.550872344101,0,5,0,0,0,0,0,1,1,0,0,0,0,0,0,0,0,0,0,0,0,16,16,0,0,0,0,0,1,0,0,0,0,1,0,0,0,21.7487449645996,4.07939910888672,9.90004062652588,14.4271678924561,2,2,38,2,58,65.5172413793103
"1151",50,"VT",1,1,1995,0,0,1.99716210813844,16.164,4.30000019073486,10.8871955871582,87.5676345825195,13.283016204834,2,1,582827,16.390721497613,0.487966411988463,0.762318835606449,12.1319019194375,34.4580810429167,1.18849738275898,2.13270833369079,172.967278454842,0,4,0,0,0,0,0,1,1,0,0,0,0,0,0,0,0,0,0,0,0,16,16,0,0,0,0,0,1,0,0,0,0,1,0,0,0,21.5006065368652,4.21051216125488,9.46261596679688,14.1592044830322,4,7,49,0,76,64.4736842105263
"1152",50,"VT",1,1,1996,0,0,1.79243867165116,16.4089,4.31538486480713,10.772855758667,86.9011383056641,12.7122106552124,2,0,586352,16.5738231677993,0.52954539252872,0.806171037192676,12.2255914535978,33.7010874014244,0.841901079990706,1.88964990312986,164.26651567659,0,1,0,0,0,0,0,1,1,0,0,0,0,0,0,0,0,0,0,0,0,16,16,0,0,0,0,0,1,0,0,0,0,1,0,0,0,21.1904640197754,4.32574653625488,9.03097724914551,13.9324340820312,5,5,45,1,66,68.1818181818182
"1153",50,"VT",1,1,1997,0,1,1.72933671952639,16.803,3.90769219398499,10.6427135467529,84.3715438842773,12.3925371170044,1,1,588665,16.7569248379857,0.517272132707057,0.87333203095139,12.2533189505067,33.0597198746316,1.50649298476433,1.79898584084326,160.102944798824,0,7,0,0,1,0,0,0,1,0,4,0,0,0,0,0,0,0,0,0,0,16,16,0,0,0,0,0,1,0,0,0,0,1,0,0,0,20.7024326324463,4.41983842849731,8.88555526733398,13.5717859268188,3,9,41,2,73,56.1643835616438
"1154",50,"VT",1,1,1998,0,0,2.00650548021518,17.68,3.3923077583313,12.2463274002075,86.6944580078125,12.9587697982788,1,0,590579,16.9400265081721,0.528125788421194,0.862374043100076,12.2860785771252,32.7214479349926,0.66588536117622,1.9353888302835,164.245596270778,1,1,0,0,1,0,0,0,1,0,0,0,0,0,0,0,0,0,0,0,0,16,16,0,0,0,0,0,1,0,0,0,0,1,0,0,0,20.2814388275146,4.44591760635376,9.02990627288818,13.0729360580444,2,4,57,0,86,66.2790697674419
"1155",50,"VT",1,1,1999,0,0,2.17772088793074,18.2032,2.95384621620178,14.2857122421265,89.25439453125,12.2166013717651,1,1,593740,17.1231281783585,0.53626166335433,0.863677704045542,12.2807963081483,32.4285040590157,1.32300726165611,1.97055950416007,174.535992185132,0,12,0,0,1,0,0,0,1,0,0,0,0,0,0,0,0,0,0,0,0,16,16,0,0,0,0,0,1,0,0,0,0,1,0,0,0,20.0129661560059,4.43935108184814,9.18299293518066,12.5695610046387,2,8,46,1,63,73.015873015873
"1156",50,"VT",1,1,2000,0,1,2.28339714378512,18.833,2.80769228935242,12.7293453216553,90.008186340332,11.0326404571533,1,0,609618,17.3062298485448,0.533284778336598,0.911390411700442,12.7447024202041,33.5204997227772,0.657001085694294,2.03734141708414,166.804457873619,2,1,2,0,1,0,0,0,1,0,12,0,0,0,0,0,0,0,0,0,0,16,16,0,0,0,0,0,1,0,0,0,0,1,0,0,0,19.7507286071777,4.45278835296631,9.31698226928711,12.1730327606201,2,4,47,0,77,61.038961038961
"1157",50,"VT",1,1,2001,0,0,2.35371751796323,19.2251,3.33076930046082,11.447826385498,86.8093414306641,11.8235092163086,2,1,612223,17.3133865520918,0.59096113670999,0.99702232683189,12.7576062970519,33.4657469582162,1.14337422801822,2.02213899183794,156.957513847079,0,6,0,0,0,0,0,1,1,0,0,0,0,0,0,0,0,0,0,0,0,16,16,0,0,0,0,0,1,0,0,0,0,1,0,0,0,19.3922805786133,4.46177291870117,9.61169338226318,11.7816543579102,0,7,42,0,72,58.3333333333333
"1158",50,"VT",1,1,2002,0,0,2.34628120927723,19.2877,3.99230766296387,13.4260358810425,87.4490051269531,11.3419990539551,2,0,615442,17.3205432556387,0.630766181053617,1.0686628471895,12.7903198026784,33.3144309293158,0.487454544863691,2.18217151250646,149.710289515503,1,2,0,0,0,0,0,1,1,0,0,0,0,0,0,0,0,0,0,0,0,16,16,0,0,0,0,0,1,0,0,0,0,1,0,0,0,18.9894409179688,4.48003244400024,9.84495735168457,11.5632343292236,3,3,54,1,92,58.695652173913
"1159",50,"VT",1,1,2003,0,1,2.46173068892852,19.6617,4.26923084259033,13.5299768447876,88.9151382446289,12.5247611999512,2,1,617858,17.3276999591857,0.686727371014052,1.12129324213654,12.8529532675793,33.2278614179957,1.13294640516106,2.13965021088988,145.842572241518,0,4,0,0,0,1,0,1,1,0,4,0,0,0,0,0,0,0,0,0,0,16,16,0,0,0,0,0,1,0,0,0,0,1,0,0,0,18.6408519744873,4.45798206329346,10.1290264129639,11.3105278015137,2,7,38,0,83,45.7831325301205
"1160",50,"VT",1,1,2004,0,0,2.55194218608853,20.2826,3.67692303657532,12.3840961456299,90.7731323242188,12.3555507659912,2,0,619920,17.3348566627326,0.741869918699187,1.18466898954704,12.946670538134,33.0666860240031,0.322622273841786,2.27287391921538,148.628855336172,1,3,0,0,0,1,0,1,1,0,0,0,0,0,0,0,0,0,0,0,0,16,16,0,0,0,0,0,1,0,0,0,0,1,0,0,0,18.27219581604,4.48364305496216,10.3108463287354,11.0556201934814,3,2,56,0,93,60.2150537634409
"1161",50,"VT",1,1,2005,0,0,2.6512560063746,20.0809,3.4769229888916,11.6707134246826,89.9744720458984,12.0088033676147,1,1,621215,17.3420133662796,0.798113374596557,1.24819909371152,13.0689052904389,32.8135991564917,1.12682404642515,2.51442737216584,145.054449747672,0,3,0,0,1,1,0,0,1,0,0,0,0,0,0,0,0,0,0,0,0,16,16,0,0,0,0,0,1,0,0,0,0,1,0,0,0,17.8698196411133,4.49490118026733,10.448878288269,10.8479347229004,0,7,36,0,78,46.1538461538462
"1162",50,"VT",1,1,2006,0,0,2.81750287369239,20.7145,3.68461537361145,12.8331232070923,91.0291137695312,10.5054636001587,1,0,622892,17.3491700698265,0.864676380496137,1.30632597625271,13.3068011790166,32.4770586233248,1.28433179427573,2.51568490203759,138.887640232978,1,2,0,1,1,1,0,0,1,0,0,0,0,0,0,0,0,0,0,0,0,16,16,0,0,0,0,0,1,0,0,0,0,1,0,0,0,17.4874610900879,4.46353483200073,10.5260620117188,10.7084369659424,0,8,43,2,81,53.0864197530864
"1163",50,"VT",1,1,2007,0,0,2.85654254099163,21.1862,4.00769233703613,13.212290763855,90.5606079101562,10.258825302124,1,1,623481,17.3563267733735,0.904598536282581,1.3620302783886,13.5827715680189,32.0866233293396,1.44350830257859,2.37537310679876,130.340780232277,0,6,0,0,1,1,0,0,1,0,0,0,0,0,0,0,0,0,0,0,0,16,16,0,0,0,0,0,1,0,0,0,0,1,0,0,0,17.2356491088867,4.36805629730225,10.4829177856445,10.7111520767212,0,9,43,0,89,48.314606741573
"1164",50,"VT",1,1,2008,0,0,2.80380869372956,21.1771,4.68461561203003,14.2944097518921,89.8322448730469,11.2123384475708,1,0,624151,17.3634834769204,0.969476937471862,1.42962199852279,13.9777073176203,31.6775908393962,1.28174111713351,2.08122713894554,134.114981791265,2,0,0,0,1,1,0,0,1,0,0,0,0,0,0,0,0,0,0,0,0,16,16,0,0,0,0,0,1,0,0,0,0,1,0,0,0,17.0215225219727,4.22333717346191,10.432731628418,10.8534631729126,1,8,44,0,94,46.8085106382979
"1165",50,"VT",1,1,2009,0,1,2.87444163651117,20.942,6.59230756759644,15.5831604003906,91.546760559082,10.9660577774048,1,1,624817,17.3706401804674,1.04574619448575,1.48427459560159,14.2945854546211,31.3021252622768,0.160046861721112,2.27106496782258,134.509784464891,0,4,0,0,1,1,0,0,1,0,17,0,0,0,0,0,0,0,0,0,0,16,16,0,0,0,0,0,1,0,0,0,0,1,0,0,0,16.8039608001709,4.07415294647217,10.4240121841431,11.0227470397949,0,1,59,0,87,67.816091954023
"1166",50,"VT",1,1,2010,0,1,2.86996318265494,20.9086,6.09230756759644,15.4738140106201,91.3344955444336,9.61413764953613,1,0,625792,17.3777968840143,1.04044155246472,1.48675598281857,14.6384102065862,30.9770658621395,0.319621057274495,2.42253016976887,134.300214767846,0,2,0,0,1,1,0,0,1,0,4,0,0,0,0,0,0,0,0,0,0,16,16,0,0,0,0,0,1,0,0,0,0,1,0,0,0,16.584264755249,3.96697306632996,10.4258279800415,11.1497106552124,1,2,66,1,106,62.2641509433962
"1167",50,"VT",1,1,2011,0,0,2.76318940059063,21.6999,5.51538467407227,13.2390689849854,91.5438766479492,8.75744342803955,1,1,626450,17.3849535875613,1.09378242477452,1.55894325165616,15.0099768536994,30.7362119881874,1.11740761433474,2.41838933673877,133.579695107351,0,4,0,0,1,0,0,0,1,0,0,0,0,0,0,0,0,0,0,0,0,16,16,0,0,0,0,0,1,0,0,0,0,1,0,0,0,16.3698616027832,3.8395721912384,10.5267782211304,11.2645864486694,1,7,70,0,120,58.3333333333333
"1168",50,"VT",1,1,2012,0,0,2.66235238877053,21.9895,4.96153831481934,14.1676902770996,91.3832397460938,9.569091796875,1,0,626138,17.3921102911082,1.13042172811744,1.62759647234316,15.720336411462,30.5012632997838,0.479127604457803,2.67832330891912,131.451852467028,1,2,0,0,1,0,0,0,1,0,0,0,0,0,0,0,0,0,0,0,0,16,16,0,0,0,0,0,1,0,0,0,0,1,0,0,0,16.1715145111084,3.74390316009521,10.5858449935913,11.3355207443237,1,3,50,1,87,57.4712643678161
"1169",50,"VT",1,1,2013,0,1,2.62740187124614,22.1793,4.4153847694397,13.3741693496704,92.7628936767578,8.42618083953857,1,1,626855,17.3992669946552,1.19963947005288,1.71586730583628,16.3433329876925,30.316420862879,0.638106101091959,2.51254277304959,128.658142632666,0,10,0,0,1,0,0,0,1,0,4,0,0,0,0,0,0,0,0,0,0,16,16,0,0,0,0,0,1,0,0,0,0,1,0,0,0,15.9456329345703,3.68235087394714,10.6884365081787,11.4516115188599,0,4,59,1,112,52.6785714285714
"1170",50,"VT",1,1,2014,0,0,2.62703451533926,22.7122,4.0846152305603,11.8528928756714,93.4188690185547,8.63606071472168,1,0,626562,17.4064236982021,1.23036507161302,1.77316849729157,16.9494798599341,30.1855203475474,1.27680899894982,2.37646074929536,119.646579269091,2,4,0,0,1,0,0,0,1,0,0,0,0,0,0,0,0,0,0,0,0,16,16,0,0,0,0,0,1,0,0,0,0,1,0,0,0,15.749439239502,3.65582346916199,10.7802581787109,11.4571266174316,1,8,59,1,124,47.5806451612903
"1171",51,"VA",5,3,1989,0,1,2.50480618878298,18.4608,3.8923077583313,8.64684772491455,74.3374557495117,16.325403213501,1,0,6120234,61.4005520937361,18.8331595655528,2.50400433839408,10.608780843602,36.4120183679311,5.59687123475791,2.54156948900973,67.3198116281175,NA,NA,NA,NA,1,0,0,0,1,0,12,0,0,0,0,0,0,0,0,0,0,18,0,1,0,0,0,0,1,0,0,0,0,0,0,1,0,20.498104095459,4.0098237991333,11.9035940170288,18.4789848327637,28,343,562,6,814,69.041769041769
"1172",51,"VA",5,3,1990,0,0,2.74159953623756,18.106,4.46923065185547,10.3156681060791,75.8754959106445,15.1441793441772,1,1,6213526,61.8961922035221,18.9009589724095,2.60789123599064,10.7187609740428,36.0682485274866,6.18597195994204,2.62588424028482,70.7710887505742,11,33,2,0,1,0,0,0,1,0,0,0,0,0,0,0,0,0,0,0,0,18,0,1,0,0,0,0,1,0,0,0,0,0,0,1,0,20.6029739379883,3.85735034942627,11.6098194122314,18.3934268951416,32,383,552,8,799,69.0863579474343
"1173",51,"VA",5,3,1991,0,1,2.97763171735558,17.8689,5.90769243240356,9.61255264282227,76.6218795776367,16.0508613586426,1,0,6283853,62.3651758115881,19.0726294838533,2.69708728068591,10.8363928946142,35.6945014468034,6.18688190670182,2.65123961365742,63.2164692585902,9,25,4,0,1,0,0,0,1,0,4,0,0,0,0,0,0,0,0,0,0,18,0,1,0,0,0,0,1,0,0,0,0,0,0,1,0,20.7982368469238,3.77254104614258,11.1376104354858,18.1748695373535,28,390,552,10,793,69.609079445145
"1174",51,"VA",5,3,1992,0,0,3.21369069206204,18.1547,6.2846155166626,10.4756813049316,78.4919052124023,16.3084259033203,1,1,6383315,62.8341594196539,19.2833817538379,2.78038918649636,10.9037388880229,35.3955429114809,6.35780016374452,2.19870083177785,59.6154192609953,12,27,5,2,1,0,0,0,1,0,0,0,0,0,0,0,0,0,0,0,0,18,0,1,0,0,0,0,1,0,0,0,0,0,0,1,0,20.8750381469727,3.78146862983704,10.772777557373,17.8575649261475,24,408,570,6,812,70.1970443349754
"1175",51,"VA",5,3,1993,0,1,3.40675922438376,18.2697,5.2384614944458,9.28826236724854,80.6749954223633,16.2693538665771,1,0,6464795,63.3031430277198,19.4404926993045,2.90329391728585,11.0016790942327,35.0836956160249,6.21897804838948,2.81818681025462,57.3719661644337,25,69,15,0,1,0,0,0,1,0,4,0,0,0,0,0,0,0,0,0,0,18,9.07397270202637,1,0,0.504109561443329,0,0,1,0,0,0,0,0,0,1,0,20.8664093017578,3.78563761711121,10.4788599014282,17.5056800842285,33,405,523,4,783,66.794380587484
"1176",51,"VA",5,3,1994,1,0,3.81059700576936,18.4953,4.8692307472229,9.43928241729736,79.9563446044922,15.1975555419922,1,1,6536771,63.7721266357858,19.5771276062753,3.02764162917746,11.0750858489612,34.748823233979,6.3816886463544,2.85676215366884,54.561036328181,12,40,3,0,1,1,0,0,1,9,0,0.137682657079466,0.533333333333333,0,0,0,0,0,0,0,0,18,18,1,0,1,0,0,1,0,0,0,0,0,0,1,0,20.8520107269287,3.85107922554016,10.121111869812,17.1712894439697,39,421,549,16,821,66.8696711327649
"1177",51,"VA",5,3,1995,1,0,4.11897975457298,18.6455,4.5230770111084,12.445122718811,82.7432327270508,14.9160537719727,1,0,6601392,64.2411102438516,19.6998148269335,3.1769057192786,11.1597978123402,34.4277994701723,5.43948816664074,2.74775380707584,53.4399411518056,6,30,3,0,1,1,0,0,1,5,0,0.07574160116533,0.380555555555556,9,1,0,0,0,0,0,0,18,18,1,0,1,0,0,1,0,0,0,0,0,0.504109561443329,0.495890408754349,0,20.7913932800293,3.9287371635437,9.79799270629883,16.8352680206299,26,363,548,14,827,66.2636033857316
"1178",51,"VA",5,3,1996,0,0,4.13097849805813,18.7829,4.44615364074707,11.8555488586426,81.9670104980469,13.2531461715698,2,1,6665491,64.7100938519176,19.7925854224392,3.34694023291007,11.2303204670144,34.0644222608657,5.22606970836754,2.78944191808225,51.06855593984,3,40,0,1,0,1,0,1,1,0,0,0,0,0,0,0,0,5,1,0,0,18,18,1,0,1,0,0,1,0,0,0,0,0,1,0,0,20.6630573272705,3.98774433135986,9.52586364746094,16.521110534668,35,353,562,9,829,67.7925211097708
"1179",51,"VA",5,3,1997,0,0,4.16166756623245,19.3446,3.82307696342468,11.2384357452393,81.2788848876953,13.2729549407959,2,0,6732878,65.1790774599834,19.9063015845527,3.53000603902224,11.2525282650302,33.9093475331055,5.4159041098076,2.81410119119937,49.2447657599024,6,37,2,0,0,1,0,1,1,0,0,0,0,0,0,0,0,0,0,0,0,18,18,1,0,1,0,0,1,0,0,0,0,0,1,0,0,20.6013069152832,4.05414533615112,9.39632129669189,16.0563869476318,17,370,499,9,762,65.4855643044619
"1180",51,"VA",5,3,1998,0,0,4.32008071613476,20.1394,2.91538453102112,10.5590009689331,82.6467666625977,14.508472442627,2,1,6789225,65.6480610680493,20.0361307807592,3.70299997422386,11.2918042928317,33.9832896980141,4.27225657406152,2.85923651079468,47.6429931251358,8,31,3,0,0,1,0,1,1,0,0,0,0,0,0,0,0,0,0,0,0,18,18,1,0,1,0,0,1,0,0,0,0,0,1,0,0,20.6577301025391,4.06741523742676,9.41286373138428,15.4877653121948,33,295,531,6,827,64.2079806529625
"1181",51,"VA",5,3,1999,0,0,4.36961800180186,20.776,2.74615383148193,11.0192861557007,87.2789154052734,13.3611307144165,2,0,6872912,66.1170446761153,20.1464968560633,3.87358371531601,11.2744787071332,34.018739073045,3.99990057390002,2.90604622902199,46.2597222254555,8,25,6,0,0,1,0,1,1,0,0,0,0,0,0,0,0,0,0,0,0,18,18,1,0,1,0,0,1,0,0,0,0,0,1,0,0,20.5769882202148,4.03847122192383,9.51483535766602,14.9772701263428,24,280,503,7,791,63.590391908976
"1182",51,"VA",5,3,2000,0,1,4.21879707850624,21.4098,2.29999995231628,9.39726448059082,86.5857696533203,12.5362873077393,0,1,7105817,66.5860282841811,19.936778557624,4.70414591313005,11.1907751072115,34.1540459035182,4.01214096459498,2.87271681778464,44.3397289854214,5,38,2,0,0,1,1,0,1,0,8,0,0,0,0,0,0,0,0,0,0,18,18,1,0,1,0,0,1,0,0,0,0,0,1,0,0,20.4683990478516,4.03856468200684,9.64708232879639,14.5709915161133,15,284,484,6,768,63.0208333333333
"1183",51,"VA",5,3,2001,0,0,4.29472705040397,21.6203,3.23076915740967,10.6433982849121,84.6398086547852,13.509087562561,0,0,7198362,66.9065808738694,19.8861352068707,5.02405964023482,11.1989227549267,34.1935707040018,3.82031356578066,2.9276104758277,43.8158014281582,13,31,5,0,0,1,1,0,1,0,0,0,0,0,0,0,0,0,0,0,0,18,18,1,0,1,0,0,1,0,0,0,0,0,1,0,0,20.318359375,4.05592250823975,9.8192892074585,14.2487277984619,13,275,467,6,797,58.594730238394
"1184",51,"VA",5,3,2002,0,0,4.57219441041445,21.6867,4.2153844833374,11.1677675247192,86.7485504150391,12.9600257873535,0,1,7286873,67.2271334635578,19.8509840915301,5.34924925959324,11.2209173948826,34.1778702606729,3.92486598846995,2.95600046823926,43.1938363684944,13,28,3,3,0,0,1,0,1,0,0,0,0,0,0,0,0,0,0,0,0,18,18,1,0,1,0,0,1,0,0,0,0,0,1,0,0,20.2086143493652,4.09875392913818,9.87050247192383,13.9786434173584,18,286,491,5,799,61.4518147684606
"1185",51,"VA",5,3,2003,0,0,4.75364589844654,22.1844,4.1076922416687,11.8806581497192,87.8321075439453,12.5052289962769,0,0,7366977,67.5476860532461,19.8089392704769,5.67719975235432,11.2787782559929,34.1737051710627,4.5608938374587,2.95996580415549,41.3473531952116,8,20,0,1,0,0,1,0,1,0,0,0,0,0,0,0,0,0,0,0,0,18,18,1,0,1,0,0,1,0,0,0,0,0,1,0,0,20.0817775726318,4.11069583892822,9.98123073577881,13.7652530670166,12,336,452,5,808,55.9405940594059
"1186",51,"VA",5,3,2004,1,0,4.72405132715544,22.7067,3.82307696342468,11.1382503509521,88.3690795898438,11.9627590179443,0,1,7475575,67.8682386429346,19.7919624911796,6.01025339187955,11.2835601274818,34.1877113131766,3.94618474164195,2.9569631767456,42.1035171207566,26,50,4,2,0,0,1,0,1,4,0,0.0535075897171789,0.0333333333333333,0,0,0,0,0,0,0,0,18,18,1,0,1,0,0,1,0,0,0,0,0,1,0,0,19.9709987640381,4.13360834121704,10.083104133606,13.5950345993042,16,295,494,5,828,59.6618357487923
"1187",51,"VA",5,3,2005,0,0,4.67909577602528,23.1742,3.56923079490662,12.672233581543,86.0352249145508,11.5199518203735,0,0,7577105,68.188791232623,19.7650025966382,6.3704541510247,11.3767725272383,34.1049516932918,4.65877139092041,2.94518816883229,40.2007099017369,20,54,5,4,0,0,1,0,1,0,0,0,0,0,0,4,1,0,0,0,0,18,18,1,0,1,0,0,1,0,0,0,0,0,1,0,0,19.76780128479,4.20270013809204,10.1344509124756,13.4493322372437,6,353,511,10,866,59.0069284064665
"1188",51,"VA",5,3,2006,1,0,4.69341812483507,23.7152,3.09999990463257,12.2267026901245,86.487190246582,11.9829025268555,0,1,7673725,68.5093438223113,19.7888639480826,6.72549511482363,11.4717037683785,33.9846423998775,3.70094054712672,2.98056028851698,41.3728665022528,4,22,2,0,0,0,1,0,1,4,0,0.0521259231989679,0.469444444444444,0,0,0,0,0,0,0,0,18,18,1,0,1,0,0,1,0,0,0,0,0,1,0,0,19.5625076293945,4.2377724647522,10.184362411499,13.3438062667847,13,284,499,6,876,56.9634703196347
"1189",51,"VA",5,3,2007,1,0,4.81692684814863,24.067,3.03076910972595,11.4621562957764,86.9797134399414,12.1223945617676,0,0,7751000,68.8298964119997,19.7731002451297,7.05032898980777,11.6164494903883,33.8210811508192,3.97368081537866,3.00683782737711,40.9287833827893,12,37,1,2,0,0,1,0,1,32,0,0.412849954844536,3.25833333333333,0,0,4,1,0,0,0,0,18,18,1,0,1,0,0,1,0,0,0,0,0,1,0,0,19.4381370544434,4.22830581665039,10.1546382904053,13.3218936920166,10,308,487,7,880,55.3409090909091
"1190",51,"VA",5,3,2008,0,1,4.86372878724901,23.6907,3.93846154212952,11.1327152252197,88.455940246582,11.7094373703003,2,1,7833496,69.1504490016881,19.7647002053745,7.34881335230145,11.8768682590762,33.5859110670383,3.20418878110106,3.03159662046167,39.5662421988854,13,60,6,1,0,0,0,1,1,0,16,0,0,0,0,0,0,32,1,0,0,18,18,1,0,1,0,0,1,0,0,0,0,0,1,0,0,19.3222541809082,4.14569711685181,10.1179599761963,13.419116973877,11,251,524,20,948,55.2742616033755
"1191",51,"VA",5,3,2009,0,1,4.81167084724494,23.3286,6.69999980926514,10.6711282730103,89.4985809326172,11.1480264663696,2,0,7925937,69.4710015913764,19.7513303474403,7.66382574072946,12.0732854676993,33.3716127191019,3.4317709060771,2.95170148337036,40.2467241412593,8,32,1,1,0,0,0,1,1,0,8,0,0,0,0,0,0,0,0,0,0,18,18,1,0,1,0,0,1,0,0,0,0,0,1,0,0,19.2205028533936,4.05916690826416,10.0919427871704,13.5296812057495,13,272,527,8,963,54.7248182762201
"1192",51,"VA",5,3,2010,1,1,4.71604071883984,23.3582,7.14615392684937,10.7232694625854,90.0849075317383,11.4864740371704,2,1,8025376,69.7915541810648,19.7291939966426,7.95350896954859,12.2533448900089,33.1633184538643,3.3870664554937,2.91450518953878,38.3776411223599,22,49,5,6,0,0,0,1,1,8,9,0.0996838029769571,0,0,0,0,0,0,0,0,0,18,18,1,0,1,0,0,1,0,0,0,0,0,1,0,0,19.1268177032471,3.98874759674072,10.0477533340454,13.6763191223145,13,271,576,4,963,59.8130841121495
"1193",51,"VA",5,3,2011,0,1,4.67116175358697,23.7746,6.5846152305603,11.0059051513672,90.0035552978516,10.5970544815063,2,0,8110188,70.1121067707533,19.6729225019198,8.1901307343307,12.4711042456722,32.9811220159138,2.84826936194327,2.89882306057517,37.9327828158854,14,33,5,0,0,1,0,1,1,0,5,0,0,0,0,0,0,8,1,0,0,18,18,1,0,1,0,0,1,0,0,0,0,0,1,0,0,19.0303478240967,3.88555717468262,10.0652170181274,13.8525514602661,11,231,604,7,1054,57.3055028462998
"1194",51,"VA",5,3,2012,0,0,4.58746052626119,24.1032,6.03846168518066,11.6235456466675,89.8158874511719,11.2015237808228,2,1,8193422,70.4326593604416,19.6453813803317,8.41221164978442,12.9681224767869,32.7785630961032,2.73390043866897,2.88341061890868,37.1280766448988,15,47,0,4,0,1,0,1,1,0,0,0,0,0,0,0,0,0,0,0,0,18,18,1,0,1,0,0,1,0,0,0,0,0,1,0,0,18.9214839935303,3.80859184265137,10.048487663269,13.9655323028564,11,224,587,6,1063,55.2210724365005
"1195",51,"VA",5,3,2013,0,1,4.47538766520623,23.8153,5.68461513519287,12.7518539428711,90.361328125,10.3745994567871,2,0,8270345,70.75321195013,19.6515260246096,8.65356886562773,13.3677494711527,32.6113360446269,2.81729480450936,2.87364070059955,36.3665602825517,17,57,5,1,0,1,0,1,1,0,12,0,0,0,0,0,0,0,0,0,0,18,18,1,0,1,0,0,1,0,0,0,0,0,1,0,0,18.8186111450195,3.75735235214233,10.0353736877441,14.0721578598022,10,233,601,11,1072,56.0634328358209
"1196",51,"VA",5,3,2014,0,1,4.47534309702678,23.8543,5.16153860092163,11.6719951629639,89.4598693847656,10.7642002105713,0,1,8326289,71.0737645398184,19.6826581445828,8.85527754321283,13.77427567071,32.4093482702798,2.82238581918067,2.8665831800938,35.1732926877748,17,59,4,3,0,0,1,0,1,0,4,0,0,0,0,0,0,0,0,0,0,18,18,1,0,1,0,0,1,0,0,0,0,0,1,0,0,18.6983776092529,3.74997782707214,9.96099185943604,14.1150760650635,13,235,625,4,1122,55.7040998217469
"1197",53,"WA",9,4,1989,0,0,1.34251293053591,17.3614,5.90000009536743,12.5299291610718,88.243278503418,18.8836326599121,2,1,4746323,65.7943713252926,3.09241295267118,4.26730064475133,11.8451743992874,36.1587006020031,2.73747085909627,2.12016754864766,54.6056389335492,1,9,0,0,0,0,0,1,1,0,0,0,0,0,0,0,0,0,0,0,0,21,0,1,1,0,0,0,1,0,0,0,0,0,1,0,0,22.0078563690186,3.91868305206299,10.2333936691284,17.8665161132812,15,130,376,8,648,58.0246913580247
"1198",53,"WA",9,4,1990,0,0,1.52241071829382,17.5211,5.2384614944458,12.5247611999512,87.6392288208008,17.5674018859863,2,0,4900780,66.055916421257,3.1450095699052,4.44212962018291,11.7662902639988,36.5137794391913,2.85514161707827,2.22862483114933,54.8184166602051,1,14,0,0,0,0,0,1,1,0,0,0,0,0,0,0,0,0,0,0,0,21,0,1,1,0,0,0,1,0,0,0,0,0,1,0,0,22.6620483398438,3.88360857963562,9.95471572875977,17.3884048461914,11,139,375,7,677,55.3914327917282
"1199",53,"WA",9,4,1991,0,0,1.71040141475629,17.5536,6.33846139907837,12.3643589019775,88.0530853271484,16.4844169616699,2,1,5013443,66.7521820026257,3.17169258730976,4.61162119525444,11.7290253424643,36.1127672140683,2.48682480219796,2.2146457035614,55.1335678893726,1,13,1,0,0,0,0,1,1,0,0,0,0,0,0,0,0,0,0,0,0,21,0,1,1,0,0,0,1,0,0,0,0,0,1,0,0,22.5247840881348,3.8704845905304,9.65225410461426,17.1726531982422,19,125,395,7,692,57.0809248554913
"1200",53,"WA",9,4,1992,0,0,1.8596963501343,17.9206,7.33076953887939,12.0861921310425,87.9083786010742,16.1802387237549,2,0,5139011,67.4484475839945,3.21824568968621,4.8176390359935,11.6680038240821,35.9807752892531,3.27422612503088,2.2270822148464,51.6963283402195,0,5,0,0,0,0,0,1,1,0,0,0,0,0,0,0,0,0,0,0,0,21,0,1,1,0,0,0,1,0,0,0,0,0,1,0,0,22.4975528717041,3.96135687828064,9.41749477386475,16.8100528717041,22,169,386,11,694,55.6195965417867
"1201",53,"WA",9,4,1993,0,0,1.94161103598831,17.8758,7.3230767250061,11.893346786499,88.5414428710938,15.9193410873413,1,1,5247704,68.1447131653631,3.23274712140776,5.02932330024712,11.6187574604055,35.7218318716147,3.14358335930893,2.21811291185631,53.5436068802661,4,27,3,0,1,0,0,0,1,0,0,0,0,0,0,0,0,0,0,0,0,21,0,1,1,0,0,0,1,0,0,0,0,0,1,0,0,22.2896423339844,3.99862313270569,9.29018115997314,16.4960041046143,19,166,425,8,690,61.5942028985507
"1202",53,"WA",9,4,1994,1,0,1.9917914051183,18.004,6.57692289352417,13.9671058654785,88.5552139282227,16.0985221862793,1,0,5334896,68.8409787467317,3.28021389732808,5.26147088902951,11.6296550110818,35.5232042011691,3.71993432827937,2.22197396162924,50.6637805123099,0,42,0,0,1,0,0,0,1,4,0,0.074978031436789,0.163888888888889,0,0,0,0,0,0,0,0,19.4876708984375,9.07397270202637,1,0.495890408754349,0.504109561443329,0,0,1,0,0,0,0,0,1,0,0,22.1335697174072,4.09675168991089,9.12101078033447,16.1655254364014,20,200,438,14,759,57.7075098814229
"1203",53,"WA",9,4,1995,0,0,2.06590874943657,18.1483,6.4384617805481,10.9717254638672,91.3826675415039,14.2303657531738,2,1,5431024,69.5372443281005,3.33743691797348,5.5110233355625,11.6297405424833,35.3194167435091,3.15549936050978,2.23751542987105,56.2512704786427,1,30,1,0,0,0,0,1,1,0,0,0,0,0,0,0,0,4,1,0,0,18,18,1,0,1,0,0,1,0,0,0,0,0,1,0,0,21.87841796875,4.20058155059814,9.03432846069336,15.8818407058716,22,173,455,9,781,58.258642765685
"1204",53,"WA",9,4,1996,0,0,2.19003285503006,18.6562,6.06923055648804,13.4157524108887,90.2022933959961,14.1271295547485,2,0,5509963,70.2335099094691,3.40358002404009,5.76071018988694,11.6341434597655,35.2217791662122,2.47652594376276,2.27805522469026,45.9046639696129,1,11,0,0,0,0,0,1,1,0,0,0,0,0,0,0,0,0,0,0,0,18,18,1,0,1,0,0,1,0,0,0,0,0,1,0,0,21.7159538269043,4.31056833267212,8.97077465057373,15.5508155822754,8,138,455,7,773,58.8615782664942
"1205",53,"WA",9,4,1997,0,0,2.29653084658478,19.3085,4.90769243240356,14.1462965011597,88.8013305664062,13.7403860092163,0,1,5604105,70.929775490838,3.46785079865563,6.02899124837954,11.5385596808054,35.2705739810371,2.76612111241058,2.28314779969326,42.0186631049918,1,24,1,0,0,0,1,0,1,0,0,0,0,0,0,0,0,0,0,0,0,18,18,1,0,1,0,0,1,0,0,0,0,0,1,0,0,21.558141708374,4.41034650802612,9.0534610748291,15.1475477218628,17,157,423,6,728,58.1043956043956
"1206",53,"WA",9,4,1998,0,0,2.40636502625253,20.5032,4.80000019073486,14.9366188049316,92.0088500976562,13.0345420837402,0,0,5687832,71.6260410722066,3.48640747476367,6.28826589814889,11.4701348422387,35.3955426250283,2.44306150606598,2.31705155848485,38.5881650512884,2,6,1,0,0,0,1,0,1,0,0,0,0,0,0,0,0,0,0,0,0,18,18,1,0,1,0,0,1,0,0,0,0,0,1,0,0,21.4787883758545,4.42931365966797,9.2077522277832,14.7357807159424,12,141,381,10,708,53.8135593220339
"1207",53,"WA",9,4,1999,0,0,2.49723740397796,21.1831,4.88461542129517,14.02126121521,91.2031402587891,13.421895980835,2,1,5756361,72.3223066535752,3.54135190617823,6.54343950978752,11.4188807824944,35.5135127904591,1.84850349949098,2.34366816118725,49.7168263074536,1,14,0,0,0,0,0,1,1,0,0,0,0,0,0,0,0,0,0,0,0,18,18,1,0,1,0,0,1,0,0,0,0,0,1,0,0,21.3991832733154,4.40839004516602,9.37853622436523,14.4101629257202,12,108,450,7,816,55.1470588235294
"1208",53,"WA",9,4,2000,0,0,2.49589206484988,21.6816,5.16923093795776,13.2368402481079,91.7754440307617,13.2924842834473,2,0,5910512,73.0185722349439,3.37903044609333,7.5620013968333,11.2303637992783,35.1855473772831,1.90019851984715,2.3128283979459,36.3706223758619,1,9,0,0,0,0,0,1,1,0,0,0,0,0,0,0,0,0,0,0,0,18,18,1,0,1,0,0,1,0,0,0,0,0,1,0,0,21.254301071167,4.40102291107178,9.53022384643555,14.1942529678345,8,112,390,9,727,53.6451169188446
"1209",53,"WA",9,4,2001,0,0,2.51214473375142,21.3117,6.30000019073486,13.7437705993652,89.9158325195312,13.929949760437,2,1,5985722,73.2138449266556,3.42899319413765,7.9128298975462,11.192567914113,35.1500286849272,1.77088077261189,2.33889913363835,35.6307894018466,0,12,0,0,0,0,0,1,1,0,0,0,0,0,0,0,0,0,0,0,0,18,18,1,0,1,0,0,1,0,0,0,0,0,1,0,0,20.9583072662354,4.39413976669312,9.79758167266846,13.9877195358276,4,106,391,3,712,54.9157303370786
"1210",53,"WA",9,4,2002,0,0,2.57916389157334,21.1846,7.40769243240356,13.6051998138428,90.3624496459961,14.4303684234619,1,0,6052349,73.4091176183673,3.47035506379424,8.24590584581292,11.1931747491759,35.0297380405525,1.81747615677814,2.27134952065719,32.7413372890426,1,2,0,0,1,0,0,0,1,0,0,0,0,0,0,0,0,0,0,0,0,18,18,1,0,1,0,0,1,0,0,0,0,0,1,0,0,20.6995010375977,4.37597036361694,9.95426750183105,13.839469909668,9,110,437,4,811,53.8840937114673
"1211",53,"WA",9,4,2003,0,1,2.63838410645933,21.3675,7.40769243240356,14.3164710998535,89.064208984375,13.1375608444214,2,1,6104115,73.604390310079,3.48861382854026,8.58705971299689,11.256504833215,34.8627278483449,1.81844542574968,2.30664068419419,31.8322967375287,0,11,0,0,0,0,0,1,1,0,4,0,0,0,0,0,0,0,0,0,0,18,18,1,0,1,0,0,1,0,0,0,0,0,1,0,0,20.468240737915,4.34906625747681,10.0454206466675,13.656590461731,6,111,436,6,803,54.2963885429639
"1212",53,"WA",9,4,2004,0,0,2.65122854606471,22.0633,6.26923084259033,12.5136566162109,89.7374725341797,11.6755533218384,2,0,6178645,73.7996630017907,3.51288996211953,8.9525616053358,11.3132733795193,34.6106306479819,1.97454296208958,2.26716375515991,32.0720805289833,2,5,1,1,0,0,0,1,1,0,0,0,0,0,0,0,0,0,0,0,0,18,18,1,0,1,0,0,1,0,0,0,0,0,1,0,0,20.2762908935547,4.33672761917114,9.99761295318604,13.5217514038086,12,122,423,4,830,50.9638554216867
"1213",53,"WA",9,4,2005,0,0,2.71650494901559,21.8927,5.55384635925293,13.5165166854858,91.5105743408203,11.9876489639282,1,1,6257305,73.9949356935024,3.54352233109941,9.32132923039551,11.4038072301094,34.2950998872518,2.25336626550887,2.26039804676294,31.0529852708155,2,14,1,0,1,0,0,0,1,0,0,0,0,0,0,0,0,0,0,0,0,18,18,1,0,1,0,0,1,0,0,0,0,0,1,0,0,19.9719200134277,4.38185453414917,9.94132423400879,13.4038696289062,10,141,398,6,822,48.4184914841849
"1214",53,"WA",9,4,2006,1,0,2.74237597973112,22.6119,5.03846168518066,12.9825067520142,91.1027069091797,13.2004690170288,1,0,6370753,74.1902083852141,3.59758100808492,9.71310612732906,11.520631862513,33.9979277174927,1.93069798813421,2.221244490251,30.3019125054762,1,14,0,0,1,0,0,0,1,6,0,0.0941803896650835,0.108333333333333,0,0,0,0,0,0,0,0,18,18,1,0,1,0,0,1,0,0,0,0,0,1,0,0,19.753002166748,4.37171220779419,9.87321281433105,13.4353981018066,9,123,397,8,809,49.0729295426452
"1215",53,"WA",9,4,2007,0,0,2.73400327195161,23.4654,4.70769214630127,13.3924055099487,90.0439300537109,13.0569171905518,1,1,6461587,74.3854810769258,3.62677156556122,10.1009086467458,11.6524469917375,33.717305052149,1.91903320345296,2.26523298378556,30.5087589163467,1,9,1,0,1,0,0,0,1,0,0,0,0,6,1,0,0,0,0,0,0,18,18,1,0,1,0,0,1,0,0,0,0,0,1,0,0,19.6257820129395,4.35566377639771,9.73585891723633,13.4988040924072,3,124,413,2,865,47.7456647398844
"1216",53,"WA",9,4,2008,1,0,2.71995911146682,23.2908,5.38461542129517,13.523265838623,92.3566665649414,12.6360597610474,1,0,6562231,74.5807537686375,3.69295137583544,10.5204617149259,11.8479980360338,33.5664959066513,1.93531742482092,2.28276023809586,30.053041412288,1,16,0,0,1,0,0,0,1,6,0,0.091432319282878,0.0138888888888889,0,0,0,0,0,0,0,0,18,18,1,0,1,0,0,1,0,0,0,0,0,1,0,0,19.515115737915,4.26188898086548,9.78949069976807,13.6999292373657,9,127,439,3,889,49.3813273340832
"1217",53,"WA",9,4,2009,1,0,2.71154115546239,22.3124,9.14615345001221,12.3953475952148,92.924186706543,11.4657697677612,1,1,6667426,74.7760264603492,3.75132772377226,10.9459032616185,12.0978620535121,33.3933964921395,1.76979841995997,2.16425349152731,29.5856301967206,4,13,1,0,1,0,0,0,1,4,0,0.0599931667783039,0.383333333333333,6,1,0,0,0,0,0,0,18,18,1,0,1,0,0,1,0,0,0,0,0,1,0,0,19.4708118438721,4.14254331588745,9.7800407409668,13.8478927612305,4,118,470,9,921,51.0314875135722
"1218",53,"WA",9,4,2010,0,0,2.70457441517694,22.1657,10,12.6004114151001,91.8740234375,11.2125692367554,1,0,6741911,74.971299152061,3.76672133464829,11.293785990352,12.3841296629398,33.1121991969339,1.69528324614026,2.15888343824177,31.0075288742317,1,9,0,0,1,0,0,0,1,0,0,0,0,4,1,0,0,0,0,0,0,18,18,1,0,1,0,0,1,0,0,0,0,0,1,0,0,19.410831451416,4.04518842697144,9.65617942810059,13.9215421676636,9,114,464,7,957,48.4848484848485
"1219",53,"WA",9,4,2011,0,0,2.64448897936592,22.5064,9.22307682037354,13.3492794036865,91.2367782592773,11.2746620178223,1,1,6822112,75.1665718437727,3.8546127650792,11.5231617422874,12.6234808223612,32.9461902706962,1.28992312058201,2.09861696788326,28.7705625471995,4,18,1,0,1,0,0,0,1,0,0,0,0,0,0,0,0,0,0,0,0,18,18,1,0,1,0,0,1,0,0,0,0,0,1,0,0,19.2933940887451,3.93101143836975,9.72178363800049,14.0835275650024,6,88,495,9,1021,48.4818805093046
"1220",53,"WA",9,4,2012,1,0,2.5461387043099,23.2819,8.11538505554199,13.5268287658691,90.8813705444336,11.329568862915,1,0,6896325,75.3618445354844,3.94201259366402,11.7456471381497,13.1706814861539,32.6742286652674,1.8415605413028,2.06080774905475,28.1703661007856,0,8,0,0,1,0,0,0,1,5,0,0.0725023835158581,0.075,0,0,0,0,0,0,0,0,18,18,1,0,1,0,0,1,0,0,0,0,0,1,0,0,19.1601905822754,3.85505318641663,9.65898513793945,14.1562929153442,7,127,529,2,1038,50.9633911368015
"1221",53,"WA",9,4,2013,1,0,2.52762433712059,23.2686,7.0230770111084,14.1919498443604,91.9801025390625,11.3782329559326,1,1,6973742,75.5571172271962,4.01715463520159,11.954514520325,13.6325949540433,32.439829291075,1.66338244231003,2.07564317693428,26.9698821665614,2,31,0,0,1,0,0,0,1,4,0,0.0573580152520698,0.152777777777778,5,1,0,0,0,0,0,0,18,18,1,0,1,0,0,1,0,0,0,0,0,1,0,0,19.0409965515137,3.82823157310486,9.57060050964355,14.3002281188965,11,116,483,3,1027,47.0301850048685
"1222",53,"WA",9,4,2014,1,0,2.55638650547403,23.7934,6.2384614944458,13.9980182647705,91.1582336425781,11.1368894577026,1,0,7061530,75.7523899189079,4.06114538917203,12.1613729602508,14.0586388502208,32.1642901750754,1.69934844148506,2.06272578322262,25.5484293063968,3,5,1,0,1,0,0,0,1,4,0,0.056644948049502,0.352777777777778,4,1,0,0,0,0,0,0,18,18,1,0,1,0,0,0.923287689685822,0,0.0767123252153397,0,0,0,1,0,0,18.8955364227295,3.80097508430481,9.46777820587158,14.4629983901978,4,120,551,5,1119,49.2403932082216
"1223",54,"WV",5,3,1989,0,1,0.827543297951014,12.4297,8.62307739257812,9.00582695007324,68.0405654907227,13.5060949325562,1,1,1806552,21.5816947500483,3.14859467095329,0.486396184554887,14.7116717370992,35.2855605595632,4.75973836935791,1.95621271903604,169.639733591948,NA,NA,NA,NA,1,0,0,0,1,0,12,0,0,0,0,0,0,0,0,0,0,8.7780818939209,18,0.487671226263046,0,1,0,0,1,0,0,0,0,0,0.487671226263046,0.512328743934631,0,20.4647045135498,4.60259199142456,10.2186517715454,14.8579435348511,14,86,175,2,231,75.7575757575758
"1224",54,"WV",5,3,1990,0,0,0.864723252296677,12.6554,8.46153831481934,8.99953651428223,68.3835754394531,13.7084903717041,1,0,1792481,21.6807909998288,3.1475926383599,0.47554200016625,14.9862118482706,34.5307425852771,4.12425833016583,1.91856984816018,152.294501308522,1,12,0,0,1,0,0,0,1,0,0,0,0,0,0,0,0,0,0,0,0,18,18,1,0,1,0,0,1,0,0,0,0,0,1,0,0,19.8373489379883,4.53003215789795,10.157998085022,14.5961503982544,13,74,162,5,219,73.972602739726
"1225",54,"WV",5,3,1991,0,0,0.852513496740095,12.6074,10.6461534500122,10.2274150848389,68.4969177246094,14.409029006958,1,1,1798212,22.3463928808983,3.13444688390468,0.474248864983662,15.074807642258,34.4360397995342,4.66795813508404,2.05203835810238,147.436453543854,0,5,0,0,1,0,0,0,1,0,0,0,0,0,0,0,0,0,0,0,0,18,18,1,0,1,0,0,1,0,0,0,0,0,1,0,0,19.6373558044434,4.48615264892578,10.2926778793335,14.129096031189,21,84,180,6,240,75
"1226",54,"WV",5,3,1992,0,0,0.879553266698496,13.1336,11.3153848648071,8.12582302093506,71.4785842895508,15.181396484375,1,0,1805462,23.0119947619676,3.1200324349114,0.495773380996111,15.1382859345697,34.3793998433642,5.20263718358003,2.08312332245154,155.91909439246,1,14,0,0,1,0,0,0,1,0,0,0,0,0,0,0,0,0,0,0,0,18,18,1,0,1,0,0,1,0,0,0,0,0,1,0,0,19.4311389923096,4.54493379592896,10.3728246688843,13.6402263641357,11,94,184,7,240,76.6666666666667
"1227",54,"WV",5,3,1993,0,0,0.957504739345626,13.1423,10.6307687759399,10.4630336761475,68.5029602050781,15.4834384918213,1,1,1816179,23.6775966430371,3.1379616216243,0.499069750283425,15.2040079749848,34.2803214881353,5.28074009572442,2.0075113741542,155.550196318755,0,7,0,0,1,0,0,0,1,0,0,0,0,0,0,0,0,0,0,0,0,18,18,1,0,1,0,0,1,0,0,0,0,0,1,0,0,19.2301788330078,4.55825138092041,10.446873664856,13.2390556335449,10,96,212,4,269,78.8104089219331
"1228",54,"WV",5,3,1994,0,1,1.13720724337225,13.3374,8.83846187591553,12.1474800109863,71.0016326904297,15.3348178863525,1,0,1818490,24.3431985241064,3.15426535202283,0.523566255519689,15.198598837497,34.043629604782,4.72324528691518,2.07809776242927,155.352517748242,1,11,1,0,1,0,0,0,1,0,9,0,0,0,0,0,0,0,0,0,0,18,18,1,0,1,0,0,1,0,0,0,0,0,1,0,0,18.9745674133301,4.59844160079956,10.4127559661865,12.9768886566162,13,86,183,10,258,70.9302325581395
"1229",54,"WV",5,3,1995,0,1,1.32212066616865,13.3701,7.8692307472229,12.4074878692627,72.6746520996094,14.0061264038086,1,1,1820560,25.0088004051759,3.16655314848179,0.534780507096717,15.2521202267434,33.8749066221382,3.72816010912544,2.13176165575427,153.738959441051,0,11,0,0,1,0,0,0,1,0,5,0,0,0,0,0,0,0,0,0,0,18,18,1,0,1,0,0,1,0,0,0,0,0,1,0,0,18.8994903564453,4.61260080337524,10.2852439880371,12.7958002090454,9,68,221,3,276,80.0724637681159
"1230",54,"WV",5,3,1996,0,0,1.43156917904126,13.5187,7.51538467407227,10.0284147262573,74.7060470581055,15.021764755249,1,0,1818983,25.6744022862451,3.16951835173831,0.546019396552909,15.2334024012319,33.3789815517792,2.96182048844808,2.19958075474042,152.820559620403,1,18,0,0,1,0,0,0,1,0,0,0,0,0,0,0,0,0,0,0,0,18,18,1,0,1,0,0,1,0,0,0,0,0,1,0,0,18.6583003997803,4.5383825302124,10.0999670028687,12.8240604400635,11,54,203,7,279,72.7598566308244
"1231",54,"WV",5,3,1997,0,0,1.61710696479598,13.7964,6.86153841018677,11.7108364105225,77.3340377807617,13.8401966094971,1,1,1815588,26.3400041673146,3.17269116121058,0.560810051619641,15.1944163543711,32.9892023961383,3.51708451279312,2.21526029033019,153.804167024677,0,10,0,0,1,1,0,0,1,0,0,0,0,0,0,0,0,0,0,0,0,18,18,1,0,1,0,0,1,0,0,0,0,0,1,0,0,18.5233135223389,4.4569525718689,9.92489242553711,12.7876062393188,7,64,179,5,262,68.3206106870229
"1232",54,"WV",5,3,1998,0,0,1.82868131819607,14.1557,6.61538457870483,11.0203161239624,76.4377059936523,13.0634288787842,1,0,1811688,27.0056060483839,3.16870233726779,0.562569272413352,15.1537130013556,32.6538565139251,3.24820825529375,2.18139105629667,152.373366716565,1,15,0,0,1,1,0,0,1,0,0,0,0,0,0,0,0,0,0,0,0,18,18,1,0,1,0,0,1,0,0,0,0,0,1,0,0,18.4231300354004,4.31265783309937,9.83945369720459,12.7159538269043,7,59,161,6,232,69.3965517241379
"1233",54,"WV",5,3,1999,0,0,1.9397563156916,14.2223,6.46153831481934,11.7866687774658,75.0670928955078,12.6936416625977,1,1,1806928,27.6712079294534,3.10515969645719,0.571688523283717,15.1027600435657,32.2591160245455,3.42201314825762,2.27291845607573,156.173903996175,1,9,0,0,1,1,0,0,1,0,0,0,0,0,0,0,0,0,0,0,0,18,18,1,0,1,0,0,1,0,0,0,0,0,1,0,0,18.2987728118896,4.15322017669678,9.70019340515137,12.6597375869751,11,62,169,7,229,73.7991266375546
"1234",54,"WV",5,3,2000,0,1,2.02709321031687,14.5771,5.48461532592773,11.7226448059082,77.0520172119141,12.9882154464722,1,0,1807021,28.3368098105228,3.19680844882268,0.683279275669735,15.332417276833,31.7688615682939,3.09675592696965,2.24015105524507,153.050794650422,2,18,0,0,1,1,0,0,1,0,9,0,0,0,0,0,0,0,0,0,0,18,18,1,0,1,0,0,1,0,0,0,0,0,1,0,0,18.1358165740967,4.05883502960205,9.57421112060547,12.5802631378174,6,56,173,4,245,70.6122448979592
"1235",54,"WV",5,3,2001,0,0,2.20873825480258,14.9403,5.00769233703613,12.1245069503784,79.4939346313477,11.8201341629028,1,1,1801481,28.8234525865901,3.20020027965879,0.729788435181942,15.3708532035586,31.6248686497387,2.10937556377225,2.2220606267843,153.341611707256,1,10,0,0,1,0,0,0,1,0,0,0,0,0,0,0,0,0,0,0,0,18,18,1,0,1,0,0,1,0,0,0,0,0,1,0,0,17.9804286956787,3.96301698684692,9.68142318725586,12.3493947982788,12,38,195,3,286,68.1818181818182
"1236",54,"WV",5,3,2002,0,0,2.40055743447209,15.2892,5.9153847694397,11.3742265701294,78.4787750244141,12.462007522583,1,0,1805414,29.3100953626573,3.21117483302999,0.777550190704182,15.371986702219,31.4702888091042,3.65567122000826,2.19284884242617,159.574479869991,5,12,0,0,1,0,0,0,1,0,0,0,0,0,0,0,0,0,0,0,0,18,18,1,0,1,0,0,1,0,0,0,0,0,1,0,0,17.8655967712402,3.93377923965454,9.67091178894043,12.291862487793,12,66,188,4,276,68.1159420289855
"1237",54,"WV",5,3,2003,0,0,2.54318419462615,15.2627,6.0461540222168,11.6482601165771,78.7165908813477,12.9678640365601,1,1,1812295,29.7967381387247,3.23197934111168,0.836839477016711,15.4072598555975,31.307375454879,3.3107192813532,2.25128911132018,145.028817052411,1,5,0,0,1,0,0,0,1,0,0,0,0,0,0,0,0,0,0,0,0,18,18,1,0,1,0,0,1,0,0,0,0,0,1,0,0,17.7858467102051,3.86956858634949,9.6519603729248,12.2704639434814,10,60,191,3,266,71.8045112781955
"1238",54,"WV",5,3,2004,0,1,2.6810714155947,15.3563,5.3230767250061,13.226993560791,80.9078521728516,12.8257570266724,1,0,1816438,30.2833809147919,3.25037243219972,0.891910431294655,15.4115362043736,31.1336252599869,2.86274565936189,2.24945745464475,158.606019032854,2,14,0,0,1,0,0,0,1,0,8,0,0,0,0,0,0,0,0,0,0,18,18,1,0,1,0,0,1,0,0,0,0,0,1,0,0,17.7391128540039,3.83365678787231,9.5608549118042,12.213794708252,5,52,192,1,285,67.3684210526316
"1239",54,"WV",5,3,2005,0,0,2.83384931106536,15.3647,5.1076922416687,12.8477811813354,82.467529296875,11.4918193817139,1,1,1820492,30.7700236908591,3.26488663504152,0.965288504426276,15.4497245799487,30.8356751911022,3.13102172379774,2.24994122467992,144.375806100768,2,14,1,0,1,0,0,0,1,0,0,0,0,0,0,0,0,0,0,0,0,18,18,1,0,1,0,0,1,0,0,0,0,0,1,0,0,17.5846424102783,3.86181306838989,9.38922023773193,12.2302103042603,13,57,188,2,255,73.7254901960784
"1240",54,"WV",5,3,2006,0,1,3.01163294513084,15.9236,4.93846130371094,13.1460428237915,81.4992904663086,11.9772577285767,1,0,1827912,31.2566664669265,3.31317919024548,1.04096914949954,15.5425972366285,30.5726424466823,3.11831204127989,2.30208018766768,139.077811185659,0,19,0,0,1,0,0,0,1,0,9,0,0,0,0,0,0,0,0,0,0,18,18,1,0,1,0,0,1,0,0,0,0,0,1,0,0,17.4665966033936,3.90407204627991,9.20197486877441,12.1273345947266,13,57,179,2,269,66.542750929368
"1241",54,"WV",5,3,2007,0,1,3.2081969322571,16.013,4.5846152305603,12.859411239624,82.560188293457,11.761999130249,1,1,1834052,31.7433092429937,3.34739691131985,1.09844213795465,15.6743102158499,30.3855070630495,2.50810773086041,2.29655429617045,129.960873519399,2,17,0,1,1,0,0,0,1,0,36,0,0,0,0,0,0,0,0,0,0,18,18,1,0,1,0,0,1,0,0,0,0,0,1,0,0,17.3695182800293,3.93091368675232,9.08507537841797,12.0417528152466,13,46,205,2,300,68.3333333333333
"1242",54,"WV",5,3,2008,0,1,3.27879542033679,16.3557,4.35384607315063,12.9234094619751,83.9961013793945,10.9661674499512,1,0,1840310,32.2299520190611,3.38301699170249,1.15279490955328,15.8622188652999,30.2329498834435,2.01053083447897,2.35612478332455,128.969032391282,2,20,0,0,1,0,0,0,1,0,6,0,0,0,0,0,0,0,0,0,0,18,18,1,0,1,0,0,1,0,0,0,0,0,1,0,0,17.3579444885254,3.84554767608643,9.02945709228516,11.9833612442017,26,37,172,1,261,65.9003831417624
"1243",54,"WV",5,3,2009,0,0,3.33698637550568,16.5523,7.72307682037354,12.6625804901123,83.3720474243164,11.1514463424683,1,1,1847775,32.7165947951283,3.43207371027317,1.19300239477209,15.9623871954107,30.147555844191,3.08479116775581,2.41371379091069,128.447998268187,1,13,0,0,1,0,0,0,1,0,0,0,0,0,0,0,0,0,0,0,0,18,18,1,0,1,0,0,1,0,0,0,0,0,1,0,0,17.296911239624,3.75738382339478,9.09326076507568,11.9676904678345,16,57,178,0,253,70.3557312252965
"1244",54,"WV",5,3,2010,0,1,3.49319589941839,16.5658,8.64615345001221,14.9360551834106,83.9512252807617,11.8335733413696,1,0,1854176,33.2032375711956,3.45733091141294,1.21040289594947,16.0667056417514,30.0155972248589,2.5364356279621,2.38111160968538,123.567018449166,1,17,0,0,1,0,0,0,1,0,13,0,0,0,0,0,0,0,0,0,0,18,18,1,0,1,0,0,1,0,0,0,0,0,1,0,0,17.2079677581787,3.67651176452637,9.13111782073975,11.917368888855,10,47,210,2,279,75.2688172043011
"1245",54,"WV",5,3,2011,1,1,3.6237548396696,17.1476,8.07692337036133,16.7348213195801,86.5090103149414,10.9279880523682,1,1,1854982,33.6898803472628,3.49216326627428,1.2813062336993,16.210345976403,29.9743609371951,3.28844161291053,2.38115518102062,126.250281673892,1,16,0,0,1,0,0,0,1,5,7,0.269544394500863,0.263888888888889,0,0,0,0,0,0,0,0,18,18,1,0,1,0,0,1,0,0,0,0,0,1,0,0,17.1367168426514,3.63572263717651,9.20192241668701,11.9154253005981,9,61,200,2,306,65.359477124183
"1246",54,"WV",5,3,2012,0,0,3.72512609673045,17.3866,7.49230766296387,15.0978908538818,87.9281845092773,10.759162902832,1,0,1856313,34.1765231233301,3.52569852174714,1.34341568474713,16.8047629898622,29.9341221011758,3.55543488625033,2.41069259332882,125.705632616913,4,19,2,0,1,0,0,0,1,0,0,0,0,5,1,0,0,0,0,0,0,18,18,1,0,1,0,0,1,0,0,0,0,0,1,0,0,17.1178569793701,3.57078790664673,9.2454776763916,11.8603382110596,2,66,198,3,326,60.7361963190184
"1247",54,"WV",5,3,2013,0,0,3.73274636584583,17.3273,6.74615383148193,15.5183343887329,87.8107223510742,9.94731903076172,1,1,1853595,34.6631658993973,3.58449391587699,1.40095328267502,17.2625627496837,29.8744331960326,2.31981635686328,2.42555682336217,119.66260159312,7,28,1,0,1,0,0,0,1,0,0,0,0,0,0,0,0,0,0,0,0,18,18,1,0,1,0,0,1,0,0,0,0,0,1,0,0,17.0605220794678,3.54473328590393,9.2691764831543,11.821891784668,2,43,225,3,323,69.6594427244582
"1248",54,"WV",5,3,2014,1,0,3.69988856017804,17.5843,6.51538467407227,13.3049459457397,87.043342590332,8.36149024963379,1,0,1850326,35.1498086754646,3.62492879633102,1.45093351117587,17.7596812669767,29.7599450042857,3.13458277081984,2.44119144410228,115.809862694466,3,28,0,1,1,0,0,0,1,4,0,0.216178122125507,0.236111111111111,0,0,0,0,0,0,0,0,18,18,1,0,1,0,0,1,0,0,0,0,0,1,0,0,17.0088405609131,3.5360255241394,9.21507930755615,11.8286724090576,1,58,217,3,359,60.4456824512535
"1249",55,"WI",3,2,1989,0,0,1.35280521766883,16.0815,4.3461537361145,7.27925872802734,81.1192245483398,13.5856609344482,1,1,4856575,50.3120935211386,4.94438880396395,1.85503119893522,13.2744784132851,37.1496167566649,2.22419516571181,2.61212891801321,150.243329918718,0,9,NA,NA,1,1,0,0,1,0,0,0,0,0,0,0,0,0,0,2,0,18,18,1,0,1,0,0,1,0,0,0,0,0,0,0,1,22.2676601409912,4.13433361053467,10.7478914260864,16.9880313873291,22,108,322,1,597,53.9363484087102
"1250",55,"WI",3,2,1990,0,0,1.45361378872827,15.9687,4.37692308425903,8.88782024383545,80.8365325927734,13.9691333770752,1,0,4902265,50.3850651982953,5.05892684300012,1.91664465303283,13.3086440655493,36.98755575229,2.94405257423664,2.67529397125614,151.192968964346,2,1,0,0,1,1,0,0,1,0,0,0,0,0,0,0,0,0,0,2,0,18,18,1,0,1,0,0,1,0,0,0,0,0,0,0,1,22.4893074035645,4.07512426376343,10.4131011962891,16.69482421875,18,144,347,3,620,55.9677419354839
"1251",55,"WI",3,2,1991,0,1,1.5464370264554,15.7261,5.5,9.39520263671875,80.0753707885742,13.5910911560059,1,1,4952675,50.6460855886534,5.14457338710899,1.97335783187873,13.3129672348781,36.6723639245458,2.79838708216205,2.79626666397452,155.78510602856,1,23,0,0,1,1,0,0,1,0,9,0,0,0,0,0,0,0,0,2,0,18,18,1,0,1,0,0,1,0,0,0,0,0,0,0,1,22.3965377807617,4.08944368362427,10.1445446014404,16.4192714691162,11,139,333,3,573,58.1151832460733
"1252",55,"WI",3,2,1992,0,0,1.58513026721624,16.2988,5.11538457870483,11.2683525085449,81.6189498901367,13.9293985366821,1,0,5004636,50.9071059790114,5.21782203540877,2.02961813806239,13.3227471488436,36.4367158770388,2.98320989805178,2.91489730721675,154.608447047897,3,2,0,0,1,1,0,0,1,0,0,0,0,0,0,0,0,0,0,2,0,18,18,1,0,1,0,0,1,0,0,0,0,0,0,0,1,22.3022537231445,4.17435598373413,9.89547538757324,16.051305770874,16,150,302,7,586,51.5358361774744
"1253",55,"WI",3,2,1993,0,0,1.62798858548562,16.4513,4.77692317962646,11.3209962844849,84.8060607910156,14.1713991165161,2,1,5055318,51.1681263693694,5.28214051025079,2.09854256448358,13.3489920911009,36.1391706713603,2.81001157999877,2.8328583879392,158.020326317751,3,22,2,0,0,1,0,1,1,0,0,0,0,0,0,0,0,0,0,2,0,18,18,1,0,1,0,0,1,0,0,0,0,0,0,0,1,22.0858898162842,4.214271068573,9.75034046173096,15.6990051269531,13,143,351,5,589,59.5925297113752
"1254",55,"WI",3,2,1994,0,1,1.76528170716773,16.8688,4.5230770111084,11.8947610855103,85.5365905761719,11.9305629730225,2,0,5095504,51.4291467597272,5.36296311414926,2.19593586816927,13.3228430396679,35.9380347851753,2.80259403432827,2.93808031550952,151.753585121315,4,12,1,0,0,1,0,1,1,0,4,0,0,0,0,0,0,0,0,2,0,18,18,1,0,1,0,0,1,0,0,0,0,0,0,0,1,21.9327735900879,4.3273458480835,9.57315635681152,15.3297691345215,31,144,338,5,592,57.0945945945946
"1255",55,"WI",3,2,1995,0,0,1.93692665997535,17.0675,3.79999995231628,10.6853666305542,86.5743789672852,12.5244569778442,0,1,5137004,51.6901671500852,5.42627570467144,2.28537879277493,13.3371903156003,35.6332990980735,2.83226734754117,2.96398445475223,152.618724844287,3,19,0,0,0,1,1,0,1,0,0,0,0,0,0,0,0,0,0,2,0,18,18,1,0,1,0,0,1,0,0,0,0,0,0,0,1,21.6153984069824,4.44797086715698,9.43771457672119,14.9902715682983,13,147,344,9,622,55.3054662379421
"1256",55,"WI",3,2,1996,0,1,2.1960529031889,17.3849,3.6076922416687,10.2924938201904,88.6945037841797,12.1981916427612,0,0,5173828,51.9511875404432,5.50379718846471,2.36627502885678,13.3036506045427,35.3272663876727,2.65433273989582,3.0010661351711,157.158490773176,1,5,0,0,0,1,1,0,1,0,9,0,0,0,0,0,0,0,0,2,0,18,18,1,0,1,0,0,1,0,0,0,0,0,0,0,1,21.3276863098145,4.54001235961914,9.31748199462891,14.7061958312988,15,139,340,3,601,56.5723793677205
"1257",55,"WI",3,2,1997,0,0,2.70103178029454,17.9015,3.56153845787048,12.6983690261841,87.1466674804688,12.0848226547241,2,1,5200235,52.2122079308012,5.533230709766,2.46886919533444,13.2637275046224,35.3190961562314,2.38954471776917,3.0327475585238,142.175305539077,1,9,0,0,0,1,0,1,1,0,0,0,0,0,0,0,0,0,0,2,0,18,18,1,0,1,0,0,1,0,0,0,0,0,0,0,1,21.1936550140381,4.62588596343994,9.34286212921143,14.2455883026123,10,126,279,5,576,48.4375
"1258",55,"WI",3,2,1998,0,0,3.2283798699533,18.7386,3.35384607315063,10.6625118255615,87.9803771972656,12.6566600799561,2,0,5222124,52.4732283211592,5.54946607931945,2.57489098305594,13.2321254723174,35.3721206160558,2.14948904382808,3.18050662910341,142.215887634993,2,2,0,0,0,1,0,1,1,0,0,0,0,0,0,0,0,0,0,2,0,18,18,1,0,1,0,0,1,0,0,0,0,0,0,0,1,21.1095371246338,4.6169900894165,9.50564670562744,13.7781648635864,16,114,313,3,594,52.6936026936027
"1259",55,"WI",3,2,1999,0,0,3.62769181894262,18.9587,3.11538457870483,12.205864906311,86.7533340454102,13.9904794692993,2,1,5250446,52.7342487115171,5.58746818841676,2.67091595647303,13.1685765361647,35.3605198491709,2.40030033757974,3.1589697332379,146.543741236459,0,13,0,0,0,1,0,1,1,0,0,0,0,0,0,0,0,0,0,2,0,18,18,1,0,1,0,0,1,0,0,0,0,0,0,0,1,21.0630855560303,4.57172822952271,9.64001846313477,13.3767986297607,15,128,299,3,593,50.4215851602024
"1260",55,"WI",3,2,2000,0,0,3.76460806933533,19.3851,3.5230770111084,11.0337810516357,86.7010955810547,11.7173557281494,2,0,5373999,52.9952691018751,5.77744804195163,3.6354863482483,13.0879629862231,35.2306541180972,2.08812055167399,3.13249034843512,143.885214716266,1,4,0,0,0,1,0,1,1,0,0,0,0,0,0,0,0,0,0,2,0,18,18,1,0,1,0,0,1,0,0,0,0,0,0,0,1,20.9413890838623,4.55991888046265,9.72934722900391,13.102198600769,13,112,304,0,590,51.5254237288136
"1261",55,"WI",3,2,2001,0,1,3.82959716728918,19.5465,4.5230770111084,9.84932136535645,87.0463409423828,12.0282564163208,2,1,5406835,53.2758192307379,5.86041556659303,3.87973740644943,13.0372944615473,35.1785471537415,2.47834453982783,3.06815355008984,141.129329820496,0,14,0,0,0,1,0,1,1,0,5,0,0,0,0,0,0,0,0,2,0,18,18,1,0,1,0,0,1,0,0,0,0,0,0,0,1,20.7221794128418,4.57160234451294,9.88476657867432,12.8023138046265,15,134,317,4,639,49.6087636932707
"1262",55,"WI",3,2,2002,0,0,3.92219735611172,19.6464,5.37692308425903,10.2089729309082,86.811653137207,11.3147859573364,2,0,5445162,53.5563693596006,5.94048441533971,4.11367007997191,13.0117524510749,35.086743057415,2.24052103500318,2.91047355432217,126.552524975382,1,5,0,0,0,1,0,1,1,0,0,0,0,0,0,0,0,0,0,2,0,18,18,1,0,1,0,0,1,0,0,0,0,0,0,0,1,20.4960479736328,4.57786178588867,10.0128335952759,12.5898914337158,8,122,308,0,627,49.1228070175439
"1263",55,"WI",3,2,2003,0,1,3.99145642167301,19.753,5.69999980926514,11.5318641662598,88.6440734863281,10.9885015487671,0,1,5479203,53.8369194884632,6.00616549523717,4.3339332381005,13.0153600806541,34.9658335345487,2.55511613641619,3.2150661327934,130.712441207234,2,12,0,0,0,0,1,0,1,0,6,0,0,0,0,0,0,0,0,2,0,18,18,1,0,1,0,0,1,0,0,0,0,0,0,0,1,20.2854137420654,4.50842952728271,10.1719903945923,12.4396562576294,11,140,310,1,647,47.9134466769706
"1264",55,"WI",3,2,2004,1,0,4.01521501712179,20.0812,5.0230770111084,10.5664978027344,88.7650756835938,9.42249488830566,0,0,5514026,54.1174696173259,6.05943823986321,4.55197345823179,13.0266161240444,34.7860891479293,1.68660793402135,3.26023127203245,124.972025884535,4,1,1,0,0,0,1,0,1,6,0,0.108813415098152,0.0972222222222222,0,0,0,0,0,0,2,0,18,18,1,0,1,0,0,1,0,0,0,0,0,0,0,1,20.0964775085449,4.47074413299561,10.2188673019409,12.3261117935181,6,93,308,4,662,46.5256797583082
"1265",55,"WI",3,2,2005,1,1,3.9791452329411,19.9895,4.7384614944458,10.1292629241943,90.4458312988281,10.9874353408813,0,1,5546166,54.3980197461887,6.12383401434432,4.78746939777857,13.054495664212,34.5356413782061,2.86684531259973,3.24566556428351,129.134252382637,1,18,0,0,0,0,1,0,1,7,9,0.126213315649045,0.572222222222222,0,0,6,1,0,0,2,0,18,18,1,0,1,0,0,1,0,0,0,0,0,0,0,1,19.8540935516357,4.48462963104248,10.1969184875488,12.2282133102417,7,159,302,2,643,46.9673405909798
"1266",55,"WI",3,2,2006,0,0,3.99433095091037,20.4452,4.7384614944458,11.5131740570068,91.0571060180664,10.7335109710693,0,0,5577655,54.6785698750513,6.19452081564744,5.03188167787359,13.1051131703198,34.3042371749418,1.97215496476566,3.24706350607917,129.589047727047,5,4,0,0,0,0,1,0,1,0,0,0,0,0,0,7,1,0,0,2,0,18,18,1,0,1,0,0,1,0,0,0,0,0,0,0,1,19.6993713378906,4.48256492614746,10.1223001480103,12.1578330993652,5,110,299,1,670,44.6268656716418
"1267",55,"WI",3,2,2007,1,0,4.00408143260067,20.6416,4.90000009536743,11.3086280822754,91.7317657470703,9.32550716400146,2,1,5610775,54.959120003914,6.26483863637376,5.28001924867777,13.2043790741921,33.996444341468,2.35261617156275,3.33857622164496,127.185638347644,1,11,0,0,0,0,0,1,1,6,0,0.106937098707398,0.35,0,0,0,0,0,0,2,0,18,18,1,0,1,0,0,1,0,0,0,0,0,0,0,1,19.6046714782715,4.43658876419067,9.95518398284912,12.2679843902588,8,132,338,4,729,46.3648834019204
"1268",55,"WI",3,2,2008,0,1,3.96791630414203,20.4363,4.90769243240356,11.6358213424683,90.7228393554688,8.66658973693848,2,0,5640996,55.2396701327767,6.3360264747573,5.51172168886487,13.3994422261601,33.7047571031782,1.43591663599832,3.30615373597145,127.965167853337,1,5,0,1,0,0,0,1,1,0,5,0,0,0,0,0,0,6,1,2,0,18,18,1,0,1,0,0,1,0,0,0,0,0,0,0,1,19.5196552276611,4.33380889892578,9.85129261016846,12.4391508102417,8,81,344,2,743,46.2987886944818
"1269",55,"WI",3,2,2009,0,0,3.96153715896808,20.323,8.57692337036133,11.1904430389404,90.2197875976562,8.78044319152832,1,1,5669264,55.5202202616395,6.40333560052945,5.74464339639149,13.545603097686,33.4465637867632,1.81681431663793,3.37892184946759,127.327109832952,1,18,0,0,1,0,0,0,1,0,0,0,0,0,0,0,0,0,0,2,0,18,18,1,0,1,0,0,1,0,0,0,0,0,0,0,1,19.4553833007812,4.22337007522583,9.7678108215332,12.5892705917358,1,103,345,4,724,47.6519337016575
"1270",55,"WI",3,2,2010,0,0,3.9131571935089,20.1761,8.66923046112061,12.3978309631348,90.7102737426758,9.76481246948242,1,0,5689268,55.8007703905021,6.46279978373316,5.93559663563045,13.7027118427186,33.1472871378181,1.86390471156426,3.41397170954154,126.799967939637,1,6,1,0,1,0,0,0,1,0,0,0,0,0,0,0,0,0,0,2,0,18,18,1,0,1,0,0,1,0,0,0,0,0,0,0,1,19.3455295562744,4.13907384872437,9.66268444061279,12.71471118927,4,106,378,4,793,47.6670870113493
"1271",55,"WI",3,2,2011,0,1,3.86334395147129,20.5949,7.7615385055542,11.7682399749756,92.3140869140625,10.0178737640381,0,1,5708785,56.0813205193648,6.50406347410176,6.07539082309108,13.9115591145927,32.8937768719614,1.50645014657234,3.32259841630049,125.509018118566,4,20,1,1,0,1,1,0,1,0,7,0,0,0,0,0,0,0,0,2,0,18,18,1,0,1,0,0,1,0,0,0,0,0,0.167123287916183,0,0.832876741886139,19.1826114654541,4.04203367233276,9.66913318634033,12.7919340133667,4,86,351,1,745,47.1140939597315
"1272",55,"WI",3,2,2012,1,1,3.84269526320864,21.0158,7.03846168518066,10.5284156799316,92.172737121582,9.66610717773438,0,0,5724888,56.3618706482274,6.53684403956898,6.21109094186646,14.3998974303078,32.7095831394431,2.20091641967494,3.25560954205567,125.462891151757,2,2,0,1,0,1,1,0,1,6,10,0.104805543794045,1.13611111111111,0,0,0,0,0,0,2,0,18,18,1,0,1,0,0,1,0,0,0,0,0,1,0,0,19.0203018188477,3.96505570411682,9.72422504425049,12.7754983901978,1,126,348,2,723,48.1327800829876
"1273",55,"WI",3,2,2013,0,1,3.81197617323353,21.0874,6.75384616851807,11.6536531448364,92.9404220581055,8.50006866455078,0,1,5742953,56.6424207770901,6.55458959876565,6.34037924391859,14.8005912637627,32.5320788799769,2.00245413814113,3.13236065139311,122.647181685102,3,15,0,0,0,1,1,0,1,0,6,0,0,0,0,6,1,0,0,2,0,18,18,1,0,1,0,0,1,0,0,0,0,0,1,0,0,18.8431797027588,3.92254638671875,9.7663516998291,12.739839553833,10,115,437,1,850,51.4117647058824
"1274",55,"WI",3,2,2014,0,1,3.80212881697885,21.395,5.49230766296387,11.4659461975098,92.9803771972656,8.24543952941895,0,0,5757564,56.9229709059528,6.57441237301053,6.46537320297265,15.2124752760021,32.3663445165351,2.10158323902261,3.17564859027186,122.338544565028,4,5,1,0,0,1,1,0,1,0,4,0,0,0,0,0,0,0,0,2,0,18,18,1,0,1,0,0,1,0,0,0,0,0,1,0,0,18.6735916137695,3.90868425369263,9.78406810760498,12.6863031387329,6,121,352,2,769,45.7737321196359
"1275",56,"WY",8,4,1989,0,0,2.14888617884405,15.0774,6.14615392684937,11.1115074157715,85.6334609985352,17.1546821594238,0,1,458377,25.1539863857373,0.809377433859029,5.62222799136955,10.0218815516485,39.4278072416373,1.5287314149938,3.95307792493951,318.401665005007,NA,NA,NA,NA,0,0,1,0,1,0,0,0,0,0,0,0,0,0,0,0,0,0,0,0,0,0,0,0,1,0,0,0,0,0,0,0,1,25.6045246124268,4.61564302444458,9.21121501922607,16.7214260101318,1,7,70,3,82,85.3658536585366
"1276",56,"WY",8,4,1990,0,0,2.35553075533578,15.6219,5.30000019073486,9.19603824615479,86.3733978271484,18.3250865936279,0,0,453401,25.1633641101616,0.821347989969144,5.70444264569333,10.4322663602418,39.1937821045829,4.18925742104903,4.00528450532751,323.016490920841,0,1,0,0,0,0,1,0,1,0,0,0,0,0,0,0,0,0,0,0,0,0,0,0,0,0,0,0,1,0,0,0,0,0,0,0,1,25.3038425445557,4.68976593017578,9.1785135269165,16.1894683837891,4,19,67,0,81,82.7160493827161
"1277",56,"WY",8,4,1991,0,0,2.41185479061212,15.5484,5.22307682037354,10.3053522109985,85.3226928710938,18.5196628570557,0,1,457739,25.1971611588504,0.82142880549833,5.78714070682201,10.59424693985,39.1876156499665,2.3947924150393,4.09840542317784,334.454787553606,0,4,0,0,0,0,1,0,1,0,0,0,0,0,0,0,0,0,0,0,0,0,0,0,0,0,0,0,1,0,0,0,0,0,0,0,1,25.0219917297363,4.7476372718811,9.26838874816895,15.3738622665405,7,11,66,0,87,75.8620689655172
"1278",56,"WY",8,4,1992,0,0,2.33229987205793,15.7482,5.59230756759644,10.5808544158936,86.5836639404297,17.2920436859131,0,0,463491,25.2309582075391,0.858916354362868,5.76278719543637,10.7024731871816,39.1535110714124,1.5007836234491,4.0324407593675,349.66590505533,0,0,0,0,0,0,1,0,1,0,0,0,0,0,0,0,0,0,0,0,0,0,0,0,0,0,0,0,1,0,0,0,0,0,0,0,1,24.585470199585,4.86390399932861,9.44298267364502,14.5606126785278,10,7,64,0,84,76.1904761904762
"1279",56,"WY",8,4,1993,0,1,2.33672257602344,15.9135,5.3461537361145,11.4981851577759,88.9781341552734,16.1959457397461,0,1,469033,25.2647552562278,0.828726336952837,5.80769370172248,10.860429863144,39.1042847731396,2.11314630579763,3.57757343299938,434.476891817846,2,3,2,0,0,0,1,0,1,0,4,0,0,0,0,0,0,0,0,0,0,0,0,0,0,0,0,0,1,0,0,0,0,0,0,0,1,24.1102466583252,4.94566488265991,9.66874599456787,13.8551330566406,7,10,78,0,105,74.2857142857143
"1280",56,"WY",8,4,1994,0,0,2.46956726781225,15.9888,4.9769229888916,12.6380233764648,85.7462615966797,16.5895328521729,0,0,474982,25.2985523049165,0.817504663334611,5.80232514074217,10.9509412988282,38.9835825357592,3.3307450668543,3.38960213229133,286.387694691588,0,4,0,0,0,0,1,0,1,0,0,0,0,0,0,0,0,0,0,0,0,0,0,0,0,0,0,0,1,0,0,0,0,0,0.252054780721664,0,0.747945189476013,23.5902576446533,5.08720922470093,9.82066822052002,13.2632217407227,5,16,77,0,107,71.9626168224299
"1281",56,"WY",8,4,1995,0,0,2.72966493676416,16.1081,4.80000019073486,10.6604871749878,89.2633056640625,15.690128326416,0,1,478447,25.3323493536053,0.828722930648536,5.7922821127523,11.1025881654603,38.728845619264,1.03052837250715,3.43193707976014,261.44588637822,4,2,1,0,0,1,1,0,1,0,0,0,0,0,0,0,0,0,0,0,0,0,0,0,0,0,0,0,1,0,0,0,0,0,1,0,0,22.9530467987061,5.24074554443359,9.93095016479492,12.8031988143921,6,5,60,1,82,73.1707317073171
"1282",56,"WY",8,4,1996,0,0,2.9911369861587,16.233,4.93076944351196,10.6152906417847,90.1553421020508,13.7296047210693,0,0,480085,25.366146402294,0.838184904756449,5.75710551256548,11.2265536311278,38.4523573950446,2.66301764966159,3.78891238009936,264.551069081517,0,0,0,0,0,1,1,0,1,0,0,0,0,0,0,0,0,0,0,0,0,0,0,0,0,0,0,0,1,0,0,0,0,0,1,0,0,22.4560451507568,5.34140968322754,9.95806789398193,12.4750337600708,4,13,66,2,88,75
"1283",56,"WY",8,4,1997,0,0,3.15187977443123,16.9481,4.7846155166626,12.1589946746826,91.2825012207031,15.0376873016357,0,1,480031,25.3999434509827,0.816822246896555,5.93336680339395,11.3969722788737,38.2333640952355,2.24664942873832,3.85391776781083,238.803327285113,1,2,0,0,0,1,1,0,1,0,0,0,0,0,0,0,0,0,0,0,0,0,0,0,0,0,0,0,1,0,0,0,0,0,1,0,0,22.0371398925781,5.40728282928467,9.99385070800781,12.1728219985962,5,11,70,0,95,73.6842105263158
"1284",56,"WY",8,4,1998,0,1,3.24969534106178,17.7044,4.69999980926514,12.7202835083008,89.9641189575195,15.8447160720825,0,0,480045,25.4337404996715,0.857211303107,6.01297794998386,11.503088252143,38.0041454446979,1.42582453395907,3.67048922496849,273.913903904842,0,0,0,0,0,1,1,0,1,0,5,0,0,0,0,0,0,0,0,0,0,0,0,0,0,0,0,0,1,0,0,0,0,0,1,0,0,21.660924911499,5.35731363296509,10.1767158508301,12.0712242126465,4,7,57,1,87,65.5172413793103
"1285",56,"WY",8,4,1999,0,1,3.41950200374477,18.4569,4.63846158981323,12.2732486724854,90.7128067016602,14.8134498596191,0,1,479602,25.4675375483602,0.877811185107652,6.0512675093098,11.599201004166,37.6543467291629,1.01671479116678,3.79272813708033,285.103064624418,0,0,0,0,0,1,1,0,1,0,13,0,0,0,0,0,0,0,0,0,0,0,0,0,0,0,0,0,1,0,0,0,0,0,1,0,0,21.338809967041,5.25702571868896,10.1376628875732,12.002724647522,4,5,63,0,98,64.2857142857143
"1286",56,"WY",8,4,2000,0,0,3.42909164475015,19.0856,3.90769243240356,12.0265398025513,89.9655456542969,14.0669164657593,0,0,494300,25.5013345970489,0.79708678939915,6.4735990289298,11.7102973902488,36.1952255715153,1.01259260159342,3.65769775440016,298.231843010318,0,1,0,0,0,1,1,0,1,0,0,0,0,0,0,0,0,0,0,0,0,0,0,0,0,0,0,0,1,0,0,0,0,0,1,0,0,20.8945980072021,5.15719175338745,10.1434354782104,12.0360107421875,3,5,50,0,83,60.2409638554217
"1287",56,"WY",8,4,2001,0,1,3.40033599039334,19.694,3.82307696342468,11.6363859176636,90.1629028320312,13.7107028961182,0,1,494657,25.4020462012694,0.845232150763054,6.66239434598115,11.8273874624235,35.9889782212725,1.61728227842727,4.05533531315639,280.897672528641,2,2,0,0,0,1,1,0,1,0,4,0,0,0,0,0,0,0,0,0,0,0,0,0,0,0,0,0,1,0,0,0,0,0,1,0,0,20.468729019165,5.04632520675659,10.4739246368408,11.8504333496094,0,8,61,0,83,73.4939759036145
"1288",56,"WY",8,4,2002,0,0,3.41988372395339,19.803,4.03846168518066,12.7751903533936,91.5500106811523,13.9091806411743,0,0,500017,25.3027578054898,0.856970862990658,6.85056708071926,11.8273978684725,35.8869798426853,1.59994560184954,3.97786475259841,275.206642974139,0,5,0,0,0,1,1,0,1,0,0,0,0,0,0,0,0,0,0,0,0,0,0,0,0,0,0,0,1,0,0,0,0,0,1,0,0,20.2039127349854,4.89423370361328,10.7888336181641,11.901195526123,4,8,82,1,105,78.0952380952381
"1289",56,"WY",8,4,2003,0,1,3.58325404754764,20.5773,4.27692317962646,13.7214689254761,90.9034423828125,13.0864124298096,0,1,503453,25.2034694097103,0.860060422720691,7.03620794791172,11.9564289020028,35.7373975326396,1.39039791201959,4.1791388669846,273.465447618745,2,2,0,0,0,0,1,0,1,0,4,0,0,0,0,0,0,0,0,0,0,0,0,0,0,0,0,0,1,0,0,0,0,0,1,0,0,19.9833946228027,4.68266153335571,11.0713415145874,11.8428134918213,4,7,75,1,109,68.8073394495413
"1290",56,"WY",8,4,2004,0,0,3.78310214375788,21.4421,3.80769228935242,12.3194675445557,91.8961029052734,12.4268846511841,0,0,509106,25.1041810139308,0.889795052503801,7.26783813194109,12.0163580865281,35.5411250309366,0.982113744485431,3.86167124331672,270.293416302302,2,2,0,1,0,0,1,0,1,0,0,0,0,0,0,0,0,0,0,0,0,0,0,0,0,0,0,0,1,0,0,0,0,0,1,0,0,19.8290729522705,4.52224111557007,11.1898107528687,11.9886627197266,2,5,48,0,88,54.5454545454545
"1291",56,"WY",8,4,2005,0,0,3.91514654084258,22.7914,3.58461546897888,12.2581949234009,90.8756408691406,12.4463529586792,0,1,514157,25.0048926181513,0.889611538887927,7.50315565090041,12.0949437623138,35.1478244971867,2.13942433925824,3.48531674177343,267.772295232779,0,1,0,0,0,0,1,0,1,0,0,0,0,0,0,0,0,0,0,0,0,0,0,0,0,0,0,0,1,0,0,0,0,0,1,0,0,19.6805648803711,4.44086122512817,11.0263986587524,12.1838274002075,4,11,56,0,90,62.2222222222222
"1292",56,"WY",8,4,2006,0,0,3.97958929873131,24.9882,3.17692303657532,13.1806316375732,91.1396484375,14.3522682189941,0,0,522667,24.9056042223717,0.89368565453721,7.73590067863477,12.1128749280134,34.8437915537044,0.956632042964258,3.5624977279989,261.809144254372,0,3,0,0,0,0,1,0,1,0,0,0,0,0,0,0,0,0,0,0,0,0,0,0,0,0,0,0,1,0,0,0,0,0,1,0,0,19.601390838623,4.41485691070557,10.8275442123413,12.4082832336426,2,5,72,1,116,62.0689655172414
"1293",56,"WY",8,4,2007,0,1,3.92427403734697,25.0767,2.81538462638855,12.511287689209,90.7810363769531,13.4995412826538,0,1,534876,24.8063158265922,0.924513345149156,8.04335958240789,12.1082269535369,34.6538263074058,1.49567376363867,3.91118689191514,259.992970333311,2,1,0,0,0,0,1,0,1,0,17,0,0,0,0,0,0,0,0,0,0,0,0,0,0,0,0,0,1,0,0,0,0,0,1,0,0,19.7647686004639,4.30810117721558,10.5809574127197,12.7973585128784,0,8,67,0,101,66.3366336633663
"1294",56,"WY",8,4,2008,0,0,3.81654924612164,25.8745,3.05384612083435,14.0078840255737,90.6925506591797,11.141411781311,0,0,546043,24.7070274308127,0.899929126460737,8.41490505326504,12.2111262299856,34.5192594722394,0.732543041482081,3.71582457791786,267.290304975982,3,3,0,1,0,0,1,0,1,0,0,0,0,0,0,0,0,0,0,0,0,0,0,0,0,0,0,0,1,0,0,0,0,0,1,0,0,19.9176616668701,4.1667046546936,10.4348926544189,13.0832185745239,0,4,87,2,124,70.1612903225807
"1295",56,"WY",8,4,2009,0,0,3.71348805307126,23.0278,6.3230767250061,14.1951713562012,91.3513565063477,12.3183269500732,0,1,559851,24.6077390350332,0.964899589355025,8.71106776624495,12.2545105751352,34.3655722683357,1.78618953971682,3.70098472629325,260.697935700749,1,2,0,0,0,0,1,0,1,0,0,0,0,0,0,0,0,0,0,0,0,0,0,0,0,0,0,0,1,0,0,0,0,0,1,0,0,20.0755195617676,4.03089380264282,10.2591581344604,13.6132650375366,4,10,82,0,111,73.8738738738739
"1296",56,"WY",8,4,2010,0,0,3.7086388427204,23.4566,6.4538459777832,14.35191822052,91.9301147460938,12.8900136947632,0,0,564358,24.5084506392537,0.919629029800233,8.95973832212886,12.5101442701264,33.9500813313535,0.887113085627704,3.47651667912921,265.046300397974,2,3,0,0,0,0,1,0,1,0,0,0,0,0,0,0,0,0,0,0,0,0,0,0,0,0,0,0,1,0,0,0,0,0,1,0,0,20.0985908508301,3.88494539260864,9.96654605865479,13.8038263320923,4,5,83,0,131,63.3587786259542
"1297",56,"WY",8,4,2011,0,0,3.78238679705654,24.8775,5.80769205093384,14.6735429763794,91.289436340332,12.9324750900269,0,1,567631,24.4091622434742,1.01245351293358,9.12177100968763,12.7133648444148,33.8119306380377,2.11404944409308,3.88808926926119,238.422496304818,2,6,0,0,0,1,1,0,1,0,0,0,0,0,0,0,0,0,0,0,0,0,0,0,0,0,0,0,1,0,0,0,0,0.504109561443329,0.495890408754349,0,0,20.062328338623,3.79172396659851,9.95787715911865,13.9410991668701,0,12,84,0,132,63.6363636363636
"1298",56,"WY",8,4,2012,0,1,3.80139817955843,25.9606,5.3230767250061,15.5817594528198,90.9590530395508,11.537971496582,0,0,576893,24.3098738476947,1.49715805183977,9.53643049924336,13.1055499026683,33.7294784301422,1.04005422149341,3.59512075896223,246.581255102766,0,5,0,0,0,1,1,0,1,0,12,0,0,0,0,0,0,0,0,0,0,0,0,0,0,0,0,0,1,0,0,0,0,1,0,0,0,19.8887844085693,3.79342436790466,10.0472707748413,14.0221843719482,7,6,102,2,171,59.6491228070175
"1299",56,"WY",8,4,2013,0,0,3.8698748163224,25.76,4.7384614944458,12.8504590988159,93.0158004760742,11.9484977722168,0,1,583223,24.2105854519152,1.75250290197746,9.68531762293325,13.5030682946317,33.7203779686329,1.54314901847149,3.92817155702021,245.454997488096,0,4,0,0,0,1,1,0,1,0,0,0,0,0,0,0,0,0,0,0,0,0,0,0,0,0,0,0,1,0,0,0,0,1,0,0,0,19.809232711792,3.82855272293091,10.0825929641724,14.0299682617188,2,9,89,2,129,68.9922480620155
"1300",56,"WY",8,4,2014,0,0,4.01607113204931,26.3016,4.31538486480713,13.4169464111328,92.93896484375,12.2429552078247,0,0,584153,24.1112970561356,1.55986530925973,9.76884480606964,13.9759617771372,33.5127954491375,1.54069225014679,3.34843782365237,233.90447365673,0,3,0,0,0,1,1,0,1,0,0,0,0,0,0,0,0,0,0,0,0,0,0,0,0,0,0,0,1,0,0,0,0,1,0,0,0,19.7751274108887,3.90411424636841,9.8335542678833,14.1444110870361,3,9,78,1,120,65
